timestamp,switch_id,port,rx_packets,tx_packets,rx_bytes,tx_bytes,rx_pps,tx_pps,rx_mbps,tx_mbps,active_flows,new_flows_per_second,packet_in_per_second
2026-10-05T14:09:27.648860+00:00,1,4294967294,0,0,0,0,0.0,0.0,0.0,0.0,0,0.0,8.0
2026-10-05T14:09:27.648860+00:00,1,1,1,3,90,266,0.0,0.0,0.0,0.0,0,0.0,8.0
2026-10-05T14:09:27.648860+00:00,1,2,2,3,180,266,0.0,0.0,0.0,0.0,0,0.0,8.0
2026-10-05T14:09:27.648860+00:00,1,3,2,1,176,90,0.0,0.0,0.0,0.0,0,0.0,8.0
2026-10-05T14:09:27.648860+00:00,2,4294967294,0,0,0,0,0.0,0.0,0.0,0.0,0,0.0,6.0
2026-10-05T14:09:27.648860+00:00,2,1,1,2,90,176,0.0,0.0,0.0,0.0,0,0.0,6.0
2026-10-05T14:09:27.648860+00:00,2,2,2,2,180,176,0.0,0.0,0.0,0.0,0,0.0,6.0
2026-10-05T14:09:27.648860+00:00,2,3,1,3,90,266,0.0,0.0,0.0,0.0,0,0.0,6.0
2026-10-05T14:09:27.648860+00:00,3,4294967294,0,0,0,0,0.0,0.0,0.0,0.0,0,0.0,6.0
2026-10-05T14:09:27.648860+00:00,3,1,3,1,266,90,0.0,0.0,0.0,0.0,0,0.0,6.0
2026-10-05T14:09:27.648860+00:00,3,2,2,1,176,90,0.0,0.0,0.0,0.0,0,0.0,6.0
2026-10-05T14:09:28.650836+00:00,1,4294967294,0,0,0,0,0.0,0.0,0.0,0.0,0,0.0,5.992296094408354
2026-10-05T14:09:28.650836+00:00,1,1,3,5,266,426,1.9974320314694511,1.9974320314694511,0.0014061921501544938,0.0012783565001404488,0,0.0,5.992296094408354
2026-10-05T14:09:28.650836+00:00,1,2,3,5,266,426,0.9987160157347256,1.9974320314694511,0.0006871166188254912,0.0012783565001404488,0,0.0,5.992296094408354
2026-10-05T14:09:28.650836+00:00,1,3,5,3,426,266,2.996148047204177,1.9974320314694511,0.001997432031469451,0.0014061921501544938,0,0.0,5.992296094408354
2026-10-05T14:09:28.650836+00:00,2,4294967294,0,0,0,0,0.0,0.0,0.0,0.0,0,0.0,6.994969434838198
2026-10-05T14:09:28.650836+00:00,2,1,3,3,266,266,1.9985626956680564,0.9992813478340282,0.0014069881377503119,0.0007194825704405003,0,0.0,6.994969434838198
2026-10-05T14:09:28.650836+00:00,2,2,3,5,266,426,0.9992813478340282,2.9978440435020848,0.0006875055673098115,0.0019985626956680563,0,0.0,6.994969434838198
2026-10-05T14:09:28.650836+00:00,2,3,3,5,266,426,1.9985626956680564,1.9985626956680564,0.0014069881377503119,0.0012790801252275561,0,0.0,6.994969434838198
2026-10-05T14:09:28.650836+00:00,3,4294967294,0,0,0,0,0.0,0.0,0.0,0.0,0,0.0,3.9972917588795047
2026-10-05T14:09:28.650836+00:00,3,1,5,3,426,266,1.9986458794397524,1.9986458794397524,0.0012791333628414416,0.0014070466991255857,0,0.0,3.9972917588795047
2026-10-05T14:09:28.650836+00:00,3,2,3,3,266,266,0.9993229397198762,1.9986458794397524,0.0007195125165983108,0.0014070466991255857,0,0.0,3.9972917588795047
2026-10-05T14:09:29.652481+00:00,1,4294967294,0,0,0,0,0.0,0.0,0.0,0.0,0,0.0,0.9989261723459896
2026-10-05T14:09:29.652481+00:00,1,1,5,6,426,516,1.9978523446919791,0.9989261723459896,0.0012786255006028667,0.0007192268440891125,0,0.0,0.9989261723459896
2026-10-05T14:09:29.652481+00:00,1,2,6,6,516,516,2.996778517037969,0.9989261723459896,0.001997852344691979,0.0007192268440891125,0,0.0,0.9989261723459896
2026-10-05T14:09:29.652481+00:00,1,3,6,6,516,516,0.9989261723459896,2.996778517037969,0.0007192268440891125,0.001997852344691979,0,0.0,0.9989261723459896
2026-10-05T14:09:29.652481+00:00,2,4294967294,0,0,0,0,0.0,0.0,0.0,0.0,0,0.0,1.9981242848022895
2026-10-05T14:09:29.652481+00:00,2,1,5,6,426,516,1.9981242848022895,2.9971864272034345,0.0012787995422734652,0.0019981242848022894,0,0.0,1.9981242848022895
2026-10-05T14:09:29.652481+00:00,2,2,5,6,426,516,1.9981242848022895,0.9990621424011448,0.0012787995422734652,0.0007193247425288243,0,0.0,1.9981242848022895
2026-10-05T14:09:29.652481+00:00,2,3,6,6,516,516,2.9971864272034345,0.9990621424011448,0.0019981242848022894,0.0007193247425288243,0,0.0,1.9981242848022895
2026-10-05T14:09:29.652481+00:00,3,4294967294,0,0,0,0,0.0,0.0,0.0,0.0,0,0.0,0.0
2026-10-05T14:09:29.652481+00:00,3,1,6,5,516,426,0.9991239900680337,1.9982479801360673,0.0007193692728489843,0.0012788787072870833,0,0.0,0.0
2026-10-05T14:09:29.652481+00:00,3,2,6,5,516,426,2.9973719702041013,1.9982479801360673,0.0019982479801360672,0.0012788787072870833,0,0.0,0.0
2026-10-05T14:09:30.654724+00:00,1,4294967294,0,0,0,0,0.0,0.0,0.0,0.0,0,0.0,0.0
2026-10-05T14:09:30.654724+00:00,1,1,6,6,516,516,0.997712608157119,0.0,0.0007183530778731257,0.0,0,0.0,0.0
2026-10-05T14:09:30.654724+00:00,1,2,6,6,516,516,0.0,0.0,0.0,0.0,0,0.0,0.0
2026-10-05T14:09:30.654724+00:00,1,3,6,6,516,516,0.0,0.0,0.0,0.0,0,0.0,0.0
2026-10-05T14:09:30.654724+00:00,2,4294967294,0,0,0,0,0.0,0.0,0.0,0.0,0,0.0,0.0
2026-10-05T14:09:30.654724+00:00,2,1,6,6,516,516,0.9976536373680934,0.0,0.0007183106189050273,0.0,0,0.0,0.0
2026-10-05T14:09:30.654724+00:00,2,2,6,6,516,516,0.9976536373680934,0.0,0.0007183106189050273,0.0,0,0.0,0.0
2026-10-05T14:09:30.654724+00:00,2,3,6,6,516,516,0.0,0.0,0.0,0.0,0,0.0,0.0
2026-10-05T14:09:30.654724+00:00,3,4294967294,0,0,0,0,0.0,0.0,0.0,0.0,0,0.0,0.0
2026-10-05T14:09:30.654724+00:00,3,1,6,6,516,516,0.0,0.9975908549952758,0.0,0.0007182654155965986,0,0.0,0.0
2026-10-05T14:09:30.654724+00:00,3,2,6,6,516,516,0.0,0.9975908549952758,0.0,0.0007182654155965986,0,0.0,0.0
2026-10-05T14:09:31.655878+00:00,1,4294967294,0,0,0,0,0.0,0.0,0.0,0.0,0,0.0,0.9979606504446302
2026-10-05T14:09:31.655878+00:00,1,1,6,6,516,516,0.0,0.0,0.0,0.0,0,0.0,0.9979606504446302
2026-10-05T14:09:31.655878+00:00,1,2,6,6,516,516,0.0,0.0,0.0,0.0,0,0.0,0.9979606504446302
2026-10-05T14:09:31.655878+00:00,1,3,6,6,516,516,0.0,0.0,0.0,0.0,0,0.0,0.9979606504446302
2026-10-05T14:09:31.655878+00:00,2,4294967294,0,0,0,0,0.0,0.0,0.0,0.0,0,0.0,0.0
2026-10-05T14:09:31.655878+00:00,2,1,6,6,516,516,0.0,0.0,0.0,0.0,0,0.0,0.0
2026-10-05T14:09:31.655878+00:00,2,2,6,6,516,516,0.0,0.0,0.0,0.0,0,0.0,0.0
2026-10-05T14:09:31.655878+00:00,2,3,6,6,516,516,0.0,0.0,0.0,0.0,0,0.0,0.0
2026-10-05T14:09:31.655878+00:00,3,4294967294,0,0,0,0,0.0,0.0,0.0,0.0,0,0.0,0.0
2026-10-05T14:09:31.655878+00:00,3,1,6,6,516,516,0.0,0.0,0.0,0.0,0,0.0,0.0
2026-10-05T14:09:31.655878+00:00,3,2,6,6,516,516,0.0,0.0,0.0,0.0,0,0.0,0.0
2026-10-05T14:09:32.657457+00:00,1,4294967294,0,0,0,0,0.0,0.0,0.0,0.0,0,0.0,1.996497384920635
2026-10-05T14:09:32.657457+00:00,1,1,6,6,516,516,0.0,0.0,0.0,0.0,0,0.0,1.996497384920635
2026-10-05T14:09:32.657457+00:00,1,2,6,7,516,586,0.0,0.9982486924603176,0.0,0.0005590192677777778,0,0.0,1.996497384920635
2026-10-05T14:09:32.657457+00:00,1,3,7,6,586,516,0.9982486924603176,0.0,0.0005590192677777778,0.0,0,0.0,1.996497384920635
2026-10-05T14:09:32.657457+00:00,2,4294967294,0,0,0,0,0.0,0.0,0.0,0.0,0,0.0,2.9945865033074863
2026-10-05T14:09:32.657457+00:00,2,1,6,6,516,516,0.0,0.0,0.0,0.0,0,0.0,2.9945865033074863
2026-10-05T14:09:32.657457+00:00,2,2,6,6,516,516,0.0,0.0,0.0,0.0,0,0.0,2.9945865033074863
2026-10-05T14:09:32.657457+00:00,2,3,6,7,516,586,0.0,0.9981955011024953,0.0,0.0005589894806173974,0,0.0,2.9945865033074863
2026-10-05T14:09:32.657457+00:00,3,4294967294,0,0,0,0,0.0,0.0,0.0,0.0,0,0.0,1.9964429455844708
2026-10-05T14:09:32.657457+00:00,3,1,6,6,516,516,0.0,0.0,0.0,0.0,0,0.0,1.9964429455844708
2026-10-05T14:09:32.657457+00:00,3,2,6,6,516,516,0.0,0.0,0.0,0.0,0,0.0,1.9964429455844708
2026-10-05T14:09:33.659536+00:00,1,4294967294,0,0,0,0,0.0,0.0,0.0,0.0,0,0.0,0.0
2026-10-05T14:09:33.659536+00:00,1,1,7,7,586,586,0.9989862517276126,0.9989862517276126,0.000559432300967463,0.000559432300967463,0,0.0,0.0
2026-10-05T14:09:33.659536+00:00,1,2,7,7,586,586,0.9989862517276126,0.0,0.000559432300967463,0.0,0,0.0,0.0
2026-10-05T14:09:33.659536+00:00,1,3,7,7,586,586,0.0,0.9989862517276126,0.0,0.000559432300967463,0,0.0,0.0
2026-10-05T14:09:33.659536+00:00,2,4294967294,0,0,0,0,0.0,0.0,0.0,0.0,0,0.0,0.0
2026-10-05T14:09:33.659536+00:00,2,1,7,7,586,586,0.999025441690856,0.999025441690856,0.0005594542473468793,0.0005594542473468793,0,0.0,0.0
2026-10-05T14:09:33.659536+00:00,2,2,7,7,586,586,0.999025441690856,0.999025441690856,0.0005594542473468793,0.0005594542473468793,0,0.0,0.0
2026-10-05T14:09:33.659536+00:00,2,3,7,7,586,586,0.999025441690856,0.0,0.0005594542473468793,0.0,0,0.0,0.0
2026-10-05T14:09:33.659536+00:00,3,4294967294,0,0,0,0,0.0,0.0,0.0,0.0,0,0.0,0.0
2026-10-05T14:09:33.659536+00:00,3,1,7,7,586,586,0.9990016576853183,0.9990016576853183,0.0005594409283037783,0.0005594409283037783,0,0.0,0.0
2026-10-05T14:09:33.659536+00:00,3,2,7,7,586,586,0.9990016576853183,0.9990016576853183,0.0005594409283037783,0.0005594409283037783,0,0.0,0.0
2026-10-05T14:09:34.661831+00:00,1,4294967294,0,0,0,0,0.0,0.0,0.0,0.0,0,0.0,0.0
2026-10-05T14:09:34.661831+00:00,1,1,7,7,586,586,0.0,0.0,0.0,0.0,0,0.0,0.0
2026-10-05T14:09:34.661831+00:00,1,2,7,7,586,586,0.0,0.0,0.0,0.0,0,0.0,0.0
2026-10-05T14:09:34.661831+00:00,1,3,7,7,586,586,0.0,0.0,0.0,0.0,0,0.0,0.0
2026-10-05T14:09:34.661831+00:00,2,4294967294,0,0,0,0,0.0,0.0,0.0,0.0,0,0.0,0.0
2026-10-05T14:09:34.661831+00:00,2,1,7,7,586,586,0.0,0.0,0.0,0.0,0,0.0,0.0
2026-10-05T14:09:34.661831+00:00,2,2,7,7,586,586,0.0,0.0,0.0,0.0,0,0.0,0.0
2026-10-05T14:09:34.661831+00:00,2,3,7,7,586,586,0.0,0.0,0.0,0.0,0,0.0,0.0
2026-10-05T14:09:34.661831+00:00,3,4294967294,0,0,0,0,0.0,0.0,0.0,0.0,0,0.0,0.0
2026-10-05T14:09:34.661831+00:00,3,1,7,7,586,586,0.0,0.0,0.0,0.0,0,0.0,0.0
2026-10-05T14:09:34.661831+00:00,3,2,7,7,586,586,0.0,0.0,0.0,0.0,0,0.0,0.0
2026-10-05T14:09:35.663879+00:00,1,4294967294,0,0,0,0,0.0,0.0,0.0,0.0,0,0.0,0.0
2026-10-05T14:09:35.663879+00:00,1,1,7,7,586,586,0.0,0.0,0.0,0.0,0,0.0,0.0
2026-10-05T14:09:35.663879+00:00,1,2,7,7,586,586,0.0,0.0,0.0,0.0,0,0.0,0.0
2026-10-05T14:09:35.663879+00:00,1,3,7,7,586,586,0.0,0.0,0.0,0.0,0,0.0,0.0
2026-10-05T14:09:35.663879+00:00,2,4294967294,0,0,0,0,0.0,0.0,0.0,0.0,0,0.0,0.0
2026-10-05T14:09:35.663879+00:00,2,1,7,7,586,586,0.0,0.0,0.0,0.0,0,0.0,0.0
2026-10-05T14:09:35.663879+00:00,2,2,7,7,586,586,0.0,0.0,0.0,0.0,0,0.0,0.0
2026-10-05T14:09:35.663879+00:00,2,3,7,7,586,586,0.0,0.0,0.0,0.0,0,0.0,0.0
2026-10-05T14:09:35.663879+00:00,3,4294967294,0,0,0,0,0.0,0.0,0.0,0.0,0,0.0,0.0
2026-10-05T14:09:35.663879+00:00,3,1,7,7,586,586,0.0,0.0,0.0,0.0,0,0.0,0.0
2026-10-05T14:09:35.663879+00:00,3,2,7,7,586,586,0.0,0.0,0.0,0.0,0,0.0,0.0
2026-10-05T14:09:36.665586+00:00,1,4294967294,0,0,0,0,0.0,0.0,0.0,0.0,0,0.0,0.0
2026-10-05T14:09:36.665586+00:00,1,1,7,7,586,586,0.0,0.0,0.0,0.0,0,0.0,0.0
2026-10-05T14:09:36.665586+00:00,1,2,7,7,586,586,0.0,0.0,0.0,0.0,0,0.0,0.0
2026-10-05T14:09:36.665586+00:00,1,3,7,7,586,586,0.0,0.0,0.0,0.0,0,0.0,0.0
2026-10-05T14:09:36.665586+00:00,2,4294967294,0,0,0,0,0.0,0.0,0.0,0.0,0,0.0,0.0
2026-10-05T14:09:36.665586+00:00,2,1,7,7,586,586,0.0,0.0,0.0,0.0,0,0.0,0.0
2026-10-05T14:09:36.665586+00:00,2,2,7,7,586,586,0.0,0.0,0.0,0.0,0,0.0,0.0
2026-10-05T14:09:36.665586+00:00,2,3,7,7,586,586,0.0,0.0,0.0,0.0,0,0.0,0.0
2026-10-05T14:09:36.665586+00:00,3,4294967294,0,0,0,0,0.0,0.0,0.0,0.0,0,0.0,0.0
2026-10-05T14:09:36.665586+00:00,3,1,7,7,586,586,0.0,0.0,0.0,0.0,0,0.0,0.0
2026-10-05T14:09:36.665586+00:00,3,2,7,7,586,586,0.0,0.0,0.0,0.0,0,0.0,0.0
2026-10-05T14:09:37.668210+00:00,1,4294967294,0,0,0,0,0.0,0.0,0.0,0.0,0,0.0,0.0
2026-10-05T14:09:37.668210+00:00,1,1,7,7,586,586,0.0,0.0,0.0,0.0,0,0.0,0.0
2026-10-05T14:09:37.668210+00:00,1,2,7,7,586,586,0.0,0.0,0.0,0.0,0,0.0,0.0
2026-10-05T14:09:37.668210+00:00,1,3,7,7,586,586,0.0,0.0,0.0,0.0,0,0.0,0.0
2026-10-05T14:09:37.668210+00:00,2,4294967294,0,0,0,0,0.0,0.0,0.0,0.0,0,0.0,0.0
2026-10-05T14:09:37.668210+00:00,2,1,7,7,586,586,0.0,0.0,0.0,0.0,0,0.0,0.0
2026-10-05T14:09:37.668210+00:00,2,2,7,7,586,586,0.0,0.0,0.0,0.0,0,0.0,0.0
2026-10-05T14:09:37.668210+00:00,2,3,7,7,586,586,0.0,0.0,0.0,0.0,0,0.0,0.0
2026-10-05T14:09:37.668210+00:00,3,4294967294,0,0,0,0,0.0,0.0,0.0,0.0,0,0.0,0.0
2026-10-05T14:09:37.668210+00:00,3,1,7,7,586,586,0.0,0.0,0.0,0.0,0,0.0,0.0
2026-10-05T14:09:37.668210+00:00,3,2,7,7,586,586,0.0,0.0,0.0,0.0,0,0.0,0.0
2026-10-05T14:09:38.676653+00:00,1,4294967294,0,0,0,0,0.0,0.0,0.0,0.0,0,0.0,0.0
2026-10-05T14:09:38.676653+00:00,1,1,7,7,586,586,0.0,0.0,0.0,0.0,0,0.0,0.0
2026-10-05T14:09:38.676653+00:00,1,2,7,7,586,586,0.0,0.0,0.0,0.0,0,0.0,0.0
2026-10-05T14:09:38.676653+00:00,1,3,7,7,586,586,0.0,0.0,0.0,0.0,0,0.0,0.0
2026-10-05T14:09:38.676653+00:00,2,4294967294,0,0,0,0,0.0,0.0,0.0,0.0,0,0.0,0.0
2026-10-05T14:09:38.676653+00:00,2,1,7,7,586,586,0.0,0.0,0.0,0.0,0,0.0,0.0
2026-10-05T14:09:38.676653+00:00,2,2,7,7,586,586,0.0,0.0,0.0,0.0,0,0.0,0.0
2026-10-05T14:09:38.676653+00:00,2,3,7,7,586,586,0.0,0.0,0.0,0.0,0,0.0,0.0
2026-10-05T14:09:38.676653+00:00,3,4294967294,0,0,0,0,0.0,0.0,0.0,0.0,0,0.0,0.0
2026-10-05T14:09:38.676653+00:00,3,1,7,7,586,586,0.0,0.0,0.0,0.0,0,0.0,0.0
2026-10-05T14:09:38.676653+00:00,3,2,7,7,586,586,0.0,0.0,0.0,0.0,0,0.0,0.0
2026-10-05T14:09:39.678386+00:00,1,4294967294,0,0,0,0,0.0,0.0,0.0,0.0,0,0.0,0.9976216370961041
2026-10-05T14:09:39.678386+00:00,1,1,7,7,586,586,0.0,0.0,0.0,0.0,0,0.0,0.9976216370961041
2026-10-05T14:09:39.678386+00:00,1,2,7,8,586,656,0.0,0.9976216370961041,0.0,0.0005586681167738183,0,0.0,0.9976216370961041
2026-10-05T14:09:39.678386+00:00,1,3,7,7,586,586,0.0,0.0,0.0,0.0,0,0.0,0.9976216370961041
2026-10-05T14:09:39.678386+00:00,2,4294967294,0,0,0,0,0.0,0.0,0.0,0.0,0,0.0,0.0
2026-10-05T14:09:39.678386+00:00,2,1,7,7,586,586,0.0,0.0,0.0,0.0,0,0.0,0.0
2026-10-05T14:09:39.678386+00:00,2,2,7,7,586,586,0.0,0.0,0.0,0.0,0,0.0,0.0
2026-10-05T14:09:39.678386+00:00,2,3,7,7,586,586,0.0,0.0,0.0,0.0,0,0.0,0.0
2026-10-05T14:09:39.678386+00:00,3,4294967294,0,0,0,0,0.0,0.0,0.0,0.0,0,0.0,0.0
2026-10-05T14:09:39.678386+00:00,3,1,7,7,586,586,0.0,0.0,0.0,0.0,0,0.0,0.0
2026-10-05T14:09:39.678386+00:00,3,2,7,7,586,586,0.0,0.0,0.0,0.0,0,0.0,0.0
2026-10-05T14:09:40.679935+00:00,1,4294967294,0,0,0,0,0.0,0.0,0.0,0.0,0,0.0,0.9985392848098789
2026-10-05T14:09:40.679935+00:00,1,1,7,7,586,586,0.0,0.0,0.0,0.0,0,0.0,0.9985392848098789
2026-10-05T14:09:40.679935+00:00,1,2,7,8,586,656,0.0,0.0,0.0,0.0,0,0.0,0.9985392848098789
2026-10-05T14:09:40.679935+00:00,1,3,8,8,656,656,0.9985392848098789,0.9985392848098789,0.0005591819994935321,0.0005591819994935321,0,0.0,0.9985392848098789
2026-10-05T14:09:40.679935+00:00,2,4294967294,0,0,0,0,0.0,0.0,0.0,0.0,0,0.0,0.9984431086901205
2026-10-05T14:09:40.679935+00:00,2,1,7,7,586,586,0.0,0.0,0.0,0.0,0,0.0,0.9984431086901205
2026-10-05T14:09:40.679935+00:00,2,2,7,7,586,586,0.0,0.0,0.0,0.0,0,0.0,0.9984431086901205
2026-10-05T14:09:40.679935+00:00,2,3,7,8,586,656,0.0,0.9984431086901205,0.0,0.0005591281408664676,0,0.0,0.9984431086901205
2026-10-05T14:09:40.679935+00:00,3,4294967294,0,0,0,0,0.0,0.0,0.0,0.0,0,0.0,1.9968860439243736
2026-10-05T14:09:40.679935+00:00,3,1,7,7,586,586,0.0,0.0,0.0,0.0,0,0.0,1.9968860439243736
2026-10-05T14:09:40.679935+00:00,3,2,7,7,586,586,0.0,0.0,0.0,0.0,0,0.0,1.9968860439243736
2026-10-05T14:09:41.681411+00:00,1,4294967294,0,0,0,0,0.0,0.0,0.0,0.0,0,0.0,0.9989628118763206
2026-10-05T14:09:41.681411+00:00,1,1,7,8,586,656,0.0,0.9989628118763206,0.0,0.0005594191746507396,0,0.0,0.9989628118763206
2026-10-05T14:09:41.681411+00:00,1,2,8,8,656,656,0.9989628118763206,0.0,0.0005594191746507396,0.0,0,0.0,0.9989628118763206
2026-10-05T14:09:41.681411+00:00,1,3,8,8,656,656,0.0,0.0,0.0,0.0,0,0.0,0.9989628118763206
2026-10-05T14:09:41.681411+00:00,2,4294967294,0,0,0,0,0.0,0.0,0.0,0.0,0,0.0,1.9976100274008346
2026-10-05T14:09:41.681411+00:00,2,1,7,8,586,656,0.0,0.9988050137004173,0.0,0.0005593308076722336,0,0.0,1.9976100274008346
2026-10-05T14:09:41.681411+00:00,2,2,8,8,656,656,0.9988050137004173,0.9988050137004173,0.0005593308076722336,0.0005593308076722336,0,0.0,1.9976100274008346
2026-10-05T14:09:41.681411+00:00,2,3,7,8,586,656,0.0,0.0,0.0,0.0,0,0.0,1.9976100274008346
2026-10-05T14:09:41.681411+00:00,3,4294967294,0,0,0,0,0.0,0.0,0.0,0.0,0,0.0,0.0
2026-10-05T14:09:41.681411+00:00,3,1,8,7,656,586,0.9988049708022192,0.0,0.0005593307836492427,0.0,0,0.0,0.0
2026-10-05T14:09:41.681411+00:00,3,2,8,7,656,586,0.9988049708022192,0.0,0.0005593307836492427,0.0,0,0.0,0.0
2026-10-05T14:09:42.682560+00:00,1,4294967294,0,0,0,0,0.0,0.0,0.0,0.0,0,0.0,0.0
2026-10-05T14:09:42.682560+00:00,1,1,8,8,656,656,0.9987950965407691,0.0,0.0005593252540628307,0.0,0,0.0,0.0
2026-10-05T14:09:42.682560+00:00,1,2,8,8,656,656,0.0,0.0,0.0,0.0,0,0.0,0.0
2026-10-05T14:09:42.682560+00:00,1,3,8,8,656,656,0.0,0.0,0.0,0.0,0,0.0,0.0
2026-10-05T14:09:42.682560+00:00,2,4294967294,0,0,0,0,0.0,0.0,0.0,0.0,0,0.0,0.0
2026-10-05T14:09:42.682560+00:00,2,1,8,8,656,656,0.9990881672013016,0.0,0.0005594893736327289,0.0,0,0.0,0.0
2026-10-05T14:09:42.682560+00:00,2,2,8,8,656,656,0.0,0.0,0.0,0.0,0,0.0,0.0
2026-10-05T14:09:42.682560+00:00,2,3,8,8,656,656,0.9990881672013016,0.0,0.0005594893736327289,0.0,0,0.0,0.0
2026-10-05T14:09:42.682560+00:00,3,4294967294,0,0,0,0,0.0,0.0,0.0,0.0,0,0.0,0.0
2026-10-05T14:09:42.682560+00:00,3,1,8,8,656,656,0.0,0.9990829687185456,0.0,0.0005594864624823856,0,0.0,0.0
2026-10-05T14:09:42.682560+00:00,3,2,8,8,656,656,0.0,0.9990829687185456,0.0,0.0005594864624823856,0,0.0,0.0
2026-10-05T14:09:43.685034+00:00,1,4294967294,0,0,0,0,0.0,0.0,0.0,0.0,0,0.0,0.0
2026-10-05T14:09:43.685034+00:00,1,1,8,8,656,656,0.0,0.0,0.0,0.0,0,0.0,0.0
2026-10-05T14:09:43.685034+00:00,1,2,8,8,656,656,0.0,0.0,0.0,0.0,0,0.0,0.0
2026-10-05T14:09:43.685034+00:00,1,3,8,8,656,656,0.0,0.0,0.0,0.0,0,0.0,0.0
2026-10-05T14:09:43.685034+00:00,2,4294967294,0,0,0,0,0.0,0.0,0.0,0.0,0,0.0,0.0
2026-10-05T14:09:43.685034+00:00,2,1,8,8,656,656,0.0,0.0,0.0,0.0,0,0.0,0.0
2026-10-05T14:09:43.685034+00:00,2,2,8,8,656,656,0.0,0.0,0.0,0.0,0,0.0,0.0
2026-10-05T14:09:43.685034+00:00,2,3,8,8,656,656,0.0,0.0,0.0,0.0,0,0.0,0.0
2026-10-05T14:09:43.685034+00:00,3,4294967294,0,0,0,0,0.0,0.0,0.0,0.0,0,0.0,0.0
2026-10-05T14:09:43.685034+00:00,3,1,8,8,656,656,0.0,0.0,0.0,0.0,0,0.0,0.0
2026-10-05T14:09:43.685034+00:00,3,2,8,8,656,656,0.0,0.0,0.0,0.0,0,0.0,0.0
2026-10-05T14:09:44.686186+00:00,1,4294967294,0,0,0,0,0.0,0.0,0.0,0.0,0,0.0,0.0
2026-10-05T14:09:44.686186+00:00,1,1,8,8,656,656,0.0,0.0,0.0,0.0,0,0.0,0.0
2026-10-05T14:09:44.686186+00:00,1,2,8,8,656,656,0.0,0.0,0.0,0.0,0,0.0,0.0
2026-10-05T14:09:44.686186+00:00,1,3,8,8,656,656,0.0,0.0,0.0,0.0,0,0.0,0.0
2026-10-05T14:09:44.686186+00:00,2,4294967294,0,0,0,0,0.0,0.0,0.0,0.0,0,0.0,0.0
2026-10-05T14:09:44.686186+00:00,2,1,8,8,656,656,0.0,0.0,0.0,0.0,0,0.0,0.0
2026-10-05T14:09:44.686186+00:00,2,2,8,8,656,656,0.0,0.0,0.0,0.0,0,0.0,0.0
2026-10-05T14:09:44.686186+00:00,2,3,8,8,656,656,0.0,0.0,0.0,0.0,0,0.0,0.0
2026-10-05T14:09:44.686186+00:00,3,4294967294,0,0,0,0,0.0,0.0,0.0,0.0,0,0.0,0.0
2026-10-05T14:09:44.686186+00:00,3,1,8,8,656,656,0.0,0.0,0.0,0.0,0,0.0,0.0
2026-10-05T14:09:44.686186+00:00,3,2,8,8,656,656,0.0,0.0,0.0,0.0,0,0.0,0.0
2026-10-05T14:09:45.687809+00:00,1,4294967294,0,0,0,0,0.0,0.0,0.0,0.0,0,0.0,0.0
2026-10-05T14:09:45.687809+00:00,1,1,8,8,656,656,0.0,0.0,0.0,0.0,0,0.0,0.0
2026-10-05T14:09:45.687809+00:00,1,2,8,8,656,656,0.0,0.0,0.0,0.0,0,0.0,0.0
2026-10-05T14:09:45.687809+00:00,1,3,8,8,656,656,0.0,0.0,0.0,0.0,0,0.0,0.0
2026-10-05T14:09:45.687809+00:00,2,4294967294,0,0,0,0,0.0,0.0,0.0,0.0,0,0.0,0.0
2026-10-05T14:09:45.687809+00:00,2,1,8,8,656,656,0.0,0.0,0.0,0.0,0,0.0,0.0
2026-10-05T14:09:45.687809+00:00,2,2,8,8,656,656,0.0,0.0,0.0,0.0,0,0.0,0.0
2026-10-05T14:09:45.687809+00:00,2,3,8,8,656,656,0.0,0.0,0.0,0.0,0,0.0,0.0
2026-10-05T14:09:45.687809+00:00,3,4294967294,0,0,0,0,0.0,0.0,0.0,0.0,0,0.0,0.0
2026-10-05T14:09:45.687809+00:00,3,1,8,8,656,656,0.0,0.0,0.0,0.0,0,0.0,0.0
2026-10-05T14:09:45.687809+00:00,3,2,8,8,656,656,0.0,0.0,0.0,0.0,0,0.0,0.0
2026-10-05T14:09:46.688971+00:00,1,4294967294,0,0,0,0,0.0,0.0,0.0,0.0,0,0.0,0.0
2026-10-05T14:09:46.688971+00:00,1,1,8,8,656,656,0.0,0.0,0.0,0.0,0,0.0,0.0
2026-10-05T14:09:46.688971+00:00,1,2,8,8,656,656,0.0,0.0,0.0,0.0,0,0.0,0.0
2026-10-05T14:09:46.688971+00:00,1,3,8,8,656,656,0.0,0.0,0.0,0.0,0,0.0,0.0
2026-10-05T14:09:46.688971+00:00,2,4294967294,0,0,0,0,0.0,0.0,0.0,0.0,0,0.0,0.0
2026-10-05T14:09:46.688971+00:00,2,1,8,8,656,656,0.0,0.0,0.0,0.0,0,0.0,0.0
2026-10-05T14:09:46.688971+00:00,2,2,8,8,656,656,0.0,0.0,0.0,0.0,0,0.0,0.0
2026-10-05T14:09:46.688971+00:00,2,3,8,8,656,656,0.0,0.0,0.0,0.0,0,0.0,0.0
2026-10-05T14:09:46.688971+00:00,3,4294967294,0,0,0,0,0.0,0.0,0.0,0.0,0,0.0,0.0
2026-10-05T14:09:46.688971+00:00,3,1,8,8,656,656,0.0,0.0,0.0,0.0,0,0.0,0.0
2026-10-05T14:09:46.688971+00:00,3,2,8,8,656,656,0.0,0.0,0.0,0.0,0,0.0,0.0
2026-10-05T14:09:47.690377+00:00,1,4294967294,0,0,0,0,0.0,0.0,0.0,0.0,0,0.0,15.977661184539645
2026-10-05T14:09:47.690377+00:00,1,1,8,8,656,656,0.0,0.0,0.0,0.0,0,0.0,15.977661184539645
2026-10-05T14:09:47.690377+00:00,1,2,8,8,656,656,0.0,0.0,0.0,0.0,0,0.0,15.977661184539645
2026-10-05T14:09:47.690377+00:00,1,3,8,8,656,656,0.0,0.0,0.0,0.0,0,0.0,15.977661184539645
2026-10-05T14:09:47.690377+00:00,2,4294967294,0,0,0,0,0.0,0.0,0.0,0.0,0,0.0,15.976503819168222
2026-10-05T14:09:47.690377+00:00,2,1,8,8,656,656,0.0,0.0,0.0,0.0,0,0.0,15.976503819168222
2026-10-05T14:09:47.690377+00:00,2,2,8,8,656,656,0.0,0.0,0.0,0.0,0,0.0,15.976503819168222
2026-10-05T14:09:47.690377+00:00,2,3,8,8,656,656,0.0,0.0,0.0,0.0,0,0.0,15.976503819168222
2026-10-05T14:09:47.690377+00:00,3,4294967294,0,0,0,0,0.0,0.0,0.0,0.0,0,0.0,13.979363453999063
2026-10-05T14:09:47.690377+00:00,3,1,8,8,656,656,0.0,0.0,0.0,0.0,0,0.0,13.979363453999063
2026-10-05T14:09:47.690377+00:00,3,2,8,8,656,656,0.0,0.0,0.0,0.0,0,0.0,13.979363453999063
2026-10-05T14:09:48.692875+00:00,1,4294967294,0,0,0,0,0.0,0.0,0.0,0.0,10,9.980298571265308,0.0
2026-10-05T14:09:48.692875+00:00,1,1,21,21,1650,1650,12.974388142644901,12.974388142644901,0.007936333423870174,0.007936333423870174,10,9.980298571265308,0.0
2026-10-05T14:09:48.692875+00:00,1,2,17,20,1370,1496,8.982268714138778,11.976358285518371,0.005700746543906745,0.0067067606398902874,10,9.980298571265308,0.0
2026-10-05T14:09:48.692875+00:00,1,3,17,20,1370,1496,8.982268714138778,11.976358285518371,0.005700746543906745,0.0067067606398902874,10,9.980298571265308,0.0
2026-10-05T14:09:48.692875+00:00,2,4294967294,0,0,0,0,0.0,0.0,0.0,0.0,10,9.975982045079707,0.0
2026-10-05T14:09:48.692875+00:00,2,1,21,21,1650,1650,12.96877665860362,12.96877665860362,0.007932900922247384,0.007932900922247384,10,9.975982045079707,0.0
2026-10-05T14:09:48.692875+00:00,2,2,17,20,1370,1496,8.978383840571738,11.97117845409565,0.005698280944149529,0.006703859934293564,10,9.975982045079707,0.0
2026-10-05T14:09:48.692875+00:00,2,3,17,20,1370,1496,8.978383840571738,11.97117845409565,0.005698280944149529,0.006703859934293564,10,9.975982045079707,0.0
2026-10-05T14:09:48.692875+00:00,3,4294967294,0,0,0,0,0.0,0.0,0.0,0.0,8,7.981107608908946,0.0
2026-10-05T14:09:48.692875+00:00,3,1,21,21,1650,1650,12.969299864477039,12.969299864477039,0.007933220963255494,0.007933220963255494,8,7.981107608908946,0.0
2026-10-05T14:09:48.692875+00:00,3,2,21,21,1650,1650,12.969299864477039,12.969299864477039,0.007933220963255494,0.007933220963255494,8,7.981107608908946,0.0
2026-10-05T14:09:49.696151+00:00,1,4294967294,0,0,0,0,0.0,0.0,0.0,0.0,10,0.0,0.0
2026-10-05T14:09:49.696151+00:00,1,1,21,21,1650,1650,0.0,0.0,0.0,0.0,10,0.0,0.0
2026-10-05T14:09:49.696151+00:00,1,2,17,20,1370,1496,0.0,0.0,0.0,0.0,10,0.0,0.0
2026-10-05T14:09:49.696151+00:00,1,3,17,20,1370,1496,0.0,0.0,0.0,0.0,10,0.0,0.0
2026-10-05T14:09:49.696151+00:00,2,4294967294,0,0,0,0,0.0,0.0,0.0,0.0,10,0.0,0.0
2026-10-05T14:09:49.696151+00:00,2,1,21,21,1650,1650,0.0,0.0,0.0,0.0,10,0.0,0.0
2026-10-05T14:09:49.696151+00:00,2,2,17,20,1370,1496,0.0,0.0,0.0,0.0,10,0.0,0.0
2026-10-05T14:09:49.696151+00:00,2,3,17,20,1370,1496,0.0,0.0,0.0,0.0,10,0.0,0.0
2026-10-05T14:09:49.696151+00:00,3,4294967294,0,0,0,0,0.0,0.0,0.0,0.0,8,0.0,0.0
2026-10-05T14:09:49.696151+00:00,3,1,21,21,1650,1650,0.0,0.0,0.0,0.0,8,0.0,0.0
2026-10-05T14:09:49.696151+00:00,3,2,21,21,1650,1650,0.0,0.0,0.0,0.0,8,0.0,0.0
2026-10-05T14:09:50.697806+00:00,1,4294967294,0,0,0,0,0.0,0.0,0.0,0.0,10,0.0,0.0
2026-10-05T14:09:50.697806+00:00,1,1,21,21,1650,1650,0.0,0.0,0.0,0.0,10,0.0,0.0
2026-10-05T14:09:50.697806+00:00,1,2,17,20,1370,1496,0.0,0.0,0.0,0.0,10,0.0,0.0
2026-10-05T14:09:50.697806+00:00,1,3,17,20,1370,1496,0.0,0.0,0.0,0.0,10,0.0,0.0
2026-10-05T14:09:50.697806+00:00,2,4294967294,0,0,0,0,0.0,0.0,0.0,0.0,10,0.0,0.0
2026-10-05T14:09:50.697806+00:00,2,1,21,21,1650,1650,0.0,0.0,0.0,0.0,10,0.0,0.0
2026-10-05T14:09:50.697806+00:00,2,2,17,20,1370,1496,0.0,0.0,0.0,0.0,10,0.0,0.0
2026-10-05T14:09:50.697806+00:00,2,3,17,20,1370,1496,0.0,0.0,0.0,0.0,10,0.0,0.0
2026-10-05T14:09:50.697806+00:00,3,4294967294,0,0,0,0,0.0,0.0,0.0,0.0,8,0.0,0.0
2026-10-05T14:09:50.697806+00:00,3,1,21,21,1650,1650,0.0,0.0,0.0,0.0,8,0.0,0.0
2026-10-05T14:09:50.697806+00:00,3,2,21,21,1650,1650,0.0,0.0,0.0,0.0,8,0.0,0.0
2026-10-05T14:09:51.698996+00:00,1,4294967294,0,0,0,0,0.0,0.0,0.0,0.0,10,0.0,0.0
2026-10-05T14:09:51.698996+00:00,1,1,21,21,1650,1650,0.0,0.0,0.0,0.0,10,0.0,0.0
2026-10-05T14:09:51.698996+00:00,1,2,17,20,1370,1496,0.0,0.0,0.0,0.0,10,0.0,0.0
2026-10-05T14:09:51.698996+00:00,1,3,17,20,1370,1496,0.0,0.0,0.0,0.0,10,0.0,0.0
2026-10-05T14:09:51.698996+00:00,2,4294967294,0,0,0,0,0.0,0.0,0.0,0.0,10,0.0,0.0
2026-10-05T14:09:51.698996+00:00,2,1,21,21,1650,1650,0.0,0.0,0.0,0.0,10,0.0,0.0
2026-10-05T14:09:51.698996+00:00,2,2,17,20,1370,1496,0.0,0.0,0.0,0.0,10,0.0,0.0
2026-10-05T14:09:51.698996+00:00,2,3,17,20,1370,1496,0.0,0.0,0.0,0.0,10,0.0,0.0
2026-10-05T14:09:51.698996+00:00,3,4294967294,0,0,0,0,0.0,0.0,0.0,0.0,8,0.0,0.0
2026-10-05T14:09:51.698996+00:00,3,1,21,21,1650,1650,0.0,0.0,0.0,0.0,8,0.0,0.0
2026-10-05T14:09:51.698996+00:00,3,2,21,21,1650,1650,0.0,0.0,0.0,0.0,8,0.0,0.0
2026-10-05T14:09:52.700779+00:00,1,4294967294,0,0,0,0,0.0,0.0,0.0,0.0,10,0.0,0.0
2026-10-05T14:09:52.700779+00:00,1,1,21,21,1650,1650,0.0,0.0,0.0,0.0,10,0.0,0.0
2026-10-05T14:09:52.700779+00:00,1,2,17,20,1370,1496,0.0,0.0,0.0,0.0,10,0.0,0.0
2026-10-05T14:09:52.700779+00:00,1,3,17,20,1370,1496,0.0,0.0,0.0,0.0,10,0.0,0.0
2026-10-05T14:09:52.700779+00:00,2,4294967294,0,0,0,0,0.0,0.0,0.0,0.0,10,0.0,0.0
2026-10-05T14:09:52.700779+00:00,2,1,21,21,1650,1650,0.0,0.0,0.0,0.0,10,0.0,0.0
2026-10-05T14:09:52.700779+00:00,2,2,17,20,1370,1496,0.0,0.0,0.0,0.0,10,0.0,0.0
2026-10-05T14:09:52.700779+00:00,2,3,17,20,1370,1496,0.0,0.0,0.0,0.0,10,0.0,0.0
2026-10-05T14:09:52.700779+00:00,3,4294967294,0,0,0,0,0.0,0.0,0.0,0.0,8,0.0,0.0
2026-10-05T14:09:52.700779+00:00,3,1,21,21,1650,1650,0.0,0.0,0.0,0.0,8,0.0,0.0
2026-10-05T14:09:52.700779+00:00,3,2,21,21,1650,1650,0.0,0.0,0.0,0.0,8,0.0,0.0
2026-10-05T14:09:53.707551+00:00,1,4294967294,0,0,0,0,0.0,0.0,0.0,0.0,10,0.0,0.0
2026-10-05T14:09:53.707551+00:00,1,1,25,25,1818,1818,3.968318091238106,3.968318091238106,0.0013333548786560036,0.0013333548786560036,10,0.0,0.0
2026-10-05T14:09:53.707551+00:00,1,2,20,24,1496,1692,2.9762385684285793,3.968318091238106,0.0010000161589920028,0.0015555806917653377,10,0.0,0.0
2026-10-05T14:09:53.707551+00:00,1,3,20,23,1496,1622,2.9762385684285793,2.9762385684285793,0.0010000161589920028,0.0010000161589920028,10,0.0,0.0
2026-10-05T14:09:53.707551+00:00,2,4294967294,0,0,0,0,0.0,0.0,0.0,0.0,10,0.0,0.0
2026-10-05T14:09:53.707551+00:00,2,1,25,25,1818,1818,3.9671742592708226,3.9671742592708226,0.0013329705511149965,0.0013329705511149965,10,0.0,0.0
2026-10-05T14:09:53.707551+00:00,2,2,20,23,1496,1622,2.9753806944531167,2.9753806944531167,0.0009997279133362473,0.0009997279133362473,10,0.0,0.0
2026-10-05T14:09:53.707551+00:00,2,3,20,23,1496,1622,2.9753806944531167,2.9753806944531167,0.0009997279133362473,0.0009997279133362473,10,0.0,0.0
2026-10-05T14:09:53.707551+00:00,3,4294967294,0,0,0,0,0.0,0.0,0.0,0.0,8,0.0,0.0
2026-10-05T14:09:53.707551+00:00,3,1,25,25,1818,1818,3.967262561931356,3.967262561931356,0.0013330002208089356,0.0013330002208089356,8,0.0,0.0
2026-10-05T14:09:53.707551+00:00,3,2,25,25,1818,1818,3.967262561931356,3.967262561931356,0.0013330002208089356,0.0013330002208089356,8,0.0,0.0
2026-10-05T14:09:54.709488+00:00,1,4294967294,0,0,0,0,0.0,0.0,0.0,0.0,10,0.0,1.0000038620131813
2026-10-05T14:09:54.709488+00:00,1,1,25,25,1818,1818,0.0,0.0,0.0,0.0,10,0.0,1.0000038620131813
2026-10-05T14:09:54.709488+00:00,1,2,20,24,1496,1692,0.0,0.0,0.0,0.0,10,0.0,1.0000038620131813
2026-10-05T14:09:54.709488+00:00,1,3,20,23,1496,1622,0.0,0.0,0.0,0.0,10,0.0,1.0000038620131813
2026-10-05T14:09:54.709488+00:00,2,4294967294,0,0,0,0,0.0,0.0,0.0,0.0,10,0.0,0.0
2026-10-05T14:09:54.709488+00:00,2,1,25,25,1818,1818,0.0,0.0,0.0,0.0,10,0.0,0.0
2026-10-05T14:09:54.709488+00:00,2,2,20,23,1496,1622,0.0,0.0,0.0,0.0,10,0.0,0.0
2026-10-05T14:09:54.709488+00:00,2,3,20,23,1496,1622,0.0,0.0,0.0,0.0,10,0.0,0.0
2026-10-05T14:09:54.709488+00:00,3,4294967294,0,0,0,0,0.0,0.0,0.0,0.0,8,0.0,0.0
2026-10-05T14:09:54.709488+00:00,3,1,25,25,1818,1818,0.0,0.0,0.0,0.0,8,0.0,0.0
2026-10-05T14:09:54.709488+00:00,3,2,25,25,1818,1818,0.0,0.0,0.0,0.0,8,0.0,0.0
2026-10-05T14:09:55.711154+00:00,1,4294967294,0,0,0,0,0.0,0.0,0.0,0.0,10,0.0,0.0
2026-10-05T14:09:55.711154+00:00,1,1,25,25,1818,1818,0.0,0.0,0.0,0.0,10,0.0,0.0
2026-10-05T14:09:55.711154+00:00,1,2,20,24,1496,1692,0.0,0.0,0.0,0.0,10,0.0,0.0
2026-10-05T14:09:55.711154+00:00,1,3,21,24,1566,1692,0.9976579092689226,0.9976579092689226,0.0005586884291905966,0.0005586884291905966,10,0.0,0.0
2026-10-05T14:09:55.711154+00:00,2,4294967294,0,0,0,0,0.0,0.0,0.0,0.0,10,0.0,0.0
2026-10-05T14:09:55.711154+00:00,2,1,25,25,1818,1818,0.0,0.0,0.0,0.0,10,0.0,0.0
2026-10-05T14:09:55.711154+00:00,2,2,20,23,1496,1622,0.0,0.0,0.0,0.0,10,0.0,0.0
2026-10-05T14:09:55.711154+00:00,2,3,20,24,1496,1692,0.0,0.9986066341748646,0.0,0.0005592197151379242,10,0.0,0.0
2026-10-05T14:09:55.711154+00:00,3,4294967294,0,0,0,0,0.0,0.0,0.0,0.0,8,0.0,0.0
2026-10-05T14:09:55.711154+00:00,3,1,25,25,1818,1818,0.0,0.0,0.0,0.0,8,0.0,0.0
2026-10-05T14:09:55.711154+00:00,3,2,25,25,1818,1818,0.0,0.0,0.0,0.0,8,0.0,0.0
2026-10-05T14:09:56.712781+00:00,1,4294967294,0,0,0,0,0.0,0.0,0.0,0.0,10,0.0,0.9984147370491261
2026-10-05T14:09:56.712781+00:00,1,1,25,25,1818,1818,0.0,0.0,0.0,0.0,10,0.0,0.9984147370491261
2026-10-05T14:09:56.712781+00:00,1,2,20,24,1496,1692,0.0,0.0,0.0,0.0,10,0.0,0.9984147370491261
2026-10-05T14:09:56.712781+00:00,1,3,21,24,1566,1692,0.0,0.0,0.0,0.0,10,0.0,0.9984147370491261
2026-10-05T14:09:56.712781+00:00,2,4294967294,0,0,0,0,0.0,0.0,0.0,0.0,10,0.0,0.9970627110825646
2026-10-05T14:09:56.712781+00:00,2,1,25,25,1818,1818,0.0,0.0,0.0,0.0,10,0.0,0.9970627110825646
2026-10-05T14:09:56.712781+00:00,2,2,20,23,1496,1622,0.0,0.0,0.0,0.0,10,0.0,0.9970627110825646
2026-10-05T14:09:56.712781+00:00,2,3,20,24,1496,1692,0.0,0.0,0.0,0.0,10,0.0,0.9970627110825646
2026-10-05T14:09:56.712781+00:00,3,4294967294,0,0,0,0,0.0,0.0,0.0,0.0,8,0.0,0.0
2026-10-05T14:09:56.712781+00:00,3,1,25,25,1818,1818,0.0,0.0,0.0,0.0,8,0.0,0.0
2026-10-05T14:09:56.712781+00:00,3,2,25,25,1818,1818,0.0,0.0,0.0,0.0,8,0.0,0.0
2026-10-05T14:09:57.713836+00:00,1,4294967294,0,0,0,0,0.0,0.0,0.0,0.0,10,0.0,0.0
2026-10-05T14:09:57.713836+00:00,1,1,25,25,1818,1818,0.0,0.0,0.0,0.0,10,0.0,0.0
2026-10-05T14:09:57.713836+00:00,1,2,21,24,1566,1692,0.9988957606924225,0.0,0.0005593816259877566,0.0,10,0.0,0.0
2026-10-05T14:09:57.713836+00:00,1,3,21,24,1566,1692,0.0,0.0,0.0,0.0,10,0.0,0.0
2026-10-05T14:09:57.713836+00:00,2,4294967294,0,0,0,0,0.0,0.0,0.0,0.0,10,0.0,0.9994592056169361
2026-10-05T14:09:57.713836+00:00,2,1,25,25,1818,1818,0.0,0.0,0.0,0.0,10,0.0,0.9994592056169361
2026-10-05T14:09:57.713836+00:00,2,2,21,23,1566,1622,0.9994592056169361,0.0,0.0005596971551454843,0.0,10,0.0,0.9994592056169361
2026-10-05T14:09:57.713836+00:00,2,3,20,24,1496,1692,0.0,0.0,0.0,0.0,10,0.0,0.9994592056169361
2026-10-05T14:09:57.713836+00:00,3,4294967294,0,0,0,0,0.0,0.0,0.0,0.0,8,0.0,0.9994716622866063
2026-10-05T14:09:57.713836+00:00,3,1,25,25,1818,1818,0.0,0.0,0.0,0.0,8,0.0,0.9994716622866063
2026-10-05T14:09:57.713836+00:00,3,2,25,25,1818,1818,0.0,0.0,0.0,0.0,8,0.0,0.9994716622866063
2026-10-05T14:09:58.715651+00:00,1,4294967294,0,0,0,0,0.0,0.0,0.0,0.0,10,0.0,0.0
2026-10-05T14:09:58.715651+00:00,1,1,26,27,1916,1986,0.9985959431452054,1.9971918862904108,0.000782899219425841,0.001342112947587156,10,0.0,0.0
2026-10-05T14:09:58.715651+00:00,1,2,22,25,1664,1790,0.9985959431452054,0.9985959431452054,0.000782899219425841,0.000782899219425841,10,0.0,0.0
2026-10-05T14:09:58.715651+00:00,1,3,21,24,1566,1692,0.0,0.0,0.0,0.0,10,0.0,0.0
2026-10-05T14:09:58.715651+00:00,2,4294967294,0,0,0,0,0.0,0.0,0.0,0.0,10,0.0,0.0
2026-10-05T14:09:58.715651+00:00,2,1,26,26,1916,1916,0.9985858685990932,0.9985858685990932,0.000782891320981689,0.000782891320981689,10,0.0,0.0
2026-10-05T14:09:58.715651+00:00,2,2,21,24,1566,1692,0.0,0.9985858685990932,0.0,0.0005592080864154922,10,0.0,0.0
2026-10-05T14:09:58.715651+00:00,2,3,22,25,1664,1790,1.9971717371981863,0.9985858685990932,0.0013420994073971813,0.000782891320981689,10,0.0,0.0
2026-10-05T14:09:58.715651+00:00,3,4294967294,0,0,0,0,0.0,0.0,0.0,0.0,8,0.0,0.0
2026-10-05T14:09:58.715651+00:00,3,1,27,26,1986,1916,1.9971511178574681,0.9985755589287341,0.0013420855512002185,0.0007828832382001275,8,0.0,0.0
2026-10-05T14:09:58.715651+00:00,3,2,26,26,1916,1916,0.9985755589287341,0.9985755589287341,0.0007828832382001275,0.0007828832382001275,8,0.0,0.0
2026-10-05T14:09:59.717810+00:00,1,4294967294,0,0,0,0,0.0,0.0,0.0,0.0,10,0.0,0.9982555882906602
2026-10-05T14:09:59.717810+00:00,1,1,27,28,2014,2084,0.9982555882906602,0.9982555882906602,0.0007826323812198776,0.0007826323812198776,10,0.0,0.9982555882906602
2026-10-05T14:09:59.717810+00:00,1,2,23,26,1762,1888,0.9982555882906602,0.9982555882906602,0.0007826323812198776,0.0007826323812198776,10,0.0,0.9982555882906602
2026-10-05T14:09:59.717810+00:00,1,3,21,24,1566,1692,0.0,0.0,0.0,0.0,10,0.0,0.9982555882906602
2026-10-05T14:09:59.717810+00:00,2,4294967294,0,0,0,0,0.0,0.0,0.0,0.0,10,0.0,0.9982009992388691
2026-10-05T14:09:59.717810+00:00,2,1,27,27,2014,2014,0.9982009992388691,0.9982009992388691,0.0007825895834032734,0.0007825895834032734,10,0.0,0.9982009992388691
2026-10-05T14:09:59.717810+00:00,2,2,21,24,1566,1692,0.0,0.0,0.0,0.0,10,0.0,0.9982009992388691
2026-10-05T14:09:59.717810+00:00,2,3,23,26,1762,1888,0.9982009992388691,0.9982009992388691,0.0007825895834032734,0.0007825895834032734,10,0.0,0.9982009992388691
2026-10-05T14:09:59.717810+00:00,3,4294967294,0,0,0,0,0.0,0.0,0.0,0.0,8,0.0,0.9982037463306251
2026-10-05T14:09:59.717810+00:00,3,1,28,27,2084,2014,0.9982037463306251,0.9982037463306251,0.0007825917371232101,0.0007825917371232101,8,0.0,0.9982037463306251
2026-10-05T14:09:59.717810+00:00,3,2,27,27,2014,2014,0.9982037463306251,0.9982037463306251,0.0007825917371232101,0.0007825917371232101,8,0.0,0.9982037463306251
2026-10-05T14:10:00.719590+00:00,1,4294967294,0,0,0,0,0.0,0.0,0.0,0.0,10,0.0,0.0
2026-10-05T14:10:00.719590+00:00,1,1,29,29,2182,2182,1.9967440213398202,0.9983720106699101,0.0013418119823403593,0.0007827236563652095,10,0.0,0.0
2026-10-05T14:10:00.719590+00:00,1,2,24,27,1860,1986,0.9983720106699101,0.9983720106699101,0.0007827236563652095,0.0007827236563652095,10,0.0,0.0
2026-10-05T14:10:00.719590+00:00,1,3,21,24,1566,1692,0.0,0.0,0.0,0.0,10,0.0,0.0
2026-10-05T14:10:00.719590+00:00,2,4294967294,0,0,0,0,0.0,0.0,0.0,0.0,10,0.0,0.0
2026-10-05T14:10:00.719590+00:00,2,1,29,29,2182,2182,1.9990626295373737,1.9990626295373737,0.0013433700870491153,0.0013433700870491153,10,0.0,0.0
2026-10-05T14:10:00.719590+00:00,2,2,21,24,1566,1692,0.0,0.0,0.0,0.0,10,0.0,0.0
2026-10-05T14:10:00.719590+00:00,2,3,24,27,1860,1986,0.9995313147686868,0.9995313147686868,0.0007836325507786505,0.0007836325507786505,10,0.0,0.0
2026-10-05T14:10:00.719590+00:00,3,4294967294,0,0,0,0,0.0,0.0,0.0,0.0,8,0.0,0.0
2026-10-05T14:10:00.719590+00:00,3,1,29,29,2182,2182,0.999575358397763,1.999150716795526,0.0007836670809838462,0.0013434292816865935,8,0.0,0.0
2026-10-05T14:10:00.719590+00:00,3,2,29,29,2182,2182,1.999150716795526,1.999150716795526,0.0013434292816865935,0.0013434292816865935,8,0.0,0.0
2026-10-05T14:10:01.721114+00:00,1,4294967294,0,0,0,0,0.0,0.0,0.0,0.0,10,0.0,0.0
2026-10-05T14:10:01.721114+00:00,1,1,29,29,2182,2182,0.0,0.0,0.0,0.0,10,0.0,0.0
2026-10-05T14:10:01.721114+00:00,1,2,24,27,1860,1986,0.0,0.0,0.0,0.0,10,0.0,0.0
2026-10-05T14:10:01.721114+00:00,1,3,21,24,1566,1692,0.0,0.0,0.0,0.0,10,0.0,0.0
2026-10-05T14:10:01.721114+00:00,2,4294967294,0,0,0,0,0.0,0.0,0.0,0.0,10,0.0,0.0
2026-10-05T14:10:01.721114+00:00,2,1,29,29,2182,2182,0.0,0.0,0.0,0.0,10,0.0,0.0
2026-10-05T14:10:01.721114+00:00,2,2,21,24,1566,1692,0.0,0.0,0.0,0.0,10,0.0,0.0
2026-10-05T14:10:01.721114+00:00,2,3,24,27,1860,1986,0.0,0.0,0.0,0.0,10,0.0,0.0
2026-10-05T14:10:01.721114+00:00,3,4294967294,0,0,0,0,0.0,0.0,0.0,0.0,8,0.0,0.0
2026-10-05T14:10:01.721114+00:00,3,1,29,29,2182,2182,0.0,0.0,0.0,0.0,8,0.0,0.0
2026-10-05T14:10:01.721114+00:00,3,2,29,29,2182,2182,0.0,0.0,0.0,0.0,8,0.0,0.0
2026-10-05T14:10:02.722186+00:00,1,4294967294,0,0,0,0,0.0,0.0,0.0,0.0,10,0.0,0.0
2026-10-05T14:10:02.722186+00:00,1,1,29,29,2182,2182,0.0,0.0,0.0,0.0,10,0.0,0.0
2026-10-05T14:10:02.722186+00:00,1,2,24,27,1860,1986,0.0,0.0,0.0,0.0,10,0.0,0.0
2026-10-05T14:10:02.722186+00:00,1,3,21,24,1566,1692,0.0,0.0,0.0,0.0,10,0.0,0.0
2026-10-05T14:10:02.722186+00:00,2,4294967294,0,0,0,0,0.0,0.0,0.0,0.0,10,0.0,0.0
2026-10-05T14:10:02.722186+00:00,2,1,29,29,2182,2182,0.0,0.0,0.0,0.0,10,0.0,0.0
2026-10-05T14:10:02.722186+00:00,2,2,21,24,1566,1692,0.0,0.0,0.0,0.0,10,0.0,0.0
2026-10-05T14:10:02.722186+00:00,2,3,24,27,1860,1986,0.0,0.0,0.0,0.0,10,0.0,0.0
2026-10-05T14:10:02.722186+00:00,3,4294967294,0,0,0,0,0.0,0.0,0.0,0.0,8,0.0,0.0
2026-10-05T14:10:02.722186+00:00,3,1,29,29,2182,2182,0.0,0.0,0.0,0.0,8,0.0,0.0
2026-10-05T14:10:02.722186+00:00,3,2,29,29,2182,2182,0.0,0.0,0.0,0.0,8,0.0,0.0
2026-10-05T14:10:03.723929+00:00,1,4294967294,0,0,0,0,0.0,0.0,0.0,0.0,10,0.0,0.0
2026-10-05T14:10:03.723929+00:00,1,1,29,29,2182,2182,0.0,0.0,0.0,0.0,10,0.0,0.0
2026-10-05T14:10:03.723929+00:00,1,2,24,27,1860,1986,0.0,0.0,0.0,0.0,10,0.0,0.0
2026-10-05T14:10:03.723929+00:00,1,3,21,24,1566,1692,0.0,0.0,0.0,0.0,10,0.0,0.0
2026-10-05T14:10:03.723929+00:00,2,4294967294,0,0,0,0,0.0,0.0,0.0,0.0,10,0.0,0.0
2026-10-05T14:10:03.723929+00:00,2,1,29,29,2182,2182,0.0,0.0,0.0,0.0,10,0.0,0.0
2026-10-05T14:10:03.723929+00:00,2,2,21,24,1566,1692,0.0,0.0,0.0,0.0,10,0.0,0.0
2026-10-05T14:10:03.723929+00:00,2,3,24,27,1860,1986,0.0,0.0,0.0,0.0,10,0.0,0.0
2026-10-05T14:10:03.723929+00:00,3,4294967294,0,0,0,0,0.0,0.0,0.0,0.0,8,0.0,0.0
2026-10-05T14:10:03.723929+00:00,3,1,29,29,2182,2182,0.0,0.0,0.0,0.0,8,0.0,0.0
2026-10-05T14:10:03.723929+00:00,3,2,29,29,2182,2182,0.0,0.0,0.0,0.0,8,0.0,0.0
2026-10-05T14:10:04.725864+00:00,1,4294967294,0,0,0,0,0.0,0.0,0.0,0.0,10,0.0,0.0
2026-10-05T14:10:04.725864+00:00,1,1,29,29,2182,2182,0.0,0.0,0.0,0.0,10,0.0,0.0
2026-10-05T14:10:04.725864+00:00,1,2,24,27,1860,1986,0.0,0.0,0.0,0.0,10,0.0,0.0
2026-10-05T14:10:04.725864+00:00,1,3,21,24,1566,1692,0.0,0.0,0.0,0.0,10,0.0,0.0
2026-10-05T14:10:04.725864+00:00,2,4294967294,0,0,0,0,0.0,0.0,0.0,0.0,10,0.0,0.0
2026-10-05T14:10:04.725864+00:00,2,1,29,29,2182,2182,0.0,0.0,0.0,0.0,10,0.0,0.0
2026-10-05T14:10:04.725864+00:00,2,2,21,24,1566,1692,0.0,0.0,0.0,0.0,10,0.0,0.0
2026-10-05T14:10:04.725864+00:00,2,3,24,27,1860,1986,0.0,0.0,0.0,0.0,10,0.0,0.0
2026-10-05T14:10:04.725864+00:00,3,4294967294,0,0,0,0,0.0,0.0,0.0,0.0,8,0.0,0.0
2026-10-05T14:10:04.725864+00:00,3,1,29,29,2182,2182,0.0,0.0,0.0,0.0,8,0.0,0.0
2026-10-05T14:10:04.725864+00:00,3,2,29,29,2182,2182,0.0,0.0,0.0,0.0,8,0.0,0.0
2026-10-05T14:10:05.728019+00:00,1,4294967294,0,0,0,0,0.0,0.0,0.0,0.0,10,0.0,0.0
2026-10-05T14:10:05.728019+00:00,1,1,29,29,2182,2182,0.0,0.0,0.0,0.0,10,0.0,0.0
2026-10-05T14:10:05.728019+00:00,1,2,24,27,1860,1986,0.0,0.0,0.0,0.0,10,0.0,0.0
2026-10-05T14:10:05.728019+00:00,1,3,21,24,1566,1692,0.0,0.0,0.0,0.0,10,0.0,0.0
2026-10-05T14:10:05.728019+00:00,2,4294967294,0,0,0,0,0.0,0.0,0.0,0.0,10,0.0,0.0
2026-10-05T14:10:05.728019+00:00,2,1,29,29,2182,2182,0.0,0.0,0.0,0.0,10,0.0,0.0
2026-10-05T14:10:05.728019+00:00,2,2,21,24,1566,1692,0.0,0.0,0.0,0.0,10,0.0,0.0
2026-10-05T14:10:05.728019+00:00,2,3,24,27,1860,1986,0.0,0.0,0.0,0.0,10,0.0,0.0
2026-10-05T14:10:05.728019+00:00,3,4294967294,0,0,0,0,0.0,0.0,0.0,0.0,8,0.0,0.0
2026-10-05T14:10:05.728019+00:00,3,1,29,29,2182,2182,0.0,0.0,0.0,0.0,8,0.0,0.0
2026-10-05T14:10:05.728019+00:00,3,2,29,29,2182,2182,0.0,0.0,0.0,0.0,8,0.0,0.0
2026-10-05T14:10:06.730187+00:00,1,4294967294,0,0,0,0,0.0,0.0,0.0,0.0,10,0.0,0.0
2026-10-05T14:10:06.730187+00:00,1,1,29,29,2182,2182,0.0,0.0,0.0,0.0,10,0.0,0.0
2026-10-05T14:10:06.730187+00:00,1,2,24,27,1860,1986,0.0,0.0,0.0,0.0,10,0.0,0.0
2026-10-05T14:10:06.730187+00:00,1,3,21,24,1566,1692,0.0,0.0,0.0,0.0,10,0.0,0.0
2026-10-05T14:10:06.730187+00:00,2,4294967294,0,0,0,0,0.0,0.0,0.0,0.0,10,0.0,0.0
2026-10-05T14:10:06.730187+00:00,2,1,29,29,2182,2182,0.0,0.0,0.0,0.0,10,0.0,0.0
2026-10-05T14:10:06.730187+00:00,2,2,21,24,1566,1692,0.0,0.0,0.0,0.0,10,0.0,0.0
2026-10-05T14:10:06.730187+00:00,2,3,24,27,1860,1986,0.0,0.0,0.0,0.0,10,0.0,0.0
2026-10-05T14:10:06.730187+00:00,3,4294967294,0,0,0,0,0.0,0.0,0.0,0.0,8,0.0,0.0
2026-10-05T14:10:06.730187+00:00,3,1,29,29,2182,2182,0.0,0.0,0.0,0.0,8,0.0,0.0
2026-10-05T14:10:06.730187+00:00,3,2,29,29,2182,2182,0.0,0.0,0.0,0.0,8,0.0,0.0
2026-10-05T14:10:07.732180+00:00,1,4294967294,0,0,0,0,0.0,0.0,0.0,0.0,10,0.0,0.0
2026-10-05T14:10:07.732180+00:00,1,1,29,29,2182,2182,0.0,0.0,0.0,0.0,10,0.0,0.0
2026-10-05T14:10:07.732180+00:00,1,2,24,27,1860,1986,0.0,0.0,0.0,0.0,10,0.0,0.0
2026-10-05T14:10:07.732180+00:00,1,3,21,24,1566,1692,0.0,0.0,0.0,0.0,10,0.0,0.0
2026-10-05T14:10:07.732180+00:00,2,4294967294,0,0,0,0,0.0,0.0,0.0,0.0,10,0.0,0.0
2026-10-05T14:10:07.732180+00:00,2,1,29,29,2182,2182,0.0,0.0,0.0,0.0,10,0.0,0.0
2026-10-05T14:10:07.732180+00:00,2,2,21,24,1566,1692,0.0,0.0,0.0,0.0,10,0.0,0.0
2026-10-05T14:10:07.732180+00:00,2,3,24,27,1860,1986,0.0,0.0,0.0,0.0,10,0.0,0.0
2026-10-05T14:10:07.732180+00:00,3,4294967294,0,0,0,0,0.0,0.0,0.0,0.0,8,0.0,0.0
2026-10-05T14:10:07.732180+00:00,3,1,29,29,2182,2182,0.0,0.0,0.0,0.0,8,0.0,0.0
2026-10-05T14:10:07.732180+00:00,3,2,29,29,2182,2182,0.0,0.0,0.0,0.0,8,0.0,0.0
2026-10-05T14:10:08.734445+00:00,1,4294967294,0,0,0,0,0.0,0.0,0.0,0.0,10,0.0,0.0
2026-10-05T14:10:08.734445+00:00,1,1,29,29,2182,2182,0.0,0.0,0.0,0.0,10,0.0,0.0
2026-10-05T14:10:08.734445+00:00,1,2,24,27,1860,1986,0.0,0.0,0.0,0.0,10,0.0,0.0
2026-10-05T14:10:08.734445+00:00,1,3,21,24,1566,1692,0.0,0.0,0.0,0.0,10,0.0,0.0
2026-10-05T14:10:08.734445+00:00,2,4294967294,0,0,0,0,0.0,0.0,0.0,0.0,10,0.0,0.0
2026-10-05T14:10:08.734445+00:00,2,1,29,29,2182,2182,0.0,0.0,0.0,0.0,10,0.0,0.0
2026-10-05T14:10:08.734445+00:00,2,2,21,24,1566,1692,0.0,0.0,0.0,0.0,10,0.0,0.0
2026-10-05T14:10:08.734445+00:00,2,3,24,27,1860,1986,0.0,0.0,0.0,0.0,10,0.0,0.0
2026-10-05T14:10:08.734445+00:00,3,4294967294,0,0,0,0,0.0,0.0,0.0,0.0,8,0.0,0.0
2026-10-05T14:10:08.734445+00:00,3,1,29,29,2182,2182,0.0,0.0,0.0,0.0,8,0.0,0.0
2026-10-05T14:10:08.734445+00:00,3,2,29,29,2182,2182,0.0,0.0,0.0,0.0,8,0.0,0.0
2026-10-05T14:10:09.736845+00:00,1,4294967294,0,0,0,0,0.0,0.0,0.0,0.0,10,0.0,0.0
2026-10-05T14:10:09.736845+00:00,1,1,30,30,2280,2280,0.9969209220064333,0.9969209220064333,0.0007815860028530438,0.0007815860028530438,10,0.0,0.0
2026-10-05T14:10:09.736845+00:00,1,2,25,28,1958,2084,0.9969209220064333,0.9969209220064333,0.0007815860028530438,0.0007815860028530438,10,0.0,0.0
2026-10-05T14:10:09.736845+00:00,1,3,21,24,1566,1692,0.0,0.0,0.0,0.0,10,0.0,0.0
2026-10-05T14:10:09.736845+00:00,2,4294967294,0,0,0,0,0.0,0.0,0.0,0.0,10,0.0,0.0
2026-10-05T14:10:09.736845+00:00,2,1,30,30,2280,2280,0.9959438047301425,0.9959438047301425,0.0007808199429084317,0.0007808199429084317,10,0.0,0.0
2026-10-05T14:10:09.736845+00:00,2,2,22,25,1664,1790,0.9959438047301425,0.9959438047301425,0.0007808199429084317,0.0007808199429084317,10,0.0,0.0
2026-10-05T14:10:09.736845+00:00,2,3,24,27,1860,1986,0.0,0.0,0.0,0.0,10,0.0,0.0
2026-10-05T14:10:09.736845+00:00,3,4294967294,0,0,0,0,0.0,0.0,0.0,0.0,8,0.0,0.0
2026-10-05T14:10:09.736845+00:00,3,1,30,30,2280,2280,0.9947884347012113,0.9947884347012113,0.0007799141328057496,0.0007799141328057496,8,0.0,0.0
2026-10-05T14:10:09.736845+00:00,3,2,30,30,2280,2280,0.9947884347012113,0.9947884347012113,0.0007799141328057496,0.0007799141328057496,8,0.0,0.0
2026-10-05T14:10:10.739403+00:00,1,4294967294,0,0,0,0,0.0,0.0,0.0,0.0,10,0.0,0.0
2026-10-05T14:10:10.739403+00:00,1,1,31,31,2378,2378,0.9977423714179997,0.9977423714179997,0.0007822300191917118,0.0007822300191917118,10,0.0,0.0
2026-10-05T14:10:10.739403+00:00,1,2,26,29,2056,2182,0.9977423714179997,0.9977423714179997,0.0007822300191917118,0.0007822300191917118,10,0.0,0.0
2026-10-05T14:10:10.739403+00:00,1,3,21,24,1566,1692,0.0,0.0,0.0,0.0,10,0.0,0.0
2026-10-05T14:10:10.739403+00:00,2,4294967294,0,0,0,0,0.0,0.0,0.0,0.0,10,0.0,0.0
2026-10-05T14:10:10.739403+00:00,2,1,31,31,2378,2378,0.9977963059927788,0.9977963059927788,0.0007822723038983385,0.0007822723038983385,10,0.0,0.0
2026-10-05T14:10:10.739403+00:00,2,2,23,26,1762,1888,0.9977963059927788,0.9977963059927788,0.0007822723038983385,0.0007822723038983385,10,0.0,0.0
2026-10-05T14:10:10.739403+00:00,2,3,24,27,1860,1986,0.0,0.0,0.0,0.0,10,0.0,0.0
2026-10-05T14:10:10.739403+00:00,3,4294967294,0,0,0,0,0.0,0.0,0.0,0.0,8,0.0,0.0
2026-10-05T14:10:10.739403+00:00,3,1,31,31,2378,2378,0.9977989194447684,0.9977989194447684,0.0007822743528446983,0.0007822743528446983,8,0.0,0.0
2026-10-05T14:10:10.739403+00:00,3,2,31,31,2378,2378,0.9977989194447684,0.9977989194447684,0.0007822743528446983,0.0007822743528446983,8,0.0,0.0
2026-10-05T14:10:11.741787+00:00,1,4294967294,0,0,0,0,0.0,0.0,0.0,0.0,10,0.0,0.0
2026-10-05T14:10:11.741787+00:00,1,1,31,31,2378,2378,0.0,0.0,0.0,0.0,10,0.0,0.0
2026-10-05T14:10:11.741787+00:00,1,2,26,29,2056,2182,0.0,0.0,0.0,0.0,10,0.0,0.0
2026-10-05T14:10:11.741787+00:00,1,3,21,24,1566,1692,0.0,0.0,0.0,0.0,10,0.0,0.0
2026-10-05T14:10:11.741787+00:00,2,4294967294,0,0,0,0,0.0,0.0,0.0,0.0,10,0.0,0.0
2026-10-05T14:10:11.741787+00:00,2,1,31,31,2378,2378,0.0,0.0,0.0,0.0,10,0.0,0.0
2026-10-05T14:10:11.741787+00:00,2,2,23,26,1762,1888,0.0,0.0,0.0,0.0,10,0.0,0.0
2026-10-05T14:10:11.741787+00:00,2,3,24,27,1860,1986,0.0,0.0,0.0,0.0,10,0.0,0.0
2026-10-05T14:10:11.741787+00:00,3,4294967294,0,0,0,0,0.0,0.0,0.0,0.0,8,0.0,0.0
2026-10-05T14:10:11.741787+00:00,3,1,31,31,2378,2378,0.0,0.0,0.0,0.0,8,0.0,0.0
2026-10-05T14:10:11.741787+00:00,3,2,31,31,2378,2378,0.0,0.0,0.0,0.0,8,0.0,0.0
2026-10-05T14:10:12.744072+00:00,1,4294967294,0,0,0,0,0.0,0.0,0.0,0.0,10,0.0,0.0
2026-10-05T14:10:12.744072+00:00,1,1,31,31,2378,2378,0.0,0.0,0.0,0.0,10,0.0,0.0
2026-10-05T14:10:12.744072+00:00,1,2,26,29,2056,2182,0.0,0.0,0.0,0.0,10,0.0,0.0
2026-10-05T14:10:12.744072+00:00,1,3,21,24,1566,1692,0.0,0.0,0.0,0.0,10,0.0,0.0
2026-10-05T14:10:12.744072+00:00,2,4294967294,0,0,0,0,0.0,0.0,0.0,0.0,10,0.0,0.0
2026-10-05T14:10:12.744072+00:00,2,1,31,31,2378,2378,0.0,0.0,0.0,0.0,10,0.0,0.0
2026-10-05T14:10:12.744072+00:00,2,2,23,26,1762,1888,0.0,0.0,0.0,0.0,10,0.0,0.0
2026-10-05T14:10:12.744072+00:00,2,3,24,27,1860,1986,0.0,0.0,0.0,0.0,10,0.0,0.0
2026-10-05T14:10:12.744072+00:00,3,4294967294,0,0,0,0,0.0,0.0,0.0,0.0,8,0.0,0.0
2026-10-05T14:10:12.744072+00:00,3,1,31,31,2378,2378,0.0,0.0,0.0,0.0,8,0.0,0.0
2026-10-05T14:10:12.744072+00:00,3,2,31,31,2378,2378,0.0,0.0,0.0,0.0,8,0.0,0.0
2026-10-05T14:10:13.746502+00:00,1,4294967294,0,0,0,0,0.0,0.0,0.0,0.0,10,0.0,0.0
2026-10-05T14:10:13.746502+00:00,1,1,31,31,2378,2378,0.0,0.0,0.0,0.0,10,0.0,0.0
2026-10-05T14:10:13.746502+00:00,1,2,26,29,2056,2182,0.0,0.0,0.0,0.0,10,0.0,0.0
2026-10-05T14:10:13.746502+00:00,1,3,21,24,1566,1692,0.0,0.0,0.0,0.0,10,0.0,0.0
2026-10-05T14:10:13.746502+00:00,2,4294967294,0,0,0,0,0.0,0.0,0.0,0.0,10,0.0,0.0
2026-10-05T14:10:13.746502+00:00,2,1,31,31,2378,2378,0.0,0.0,0.0,0.0,10,0.0,0.0
2026-10-05T14:10:13.746502+00:00,2,2,23,26,1762,1888,0.0,0.0,0.0,0.0,10,0.0,0.0
2026-10-05T14:10:13.746502+00:00,2,3,24,27,1860,1986,0.0,0.0,0.0,0.0,10,0.0,0.0
2026-10-05T14:10:13.746502+00:00,3,4294967294,0,0,0,0,0.0,0.0,0.0,0.0,8,0.0,0.0
2026-10-05T14:10:13.746502+00:00,3,1,31,31,2378,2378,0.0,0.0,0.0,0.0,8,0.0,0.0
2026-10-05T14:10:13.746502+00:00,3,2,31,31,2378,2378,0.0,0.0,0.0,0.0,8,0.0,0.0
2026-10-05T14:10:14.748342+00:00,1,4294967294,0,0,0,0,0.0,0.0,0.0,0.0,10,0.0,0.0
2026-10-05T14:10:14.748342+00:00,1,1,32,32,2420,2420,0.9990649900615592,0.9990649900615592,0.0003356858366606839,0.0003356858366606839,10,0.0,0.0
2026-10-05T14:10:14.748342+00:00,1,2,27,30,2098,2224,0.9990649900615592,0.9990649900615592,0.0003356858366606839,0.0003356858366606839,10,0.0,0.0
2026-10-05T14:10:14.748342+00:00,1,3,21,24,1566,1692,0.0,0.0,0.0,0.0,10,0.0,0.0
2026-10-05T14:10:14.748342+00:00,2,4294967294,0,0,0,0,0.0,0.0,0.0,0.0,10,0.0,0.0
2026-10-05T14:10:14.748342+00:00,2,1,32,32,2420,2420,0.9994801573798658,0.9994801573798658,0.0003358253328796349,0.0003358253328796349,10,0.0,0.0
2026-10-05T14:10:14.748342+00:00,2,2,24,27,1804,1930,0.9994801573798658,0.9994801573798658,0.0003358253328796349,0.0003358253328796349,10,0.0,0.0
2026-10-05T14:10:14.748342+00:00,2,3,24,27,1860,1986,0.0,0.0,0.0,0.0,10,0.0,0.0
2026-10-05T14:10:14.748342+00:00,3,4294967294,0,0,0,0,0.0,0.0,0.0,0.0,8,0.0,0.0
2026-10-05T14:10:14.748342+00:00,3,1,32,32,2420,2420,0.9992855657818268,0.9992855657818268,0.00033575995010269377,0.00033575995010269377,8,0.0,0.0
2026-10-05T14:10:14.748342+00:00,3,2,32,32,2420,2420,0.9992855657818268,0.9992855657818268,0.00033575995010269377,0.00033575995010269377,8,0.0,0.0
2026-10-05T14:10:15.750373+00:00,1,4294967294,0,0,0,0,0.0,0.0,0.0,0.0,10,0.0,0.0
2026-10-05T14:10:15.750373+00:00,1,1,32,32,2420,2420,0.0,0.0,0.0,0.0,10,0.0,0.0
2026-10-05T14:10:15.750373+00:00,1,2,27,30,2098,2224,0.0,0.0,0.0,0.0,10,0.0,0.0
2026-10-05T14:10:15.750373+00:00,1,3,21,24,1566,1692,0.0,0.0,0.0,0.0,10,0.0,0.0
2026-10-05T14:10:15.750373+00:00,2,4294967294,0,0,0,0,0.0,0.0,0.0,0.0,10,0.0,0.0
2026-10-05T14:10:15.750373+00:00,2,1,32,32,2420,2420,0.0,0.0,0.0,0.0,10,0.0,0.0
2026-10-05T14:10:15.750373+00:00,2,2,24,27,1804,1930,0.0,0.0,0.0,0.0,10,0.0,0.0
2026-10-05T14:10:15.750373+00:00,2,3,24,27,1860,1986,0.0,0.0,0.0,0.0,10,0.0,0.0
2026-10-05T14:10:15.750373+00:00,3,4294967294,0,0,0,0,0.0,0.0,0.0,0.0,8,0.0,0.0
2026-10-05T14:10:15.750373+00:00,3,1,32,32,2420,2420,0.0,0.0,0.0,0.0,8,0.0,0.0
2026-10-05T14:10:15.750373+00:00,3,2,32,32,2420,2420,0.0,0.0,0.0,0.0,8,0.0,0.0
2026-10-05T14:10:16.752159+00:00,1,4294967294,0,0,0,0,0.0,0.0,0.0,0.0,10,0.0,0.0
2026-10-05T14:10:16.752159+00:00,1,1,32,32,2420,2420,0.0,0.0,0.0,0.0,10,0.0,0.0
2026-10-05T14:10:16.752159+00:00,1,2,27,30,2098,2224,0.0,0.0,0.0,0.0,10,0.0,0.0
2026-10-05T14:10:16.752159+00:00,1,3,21,24,1566,1692,0.0,0.0,0.0,0.0,10,0.0,0.0
2026-10-05T14:10:16.752159+00:00,2,4294967294,0,0,0,0,0.0,0.0,0.0,0.0,10,0.0,0.0
2026-10-05T14:10:16.752159+00:00,2,1,32,32,2420,2420,0.0,0.0,0.0,0.0,10,0.0,0.0
2026-10-05T14:10:16.752159+00:00,2,2,24,27,1804,1930,0.0,0.0,0.0,0.0,10,0.0,0.0
2026-10-05T14:10:16.752159+00:00,2,3,24,27,1860,1986,0.0,0.0,0.0,0.0,10,0.0,0.0
2026-10-05T14:10:16.752159+00:00,3,4294967294,0,0,0,0,0.0,0.0,0.0,0.0,8,0.0,0.0
2026-10-05T14:10:16.752159+00:00,3,1,32,32,2420,2420,0.0,0.0,0.0,0.0,8,0.0,0.0
2026-10-05T14:10:16.752159+00:00,3,2,32,32,2420,2420,0.0,0.0,0.0,0.0,8,0.0,0.0
2026-10-05T14:10:17.753519+00:00,1,4294967294,0,0,0,0,0.0,0.0,0.0,0.0,10,0.0,0.0
2026-10-05T14:10:17.753519+00:00,1,1,32,32,2420,2420,0.0,0.0,0.0,0.0,10,0.0,0.0
2026-10-05T14:10:17.753519+00:00,1,2,27,30,2098,2224,0.0,0.0,0.0,0.0,10,0.0,0.0
2026-10-05T14:10:17.753519+00:00,1,3,21,24,1566,1692,0.0,0.0,0.0,0.0,10,0.0,0.0
2026-10-05T14:10:17.753519+00:00,2,4294967294,0,0,0,0,0.0,0.0,0.0,0.0,10,0.0,0.0
2026-10-05T14:10:17.753519+00:00,2,1,32,32,2420,2420,0.0,0.0,0.0,0.0,10,0.0,0.0
2026-10-05T14:10:17.753519+00:00,2,2,24,27,1804,1930,0.0,0.0,0.0,0.0,10,0.0,0.0
2026-10-05T14:10:17.753519+00:00,2,3,24,27,1860,1986,0.0,0.0,0.0,0.0,10,0.0,0.0
2026-10-05T14:10:17.753519+00:00,3,4294967294,0,0,0,0,0.0,0.0,0.0,0.0,8,0.0,0.0
2026-10-05T14:10:17.753519+00:00,3,1,32,32,2420,2420,0.0,0.0,0.0,0.0,8,0.0,0.0
2026-10-05T14:10:17.753519+00:00,3,2,32,32,2420,2420,0.0,0.0,0.0,0.0,8,0.0,0.0
2026-10-05T14:10:18.755262+00:00,1,4294967294,0,0,0,0,0.0,0.0,0.0,0.0,10,0.0,0.0
2026-10-05T14:10:18.755262+00:00,1,1,32,32,2420,2420,0.0,0.0,0.0,0.0,10,0.0,0.0
2026-10-05T14:10:18.755262+00:00,1,2,27,30,2098,2224,0.0,0.0,0.0,0.0,10,0.0,0.0
2026-10-05T14:10:18.755262+00:00,1,3,21,24,1566,1692,0.0,0.0,0.0,0.0,10,0.0,0.0
2026-10-05T14:10:18.755262+00:00,2,4294967294,0,0,0,0,0.0,0.0,0.0,0.0,10,0.0,0.0
2026-10-05T14:10:18.755262+00:00,2,1,32,32,2420,2420,0.0,0.0,0.0,0.0,10,0.0,0.0
2026-10-05T14:10:18.755262+00:00,2,2,24,27,1804,1930,0.0,0.0,0.0,0.0,10,0.0,0.0
2026-10-05T14:10:18.755262+00:00,2,3,24,27,1860,1986,0.0,0.0,0.0,0.0,10,0.0,0.0
2026-10-05T14:10:18.755262+00:00,3,4294967294,0,0,0,0,0.0,0.0,0.0,0.0,8,0.0,0.0
2026-10-05T14:10:18.755262+00:00,3,1,32,32,2420,2420,0.0,0.0,0.0,0.0,8,0.0,0.0
2026-10-05T14:10:18.755262+00:00,3,2,32,32,2420,2420,0.0,0.0,0.0,0.0,8,0.0,0.0
2026-10-05T14:10:19.756750+00:00,1,4294967294,0,0,0,0,0.0,0.0,0.0,0.0,10,0.0,0.0
2026-10-05T14:10:19.756750+00:00,1,1,32,32,2420,2420,0.0,0.0,0.0,0.0,10,0.0,0.0
2026-10-05T14:10:19.756750+00:00,1,2,27,30,2098,2224,0.0,0.0,0.0,0.0,10,0.0,0.0
2026-10-05T14:10:19.756750+00:00,1,3,21,24,1566,1692,0.0,0.0,0.0,0.0,10,0.0,0.0
2026-10-05T14:10:19.756750+00:00,2,4294967294,0,0,0,0,0.0,0.0,0.0,0.0,10,0.0,0.0
2026-10-05T14:10:19.756750+00:00,2,1,32,32,2420,2420,0.0,0.0,0.0,0.0,10,0.0,0.0
2026-10-05T14:10:19.756750+00:00,2,2,24,27,1804,1930,0.0,0.0,0.0,0.0,10,0.0,0.0
2026-10-05T14:10:19.756750+00:00,2,3,24,27,1860,1986,0.0,0.0,0.0,0.0,10,0.0,0.0
2026-10-05T14:10:19.756750+00:00,3,4294967294,0,0,0,0,0.0,0.0,0.0,0.0,8,0.0,0.0
2026-10-05T14:10:19.756750+00:00,3,1,32,32,2420,2420,0.0,0.0,0.0,0.0,8,0.0,0.0
2026-10-05T14:10:19.756750+00:00,3,2,32,32,2420,2420,0.0,0.0,0.0,0.0,8,0.0,0.0
2026-10-05T14:10:20.758503+00:00,1,4294967294,0,0,0,0,0.0,0.0,0.0,0.0,10,0.0,0.0
2026-10-05T14:10:20.758503+00:00,1,1,32,32,2420,2420,0.0,0.0,0.0,0.0,10,0.0,0.0
2026-10-05T14:10:20.758503+00:00,1,2,27,30,2098,2224,0.0,0.0,0.0,0.0,10,0.0,0.0
2026-10-05T14:10:20.758503+00:00,1,3,21,24,1566,1692,0.0,0.0,0.0,0.0,10,0.0,0.0
2026-10-05T14:10:20.758503+00:00,2,4294967294,0,0,0,0,0.0,0.0,0.0,0.0,10,0.0,0.0
2026-10-05T14:10:20.758503+00:00,2,1,32,32,2420,2420,0.0,0.0,0.0,0.0,10,0.0,0.0
2026-10-05T14:10:20.758503+00:00,2,2,24,27,1804,1930,0.0,0.0,0.0,0.0,10,0.0,0.0
2026-10-05T14:10:20.758503+00:00,2,3,24,27,1860,1986,0.0,0.0,0.0,0.0,10,0.0,0.0
2026-10-05T14:10:20.758503+00:00,3,4294967294,0,0,0,0,0.0,0.0,0.0,0.0,8,0.0,0.0
2026-10-05T14:10:20.758503+00:00,3,1,32,32,2420,2420,0.0,0.0,0.0,0.0,8,0.0,0.0
2026-10-05T14:10:20.758503+00:00,3,2,32,32,2420,2420,0.0,0.0,0.0,0.0,8,0.0,0.0
2026-10-05T14:10:21.760187+00:00,1,4294967294,0,0,0,0,0.0,0.0,0.0,0.0,10,0.0,0.0
2026-10-05T14:10:21.760187+00:00,1,1,32,32,2420,2420,0.0,0.0,0.0,0.0,10,0.0,0.0
2026-10-05T14:10:21.760187+00:00,1,2,27,30,2098,2224,0.0,0.0,0.0,0.0,10,0.0,0.0
2026-10-05T14:10:21.760187+00:00,1,3,21,24,1566,1692,0.0,0.0,0.0,0.0,10,0.0,0.0
2026-10-05T14:10:21.760187+00:00,2,4294967294,0,0,0,0,0.0,0.0,0.0,0.0,10,0.0,0.0
2026-10-05T14:10:21.760187+00:00,2,1,32,32,2420,2420,0.0,0.0,0.0,0.0,10,0.0,0.0
2026-10-05T14:10:21.760187+00:00,2,2,24,27,1804,1930,0.0,0.0,0.0,0.0,10,0.0,0.0
2026-10-05T14:10:21.760187+00:00,2,3,24,27,1860,1986,0.0,0.0,0.0,0.0,10,0.0,0.0
2026-10-05T14:10:21.760187+00:00,3,4294967294,0,0,0,0,0.0,0.0,0.0,0.0,8,0.0,0.0
2026-10-05T14:10:21.760187+00:00,3,1,32,32,2420,2420,0.0,0.0,0.0,0.0,8,0.0,0.0
2026-10-05T14:10:21.760187+00:00,3,2,32,32,2420,2420,0.0,0.0,0.0,0.0,8,0.0,0.0
2026-10-05T14:10:22.762249+00:00,1,4294967294,0,0,0,0,0.0,0.0,0.0,0.0,10,0.0,0.0
2026-10-05T14:10:22.762249+00:00,1,1,32,32,2420,2420,0.0,0.0,0.0,0.0,10,0.0,0.0
2026-10-05T14:10:22.762249+00:00,1,2,27,30,2098,2224,0.0,0.0,0.0,0.0,10,0.0,0.0
2026-10-05T14:10:22.762249+00:00,1,3,21,24,1566,1692,0.0,0.0,0.0,0.0,10,0.0,0.0
2026-10-05T14:10:22.762249+00:00,2,4294967294,0,0,0,0,0.0,0.0,0.0,0.0,10,0.0,0.0
2026-10-05T14:10:22.762249+00:00,2,1,32,32,2420,2420,0.0,0.0,0.0,0.0,10,0.0,0.0
2026-10-05T14:10:22.762249+00:00,2,2,24,27,1804,1930,0.0,0.0,0.0,0.0,10,0.0,0.0
2026-10-05T14:10:22.762249+00:00,2,3,24,27,1860,1986,0.0,0.0,0.0,0.0,10,0.0,0.0
2026-10-05T14:10:22.762249+00:00,3,4294967294,0,0,0,0,0.0,0.0,0.0,0.0,8,0.0,0.0
2026-10-05T14:10:22.762249+00:00,3,1,32,32,2420,2420,0.0,0.0,0.0,0.0,8,0.0,0.0
2026-10-05T14:10:22.762249+00:00,3,2,32,32,2420,2420,0.0,0.0,0.0,0.0,8,0.0,0.0
2026-10-05T14:10:23.763978+00:00,1,4294967294,0,0,0,0,0.0,0.0,0.0,0.0,10,0.0,0.0
2026-10-05T14:10:23.763978+00:00,1,1,32,32,2420,2420,0.0,0.0,0.0,0.0,10,0.0,0.0
2026-10-05T14:10:23.763978+00:00,1,2,27,31,2098,2294,0.0,0.9979583837238533,0.0,0.0005588566948853578,10,0.0,0.0
2026-10-05T14:10:23.763978+00:00,1,3,21,24,1566,1692,0.0,0.0,0.0,0.0,10,0.0,0.0
2026-10-05T14:10:23.763978+00:00,2,4294967294,0,0,0,0,0.0,0.0,0.0,0.0,10,0.0,0.0
2026-10-05T14:10:23.763978+00:00,2,1,32,32,2420,2420,0.0,0.0,0.0,0.0,10,0.0,0.0
2026-10-05T14:10:23.763978+00:00,2,2,24,27,1804,1930,0.0,0.0,0.0,0.0,10,0.0,0.0
2026-10-05T14:10:23.763978+00:00,2,3,24,27,1860,1986,0.0,0.0,0.0,0.0,10,0.0,0.0
2026-10-05T14:10:23.763978+00:00,3,4294967294,0,0,0,0,0.0,0.0,0.0,0.0,8,0.0,0.0
2026-10-05T14:10:23.763978+00:00,3,1,32,32,2420,2420,0.0,0.0,0.0,0.0,8,0.0,0.0
2026-10-05T14:10:23.763978+00:00,3,2,32,32,2420,2420,0.0,0.0,0.0,0.0,8,0.0,0.0
2026-10-05T14:10:24.765640+00:00,1,4294967294,0,0,0,0,0.0,0.0,0.0,0.0,10,0.0,0.9969513347812916
2026-10-05T14:10:24.765640+00:00,1,1,32,32,2420,2420,0.0,0.0,0.0,0.0,10,0.0,0.9969513347812916
2026-10-05T14:10:24.765640+00:00,1,2,27,31,2098,2294,0.0,0.0,0.0,0.0,10,0.0,0.9969513347812916
2026-10-05T14:10:24.765640+00:00,1,3,21,24,1566,1692,0.0,0.0,0.0,0.0,10,0.0,0.9969513347812916
2026-10-05T14:10:24.765640+00:00,2,4294967294,0,0,0,0,0.0,0.0,0.0,0.0,10,0.0,0.0
2026-10-05T14:10:24.765640+00:00,2,1,32,32,2420,2420,0.0,0.0,0.0,0.0,10,0.0,0.0
2026-10-05T14:10:24.765640+00:00,2,2,24,27,1804,1930,0.0,0.0,0.0,0.0,10,0.0,0.0
2026-10-05T14:10:24.765640+00:00,2,3,24,27,1860,1986,0.0,0.0,0.0,0.0,10,0.0,0.0
2026-10-05T14:10:24.765640+00:00,3,4294967294,0,0,0,0,0.0,0.0,0.0,0.0,8,0.0,0.0
2026-10-05T14:10:24.765640+00:00,3,1,32,32,2420,2420,0.0,0.0,0.0,0.0,8,0.0,0.0
2026-10-05T14:10:24.765640+00:00,3,2,32,32,2420,2420,0.0,0.0,0.0,0.0,8,0.0,0.0
2026-10-05T14:10:25.767280+00:00,1,4294967294,0,0,0,0,0.0,0.0,0.0,0.0,10,0.0,0.0
2026-10-05T14:10:25.767280+00:00,1,1,32,32,2420,2420,0.0,0.0,0.0,0.0,10,0.0,0.0
2026-10-05T14:10:25.767280+00:00,1,2,27,31,2098,2294,0.0,0.0,0.0,0.0,10,0.0,0.0
2026-10-05T14:10:25.767280+00:00,1,3,22,24,1636,1692,0.9999696009254818,0.0,0.0005599829765182699,0.0,10,0.0,0.0
2026-10-05T14:10:25.767280+00:00,2,4294967294,0,0,0,0,0.0,0.0,0.0,0.0,10,0.0,0.0
2026-10-05T14:10:25.767280+00:00,2,1,32,32,2420,2420,0.0,0.0,0.0,0.0,10,0.0,0.0
2026-10-05T14:10:25.767280+00:00,2,2,24,27,1804,1930,0.0,0.0,0.0,0.0,10,0.0,0.0
2026-10-05T14:10:25.767280+00:00,2,3,24,27,1860,1986,0.0,0.0,0.0,0.0,10,0.0,0.0
2026-10-05T14:10:25.767280+00:00,3,4294967294,0,0,0,0,0.0,0.0,0.0,0.0,8,0.0,0.0
2026-10-05T14:10:25.767280+00:00,3,1,32,32,2420,2420,0.0,0.0,0.0,0.0,8,0.0,0.0
2026-10-05T14:10:25.767280+00:00,3,2,32,32,2420,2420,0.0,0.0,0.0,0.0,8,0.0,0.0
2026-10-05T14:10:26.768357+00:00,1,4294967294,0,0,0,0,0.0,0.0,0.0,0.0,10,0.0,0.0
2026-10-05T14:10:26.768357+00:00,1,1,32,32,2420,2420,0.0,0.0,0.0,0.0,10,0.0,0.0
2026-10-05T14:10:26.768357+00:00,1,2,27,31,2098,2294,0.0,0.0,0.0,0.0,10,0.0,0.0
2026-10-05T14:10:26.768357+00:00,1,3,22,24,1636,1692,0.0,0.0,0.0,0.0,10,0.0,0.0
2026-10-05T14:10:26.768357+00:00,2,4294967294,0,0,0,0,0.0,0.0,0.0,0.0,10,0.0,0.0
2026-10-05T14:10:26.768357+00:00,2,1,32,32,2420,2420,0.0,0.0,0.0,0.0,10,0.0,0.0
2026-10-05T14:10:26.768357+00:00,2,2,24,27,1804,1930,0.0,0.0,0.0,0.0,10,0.0,0.0
2026-10-05T14:10:26.768357+00:00,2,3,24,27,1860,1986,0.0,0.0,0.0,0.0,10,0.0,0.0
2026-10-05T14:10:26.768357+00:00,3,4294967294,0,0,0,0,0.0,0.0,0.0,0.0,8,0.0,0.0
2026-10-05T14:10:26.768357+00:00,3,1,32,32,2420,2420,0.0,0.0,0.0,0.0,8,0.0,0.0
2026-10-05T14:10:26.768357+00:00,3,2,32,32,2420,2420,0.0,0.0,0.0,0.0,8,0.0,0.0
2026-10-05T14:10:27.770194+00:00,1,4294967294,0,0,0,0,0.0,0.0,0.0,0.0,10,0.0,0.0
2026-10-05T14:10:27.770194+00:00,1,1,32,32,2420,2420,0.0,0.0,0.0,0.0,10,0.0,0.0
2026-10-05T14:10:27.770194+00:00,1,2,27,31,2098,2294,0.0,0.0,0.0,0.0,10,0.0,0.0
2026-10-05T14:10:27.770194+00:00,1,3,22,25,1636,1762,0.0,0.9981603983691807,0.0,0.0005589698230867411,10,0.0,0.0
2026-10-05T14:10:27.770194+00:00,2,4294967294,0,0,0,0,0.0,0.0,0.0,0.0,10,0.0,0.0
2026-10-05T14:10:27.770194+00:00,2,1,32,32,2420,2420,0.0,0.0,0.0,0.0,10,0.0,0.0
2026-10-05T14:10:27.770194+00:00,2,2,24,27,1804,1930,0.0,0.0,0.0,0.0,10,0.0,0.0
2026-10-05T14:10:27.770194+00:00,2,3,24,28,1860,2056,0.0,0.9970175078655449,0.0,0.000558329804404705,10,0.0,0.0
2026-10-05T14:10:27.770194+00:00,3,4294967294,0,0,0,0,0.0,0.0,0.0,0.0,8,0.0,0.0
2026-10-05T14:10:27.770194+00:00,3,1,32,32,2420,2420,0.0,0.0,0.0,0.0,8,0.0,0.0
2026-10-05T14:10:27.770194+00:00,3,2,32,32,2420,2420,0.0,0.0,0.0,0.0,8,0.0,0.0
2026-10-05T14:10:28.771175+00:00,1,4294967294,0,0,0,0,0.0,0.0,0.0,0.0,10,0.0,0.0
2026-10-05T14:10:28.771175+00:00,1,1,32,32,2420,2420,0.0,0.0,0.0,0.0,10,0.0,0.0
2026-10-05T14:10:28.771175+00:00,1,2,27,31,2098,2294,0.0,0.0,0.0,0.0,10,0.0,0.0
2026-10-05T14:10:28.771175+00:00,1,3,22,25,1636,1762,0.0,0.0,0.0,0.0,10,0.0,0.0
2026-10-05T14:10:28.771175+00:00,2,4294967294,0,0,0,0,0.0,0.0,0.0,0.0,10,0.0,0.9987780609625061
2026-10-05T14:10:28.771175+00:00,2,1,32,32,2420,2420,0.0,0.0,0.0,0.0,10,0.0,0.9987780609625061
2026-10-05T14:10:28.771175+00:00,2,2,24,27,1804,1930,0.0,0.0,0.0,0.0,10,0.0,0.9987780609625061
2026-10-05T14:10:28.771175+00:00,2,3,24,28,1860,2056,0.0,0.0,0.0,0.0,10,0.0,0.9987780609625061
2026-10-05T14:10:28.771175+00:00,3,4294967294,0,0,0,0,0.0,0.0,0.0,0.0,8,0.0,0.0
2026-10-05T14:10:28.771175+00:00,3,1,32,32,2420,2420,0.0,0.0,0.0,0.0,8,0.0,0.0
2026-10-05T14:10:28.771175+00:00,3,2,32,32,2420,2420,0.0,0.0,0.0,0.0,8,0.0,0.0
2026-10-05T14:10:29.773114+00:00,1,4294967294,0,0,0,0,0.0,0.0,0.0,0.0,10,0.0,0.0
2026-10-05T14:10:29.773114+00:00,1,1,32,32,2420,2420,0.0,0.0,0.0,0.0,10,0.0,0.0
2026-10-05T14:10:29.773114+00:00,1,2,27,31,2098,2294,0.0,0.0,0.0,0.0,10,0.0,0.0
2026-10-05T14:10:29.773114+00:00,1,3,22,25,1636,1762,0.0,0.0,0.0,0.0,10,0.0,0.0
2026-10-05T14:10:29.773114+00:00,2,4294967294,0,0,0,0,0.0,0.0,0.0,0.0,10,0.0,0.0
2026-10-05T14:10:29.773114+00:00,2,1,32,32,2420,2420,0.0,0.0,0.0,0.0,10,0.0,0.0
2026-10-05T14:10:29.773114+00:00,2,2,25,27,1874,1930,0.9974282230911997,0.0,0.0005585598049310719,0.0,10,0.0,0.0
2026-10-05T14:10:29.773114+00:00,2,3,24,28,1860,2056,0.0,0.0,0.0,0.0,10,0.0,0.0
2026-10-05T14:10:29.773114+00:00,3,4294967294,0,0,0,0,0.0,0.0,0.0,0.0,8,0.0,0.0
2026-10-05T14:10:29.773114+00:00,3,1,32,32,2420,2420,0.0,0.0,0.0,0.0,8,0.0,0.0
2026-10-05T14:10:29.773114+00:00,3,2,32,32,2420,2420,0.0,0.0,0.0,0.0,8,0.0,0.0
2026-10-05T14:10:30.774814+00:00,1,4294967294,0,0,0,0,0.0,0.0,0.0,0.0,10,0.0,1.000200558215006
2026-10-05T14:10:30.774814+00:00,1,1,32,32,2420,2420,0.0,0.0,0.0,0.0,10,0.0,1.000200558215006
2026-10-05T14:10:30.774814+00:00,1,2,27,31,2098,2294,0.0,0.0,0.0,0.0,10,0.0,1.000200558215006
2026-10-05T14:10:30.774814+00:00,1,3,22,25,1636,1762,0.0,0.0,0.0,0.0,10,0.0,1.000200558215006
2026-10-05T14:10:30.774814+00:00,2,4294967294,0,0,0,0,0.0,0.0,0.0,0.0,10,0.0,0.0
2026-10-05T14:10:30.774814+00:00,2,1,32,32,2420,2420,0.0,0.0,0.0,0.0,10,0.0,0.0
2026-10-05T14:10:30.774814+00:00,2,2,25,27,1874,1930,0.0,0.0,0.0,0.0,10,0.0,0.0
2026-10-05T14:10:30.774814+00:00,2,3,24,28,1860,2056,0.0,0.0,0.0,0.0,10,0.0,0.0
2026-10-05T14:10:30.774814+00:00,3,4294967294,0,0,0,0,0.0,0.0,0.0,0.0,8,0.0,1.0014083707201475
2026-10-05T14:10:30.774814+00:00,3,1,32,32,2420,2420,0.0,0.0,0.0,0.0,8,0.0,1.0014083707201475
2026-10-05T14:10:30.774814+00:00,3,2,32,32,2420,2420,0.0,0.0,0.0,0.0,8,0.0,1.0014083707201475
2026-10-05T14:10:31.775854+00:00,1,4294967294,0,0,0,0,0.0,0.0,0.0,0.0,10,0.0,0.0
2026-10-05T14:10:31.775854+00:00,1,1,32,33,2420,2490,0.0,0.9979648024787916,0.0,0.0005588602893881233,10,0.0,0.0
2026-10-05T14:10:31.775854+00:00,1,2,28,31,2168,2294,0.9979648024787916,0.0,0.0005588602893881233,0.0,10,0.0,0.0
2026-10-05T14:10:31.775854+00:00,1,3,22,25,1636,1762,0.0,0.0,0.0,0.0,10,0.0,0.0
2026-10-05T14:10:31.775854+00:00,2,4294967294,0,0,0,0,0.0,0.0,0.0,0.0,10,0.0,0.0
2026-10-05T14:10:31.775854+00:00,2,1,32,32,2420,2420,0.0,0.0,0.0,0.0,10,0.0,0.0
2026-10-05T14:10:31.775854+00:00,2,2,25,27,1874,1930,0.0,0.0,0.0,0.0,10,0.0,0.0
2026-10-05T14:10:31.775854+00:00,2,3,24,28,1860,2056,0.0,0.0,0.0,0.0,10,0.0,0.0
2026-10-05T14:10:31.775854+00:00,3,4294967294,0,0,0,0,0.0,0.0,0.0,0.0,8,0.0,0.0
2026-10-05T14:10:31.775854+00:00,3,1,33,32,2490,2420,0.9967543445798449,0.0,0.0005581824329647132,0.0,8,0.0,0.0
2026-10-05T14:10:31.775854+00:00,3,2,32,32,2420,2420,0.0,0.0,0.0,0.0,8,0.0,0.0
2026-10-05T14:10:32.777085+00:00,1,4294967294,0,0,0,0,0.0,0.0,0.0,0.0,10,0.0,0.0
2026-10-05T14:10:32.777085+00:00,1,1,32,33,2420,2490,0.0,0.0,0.0,0.0,10,0.0,0.0
2026-10-05T14:10:32.777085+00:00,1,2,28,31,2168,2294,0.0,0.0,0.0,0.0,10,0.0,0.0
2026-10-05T14:10:32.777085+00:00,1,3,22,25,1636,1762,0.0,0.0,0.0,0.0,10,0.0,0.0
2026-10-05T14:10:32.777085+00:00,2,4294967294,0,0,0,0,0.0,0.0,0.0,0.0,10,0.0,0.9992457323478372
2026-10-05T14:10:32.777085+00:00,2,1,32,32,2420,2420,0.0,0.0,0.0,0.0,10,0.0,0.9992457323478372
2026-10-05T14:10:32.777085+00:00,2,2,25,27,1874,1930,0.0,0.0,0.0,0.0,10,0.0,0.9992457323478372
2026-10-05T14:10:32.777085+00:00,2,3,24,28,1860,2056,0.0,0.0,0.0,0.0,10,0.0,0.9992457323478372
2026-10-05T14:10:32.777085+00:00,3,4294967294,0,0,0,0,0.0,0.0,0.0,0.0,8,0.0,0.0
2026-10-05T14:10:32.777085+00:00,3,1,33,32,2490,2420,0.0,0.0,0.0,0.0,8,0.0,0.0
2026-10-05T14:10:32.777085+00:00,3,2,32,32,2420,2420,0.0,0.0,0.0,0.0,8,0.0,0.0
2026-10-05T14:10:33.778104+00:00,1,4294967294,0,0,0,0,0.0,0.0,0.0,0.0,10,0.0,0.0
2026-10-05T14:10:33.778104+00:00,1,1,32,33,2420,2490,0.0,0.0,0.0,0.0,10,0.0,0.0
2026-10-05T14:10:33.778104+00:00,1,2,28,31,2168,2294,0.0,0.0,0.0,0.0,10,0.0,0.0
2026-10-05T14:10:33.778104+00:00,1,3,22,25,1636,1762,0.0,0.0,0.0,0.0,10,0.0,0.0
2026-10-05T14:10:33.778104+00:00,2,4294967294,0,0,0,0,0.0,0.0,0.0,0.0,10,0.0,0.0
2026-10-05T14:10:33.778104+00:00,2,1,32,32,2420,2420,0.0,0.0,0.0,0.0,10,0.0,0.0
2026-10-05T14:10:33.778104+00:00,2,2,25,28,1874,2000,0.0,0.9985011309836427,0.0,0.0005591606333508399,10,0.0,0.0
2026-10-05T14:10:33.778104+00:00,2,3,25,28,1930,2056,0.9985011309836427,0.0,0.0005591606333508399,0.0,10,0.0,0.0
2026-10-05T14:10:33.778104+00:00,3,4294967294,0,0,0,0,0.0,0.0,0.0,0.0,8,0.0,0.0
2026-10-05T14:10:33.778104+00:00,3,1,33,32,2490,2420,0.0,0.0,0.0,0.0,8,0.0,0.0
2026-10-05T14:10:33.778104+00:00,3,2,32,32,2420,2420,0.0,0.0,0.0,0.0,8,0.0,0.0
2026-10-05T14:10:34.780194+00:00,1,4294967294,0,0,0,0,0.0,0.0,0.0,0.0,10,0.0,0.0
2026-10-05T14:10:34.780194+00:00,1,1,32,33,2420,2490,0.0,0.0,0.0,0.0,10,0.0,0.0
2026-10-05T14:10:34.780194+00:00,1,2,28,31,2168,2294,0.0,0.0,0.0,0.0,10,0.0,0.0
2026-10-05T14:10:34.780194+00:00,1,3,22,25,1636,1762,0.0,0.0,0.0,0.0,10,0.0,0.0
2026-10-05T14:10:34.780194+00:00,2,4294967294,0,0,0,0,0.0,0.0,0.0,0.0,10,0.0,0.9973975295223646
2026-10-05T14:10:34.780194+00:00,2,1,32,32,2420,2420,0.0,0.0,0.0,0.0,10,0.0,0.9973975295223646
2026-10-05T14:10:34.780194+00:00,2,2,25,28,1874,2000,0.0,0.0,0.0,0.0,10,0.0,0.9973975295223646
2026-10-05T14:10:34.780194+00:00,2,3,25,28,1930,2056,0.0,0.0,0.0,0.0,10,0.0,0.9973975295223646
2026-10-05T14:10:34.780194+00:00,3,4294967294,0,0,0,0,0.0,0.0,0.0,0.0,8,0.0,0.9972391563595885
2026-10-05T14:10:34.780194+00:00,3,1,33,32,2490,2420,0.0,0.0,0.0,0.0,8,0.0,0.9972391563595885
2026-10-05T14:10:34.780194+00:00,3,2,32,32,2420,2420,0.0,0.0,0.0,0.0,8,0.0,0.9972391563595885
2026-10-05T14:10:35.782410+00:00,1,4294967294,0,0,0,0,0.0,0.0,0.0,0.0,10,0.0,0.0
2026-10-05T14:10:35.782410+00:00,1,1,32,33,2420,2490,0.0,0.0,0.0,0.0,10,0.0,0.0
2026-10-05T14:10:35.782410+00:00,1,2,28,31,2168,2294,0.0,0.0,0.0,0.0,10,0.0,0.0
2026-10-05T14:10:35.782410+00:00,1,3,22,25,1636,1762,0.0,0.0,0.0,0.0,10,0.0,0.0
2026-10-05T14:10:35.782410+00:00,2,4294967294,0,0,0,0,0.0,0.0,0.0,0.0,10,0.0,0.0
2026-10-05T14:10:35.782410+00:00,2,1,33,33,2490,2490,0.9966160072900955,0.9966160072900955,0.0005581049640824534,0.0005581049640824534,10,0.0,0.0
2026-10-05T14:10:35.782410+00:00,2,2,25,28,1874,2000,0.0,0.0,0.0,0.0,10,0.0,0.0
2026-10-05T14:10:35.782410+00:00,2,3,25,28,1930,2056,0.0,0.0,0.0,0.0,10,0.0,0.0
2026-10-05T14:10:35.782410+00:00,3,4294967294,0,0,0,0,0.0,0.0,0.0,0.0,8,0.0,0.0
2026-10-05T14:10:35.782410+00:00,3,1,33,32,2490,2420,0.0,0.0,0.0,0.0,8,0.0,0.0
2026-10-05T14:10:35.782410+00:00,3,2,33,33,2490,2490,0.9966116181682503,0.9966116181682503,0.0005581025061742202,0.0005581025061742202,8,0.0,0.0
2026-10-05T14:10:36.784565+00:00,1,4294967294,0,0,0,0,0.0,0.0,0.0,0.0,10,0.0,0.9982705750935723
2026-10-05T14:10:36.784565+00:00,1,1,32,33,2420,2490,0.0,0.0,0.0,0.0,10,0.0,0.9982705750935723
2026-10-05T14:10:36.784565+00:00,1,2,28,31,2168,2294,0.0,0.0,0.0,0.0,10,0.0,0.9982705750935723
2026-10-05T14:10:36.784565+00:00,1,3,22,25,1636,1762,0.0,0.0,0.0,0.0,10,0.0,0.9982705750935723
2026-10-05T14:10:36.784565+00:00,2,4294967294,0,0,0,0,0.0,0.0,0.0,0.0,10,0.0,0.0
2026-10-05T14:10:36.784565+00:00,2,1,33,33,2490,2490,0.0,0.0,0.0,0.0,10,0.0,0.0
2026-10-05T14:10:36.784565+00:00,2,2,25,28,1874,2000,0.0,0.0,0.0,0.0,10,0.0,0.0
2026-10-05T14:10:36.784565+00:00,2,3,25,28,1930,2056,0.0,0.0,0.0,0.0,10,0.0,0.0
2026-10-05T14:10:36.784565+00:00,3,4294967294,0,0,0,0,0.0,0.0,0.0,0.0,8,0.0,0.0
2026-10-05T14:10:36.784565+00:00,3,1,33,32,2490,2420,0.0,0.0,0.0,0.0,8,0.0,0.0
2026-10-05T14:10:36.784565+00:00,3,2,33,33,2490,2490,0.0,0.0,0.0,0.0,8,0.0,0.0
2026-10-05T14:10:37.786393+00:00,2,4294967294,0,0,0,0,0.0,0.0,0.0,0.0,10,0.0,0.0
2026-10-05T14:10:37.786393+00:00,2,1,33,33,2490,2490,0.0,0.0,0.0,0.0,10,0.0,0.0
2026-10-05T14:10:37.786393+00:00,2,2,25,28,1874,2000,0.0,0.0,0.0,0.0,10,0.0,0.0
2026-10-05T14:10:37.786393+00:00,2,3,25,28,1930,2056,0.0,0.0,0.0,0.0,10,0.0,0.0
2026-10-05T14:11:12.835132+00:00,1,4294967294,0,0,0,0,0.0,0.0,0.0,0.0,0,0.0,6.0
2026-10-05T14:11:12.835132+00:00,1,1,1,2,90,180,0.0,0.0,0.0,0.0,0,0.0,6.0
2026-10-05T14:11:12.835132+00:00,1,2,1,1,90,90,0.0,0.0,0.0,0.0,0,0.0,6.0
2026-10-05T14:11:12.835132+00:00,1,3,1,1,90,90,0.0,0.0,0.0,0.0,0,0.0,6.0
2026-10-05T14:11:12.835132+00:00,3,4294967294,0,0,0,0,0.0,0.0,0.0,0.0,0,0.0,4.0
2026-10-05T14:11:12.835132+00:00,3,1,2,1,180,90,0.0,0.0,0.0,0.0,0,0.0,4.0
2026-10-05T14:11:12.835132+00:00,3,2,2,1,180,90,0.0,0.0,0.0,0.0,0,0.0,4.0
2026-10-05T14:11:12.835132+00:00,2,4294967294,0,0,0,0,0.0,0.0,0.0,0.0,0,0.0,8.0
2026-10-05T14:11:12.835132+00:00,2,1,1,2,90,180,0.0,0.0,0.0,0.0,0,0.0,8.0
2026-10-05T14:11:12.835132+00:00,2,2,1,2,90,180,0.0,0.0,0.0,0.0,0,0.0,8.0
2026-10-05T14:11:12.835132+00:00,2,3,2,1,176,90,0.0,0.0,0.0,0.0,0,0.0,8.0
2026-10-05T14:11:13.837200+00:00,1,4294967294,0,0,0,0,0.0,0.0,0.0,0.0,0,0.0,7.986036590713293
2026-10-05T14:11:13.837200+00:00,1,1,3,3,266,266,1.9965091476783232,0.9982545738391616,0.0014055424399655396,0.0006867991468013432,0,0.0,7.986036590713293
2026-10-05T14:11:13.837200+00:00,1,2,3,3,266,266,1.9965091476783232,1.9965091476783232,0.0014055424399655396,0.0014055424399655396,0,0.0,7.986036590713293
2026-10-05T14:11:13.837200+00:00,1,3,3,3,266,266,1.9965091476783232,1.9965091476783232,0.0014055424399655396,0.0014055424399655396,0,0.0,7.986036590713293
2026-10-05T14:11:13.837200+00:00,3,4294967294,0,0,0,0,0.0,0.0,0.0,0.0,0,0.0,4.991870479349103
2026-10-05T14:11:13.837200+00:00,3,1,3,3,266,266,0.9983740958698206,1.9967481917396412,0.0006868813779584365,0.0014057107269847074,0,0.0,4.991870479349103
2026-10-05T14:11:13.837200+00:00,3,2,3,3,266,266,0.9983740958698206,1.9967481917396412,0.0006868813779584365,0.0014057107269847074,0,0.0,4.991870479349103
2026-10-05T14:11:13.837200+00:00,2,4294967294,0,0,0,0,0.0,0.0,0.0,0.0,0,0.0,6.988624001723362
2026-10-05T14:11:13.837200+00:00,2,1,3,3,266,266,1.9967497147781033,0.9983748573890516,0.0014057117992037848,0.0006868819018836675,0,0.0,6.988624001723362
2026-10-05T14:11:13.837200+00:00,2,2,3,3,266,266,1.9967497147781033,0.9983748573890516,0.0014057117992037848,0.0006868819018836675,0,0.0,6.988624001723362
2026-10-05T14:11:13.837200+00:00,2,3,5,3,426,266,2.995124572167155,1.9967497147781033,0.0019967497147781034,0.0014057117992037848,0,0.0,6.988624001723362
2026-10-05T14:11:14.839071+00:00,1,4294967294,0,0,0,0,0.0,0.0,0.0,0.0,0,0.0,0.9971660232488729
2026-10-05T14:11:14.839071+00:00,1,1,5,6,426,516,1.9943320464977459,2.9914980697466187,0.0012763725097585572,0.001994332046497746,0,0.0,0.9971660232488729
2026-10-05T14:11:14.839071+00:00,1,2,6,5,516,426,2.9914980697466187,1.9943320464977459,0.001994332046497746,0.0012763725097585572,0,0.0,0.9971660232488729
2026-10-05T14:11:14.839071+00:00,1,3,6,5,516,426,2.9914980697466187,1.9943320464977459,0.001994332046497746,0.0012763725097585572,0,0.0,0.9971660232488729
2026-10-05T14:11:14.839071+00:00,3,4294967294,0,0,0,0,0.0,0.0,0.0,0.0,0,0.0,0.9975103786835741
2026-10-05T14:11:14.839071+00:00,3,1,6,5,516,426,2.992531136050722,1.9950207573671481,0.001995020757367148,0.0012768132847149748,0,0.0,0.9975103786835741
2026-10-05T14:11:14.839071+00:00,3,2,5,6,426,516,1.9950207573671481,2.992531136050722,0.0012768132847149748,0.001995020757367148,0,0.0,0.9975103786835741
2026-10-05T14:11:14.839071+00:00,2,4294967294,0,0,0,0,0.0,0.0,0.0,0.0,0,0.0,0.0
2026-10-05T14:11:14.839071+00:00,2,1,6,5,516,426,2.9925243211294634,1.995016214086309,0.001995016214086309,0.0012768103770152378,0,0.0,0.0
2026-10-05T14:11:14.839071+00:00,2,2,6,6,516,516,2.9925243211294634,2.9925243211294634,0.001995016214086309,0.001995016214086309,0,0.0,0.0
2026-10-05T14:11:14.839071+00:00,2,3,6,5,516,426,0.9975081070431545,1.995016214086309,0.0007182058370710712,0.0012768103770152378,0,0.0,0.0
2026-10-05T14:11:15.841397+00:00,1,4294967294,0,0,0,0,0.0,0.0,0.0,0.0,0,0.0,0.0
2026-10-05T14:11:15.841397+00:00,1,1,6,6,516,516,0.9981711667592068,0.0,0.0007186832400666289,0.0,0,0.0,0.0
2026-10-05T14:11:15.841397+00:00,1,2,6,6,516,516,0.0,0.9981711667592068,0.0,0.0007186832400666289,0,0.0,0.0
2026-10-05T14:11:15.841397+00:00,1,3,6,6,516,516,0.0,0.9981711667592068,0.0,0.0007186832400666289,0,0.0,0.0
2026-10-05T14:11:15.841397+00:00,3,4294967294,0,0,0,0,0.0,0.0,0.0,0.0,0,0.0,0.0
2026-10-05T14:11:15.841397+00:00,3,1,6,6,516,516,0.0,0.9977984017298726,0.0,0.0007184148492455082,0,0.0,0.0
2026-10-05T14:11:15.841397+00:00,3,2,6,6,516,516,0.9977984017298726,0.0,0.0007184148492455082,0.0,0,0.0,0.0
2026-10-05T14:11:15.841397+00:00,2,4294967294,0,0,0,0,0.0,0.0,0.0,0.0,0,0.0,0.0
2026-10-05T14:11:15.841397+00:00,2,1,6,6,516,516,0.0,0.9977977048075193,0.0,0.0007184143474614138,0,0.0,0.0
2026-10-05T14:11:15.841397+00:00,2,2,6,6,516,516,0.0,0.0,0.0,0.0,0,0.0,0.0
2026-10-05T14:11:15.841397+00:00,2,3,6,6,516,516,0.0,0.9977977048075193,0.0,0.0007184143474614138,0,0.0,0.0
2026-10-05T14:11:16.843334+00:00,1,4294967294,0,0,0,0,0.0,0.0,0.0,0.0,0,0.0,0.0
2026-10-05T14:11:16.843334+00:00,1,1,6,6,516,516,0.0,0.0,0.0,0.0,0,0.0,0.0
2026-10-05T14:11:16.843334+00:00,1,2,6,6,516,516,0.0,0.0,0.0,0.0,0,0.0,0.0
2026-10-05T14:11:16.843334+00:00,1,3,6,6,516,516,0.0,0.0,0.0,0.0,0,0.0,0.0
2026-10-05T14:11:16.843334+00:00,3,4294967294,0,0,0,0,0.0,0.0,0.0,0.0,0,0.0,0.0
2026-10-05T14:11:16.843334+00:00,3,1,6,6,516,516,0.0,0.0,0.0,0.0,0,0.0,0.0
2026-10-05T14:11:16.843334+00:00,3,2,6,6,516,516,0.0,0.0,0.0,0.0,0,0.0,0.0
2026-10-05T14:11:16.843334+00:00,2,4294967294,0,0,0,0,0.0,0.0,0.0,0.0,0,0.0,0.0
2026-10-05T14:11:16.843334+00:00,2,1,6,6,516,516,0.0,0.0,0.0,0.0,0,0.0,0.0
2026-10-05T14:11:16.843334+00:00,2,2,6,6,516,516,0.0,0.0,0.0,0.0,0,0.0,0.0
2026-10-05T14:11:16.843334+00:00,2,3,6,6,516,516,0.0,0.0,0.0,0.0,0,0.0,0.0
2026-10-05T14:11:17.844534+00:00,1,4294967294,0,0,0,0,0.0,0.0,0.0,0.0,0,0.0,2.9940752968576643
2026-10-05T14:11:17.844534+00:00,1,1,6,6,516,516,0.0,0.0,0.0,0.0,0,0.0,2.9940752968576643
2026-10-05T14:11:17.844534+00:00,1,2,6,6,516,516,0.0,0.0,0.0,0.0,0,0.0,2.9940752968576643
2026-10-05T14:11:17.844534+00:00,1,3,6,6,516,516,0.0,0.0,0.0,0.0,0,0.0,2.9940752968576643
2026-10-05T14:11:17.844534+00:00,3,4294967294,0,0,0,0,0.0,0.0,0.0,0.0,0,0.0,0.998072588090483
2026-10-05T14:11:17.844534+00:00,3,1,6,6,516,516,0.0,0.0,0.0,0.0,0,0.0,0.998072588090483
2026-10-05T14:11:17.844534+00:00,3,2,6,6,516,516,0.0,0.0,0.0,0.0,0,0.0,0.998072588090483
2026-10-05T14:11:17.844534+00:00,2,4294967294,0,0,0,0,0.0,0.0,0.0,0.0,0,0.0,2.9945881951870312
2026-10-05T14:11:17.844534+00:00,2,1,6,6,516,516,0.0,0.0,0.0,0.0,0,0.0,2.9945881951870312
2026-10-05T14:11:17.844534+00:00,2,2,6,6,516,516,0.0,0.0,0.0,0.0,0,0.0,2.9945881951870312
2026-10-05T14:11:17.844534+00:00,2,3,6,6,516,516,0.0,0.0,0.0,0.0,0,0.0,2.9945881951870312
2026-10-05T14:11:18.846101+00:00,1,4294967294,0,0,0,0,0.0,0.0,0.0,0.0,0,0.0,0.0
2026-10-05T14:11:18.846101+00:00,1,1,7,7,586,586,0.9986188940892111,0.9986188940892111,0.0005592265806899583,0.0005592265806899583,0,0.0,0.0
2026-10-05T14:11:18.846101+00:00,1,2,7,6,586,516,0.9986188940892111,0.0,0.0005592265806899583,0.0,0,0.0,0.0
2026-10-05T14:11:18.846101+00:00,1,3,7,6,586,516,0.9986188940892111,0.0,0.0005592265806899583,0.0,0,0.0,0.0
2026-10-05T14:11:18.846101+00:00,3,4294967294,0,0,0,0,0.0,0.0,0.0,0.0,0,0.0,0.9984526799104971
2026-10-05T14:11:18.846101+00:00,3,1,7,7,586,586,0.9984526799104971,0.9984526799104971,0.0005591335007498784,0.0005591335007498784,0,0.0,0.9984526799104971
2026-10-05T14:11:18.846101+00:00,3,2,6,7,516,586,0.0,0.9984526799104971,0.0,0.0005591335007498784,0,0.0,0.9984526799104971
2026-10-05T14:11:18.846101+00:00,2,4294967294,0,0,0,0,0.0,0.0,0.0,0.0,0,0.0,0.0
2026-10-05T14:11:18.846101+00:00,2,1,7,6,586,516,0.9984496034598216,0.0,0.0005591317779375002,0.0,0,0.0,0.0
2026-10-05T14:11:18.846101+00:00,2,2,7,7,586,586,0.9984496034598216,0.9984496034598216,0.0005591317779375002,0.0005591317779375002,0,0.0,0.0
2026-10-05T14:11:18.846101+00:00,2,3,7,7,586,586,0.9984496034598216,0.9984496034598216,0.0005591317779375002,0.0005591317779375002,0,0.0,0.0
2026-10-05T14:11:19.847922+00:00,1,4294967294,0,0,0,0,0.0,0.0,0.0,0.0,0,0.0,0.0
2026-10-05T14:11:19.847922+00:00,1,1,7,7,586,586,0.0,0.0,0.0,0.0,0,0.0,0.0
2026-10-05T14:11:19.847922+00:00,1,2,7,7,586,586,0.0,0.9989089766325701,0.0,0.0005593890269142393,0,0.0,0.0
2026-10-05T14:11:19.847922+00:00,1,3,7,7,586,586,0.0,0.9989089766325701,0.0,0.0005593890269142393,0,0.0,0.0
2026-10-05T14:11:19.847922+00:00,3,4294967294,0,0,0,0,0.0,0.0,0.0,0.0,0,0.0,0.0
2026-10-05T14:11:19.847922+00:00,3,1,7,7,586,586,0.0,0.0,0.0,0.0,0,0.0,0.0
2026-10-05T14:11:19.847922+00:00,3,2,7,7,586,586,0.9990591360581248,0.0,0.0005594731161925499,0.0,0,0.0,0.0
2026-10-05T14:11:19.847922+00:00,2,4294967294,0,0,0,0,0.0,0.0,0.0,0.0,0,0.0,0.0
2026-10-05T14:11:19.847922+00:00,2,1,7,7,586,586,0.0,0.9990648852584849,0.0,0.0005594763357447515,0,0.0,0.0
2026-10-05T14:11:19.847922+00:00,2,2,7,7,586,586,0.0,0.0,0.0,0.0,0,0.0,0.0
2026-10-05T14:11:19.847922+00:00,2,3,7,7,586,586,0.0,0.0,0.0,0.0,0,0.0,0.0
2026-10-05T14:11:20.849580+00:00,1,4294967294,0,0,0,0,0.0,0.0,0.0,0.0,0,0.0,0.0
2026-10-05T14:11:20.849580+00:00,1,1,7,7,586,586,0.0,0.0,0.0,0.0,0,0.0,0.0
2026-10-05T14:11:20.849580+00:00,1,2,7,7,586,586,0.0,0.0,0.0,0.0,0,0.0,0.0
2026-10-05T14:11:20.849580+00:00,1,3,7,7,586,586,0.0,0.0,0.0,0.0,0,0.0,0.0
2026-10-05T14:11:20.849580+00:00,3,4294967294,0,0,0,0,0.0,0.0,0.0,0.0,0,0.0,0.0
2026-10-05T14:11:20.849580+00:00,3,1,7,7,586,586,0.0,0.0,0.0,0.0,0,0.0,0.0
2026-10-05T14:11:20.849580+00:00,3,2,7,7,586,586,0.0,0.0,0.0,0.0,0,0.0,0.0
2026-10-05T14:11:20.849580+00:00,2,4294967294,0,0,0,0,0.0,0.0,0.0,0.0,0,0.0,0.0
2026-10-05T14:11:20.849580+00:00,2,1,7,7,586,586,0.0,0.0,0.0,0.0,0,0.0,0.0
2026-10-05T14:11:20.849580+00:00,2,2,7,7,586,586,0.0,0.0,0.0,0.0,0,0.0,0.0
2026-10-05T14:11:20.849580+00:00,2,3,7,7,586,586,0.0,0.0,0.0,0.0,0,0.0,0.0
2026-10-05T14:11:21.851081+00:00,1,4294967294,0,0,0,0,0.0,0.0,0.0,0.0,0,0.0,0.0
2026-10-05T14:11:21.851081+00:00,1,1,7,7,586,586,0.0,0.0,0.0,0.0,0,0.0,0.0
2026-10-05T14:11:21.851081+00:00,1,2,7,7,586,586,0.0,0.0,0.0,0.0,0,0.0,0.0
2026-10-05T14:11:21.851081+00:00,1,3,7,7,586,586,0.0,0.0,0.0,0.0,0,0.0,0.0
2026-10-05T14:11:21.851081+00:00,3,4294967294,0,0,0,0,0.0,0.0,0.0,0.0,0,0.0,0.0
2026-10-05T14:11:21.851081+00:00,3,1,7,7,586,586,0.0,0.0,0.0,0.0,0,0.0,0.0
2026-10-05T14:11:21.851081+00:00,3,2,7,7,586,586,0.0,0.0,0.0,0.0,0,0.0,0.0
2026-10-05T14:11:21.851081+00:00,2,4294967294,0,0,0,0,0.0,0.0,0.0,0.0,0,0.0,0.0
2026-10-05T14:11:21.851081+00:00,2,1,7,7,586,586,0.0,0.0,0.0,0.0,0,0.0,0.0
2026-10-05T14:11:21.851081+00:00,2,2,7,7,586,586,0.0,0.0,0.0,0.0,0,0.0,0.0
2026-10-05T14:11:21.851081+00:00,2,3,7,7,586,586,0.0,0.0,0.0,0.0,0,0.0,0.0
2026-10-05T14:11:22.852236+00:00,1,4294967294,0,0,0,0,0.0,0.0,0.0,0.0,0,0.0,0.0
2026-10-05T14:11:22.852236+00:00,1,1,7,7,586,586,0.0,0.0,0.0,0.0,0,0.0,0.0
2026-10-05T14:11:22.852236+00:00,1,2,7,7,586,586,0.0,0.0,0.0,0.0,0,0.0,0.0
2026-10-05T14:11:22.852236+00:00,1,3,7,7,586,586,0.0,0.0,0.0,0.0,0,0.0,0.0
2026-10-05T14:11:22.852236+00:00,3,4294967294,0,0,0,0,0.0,0.0,0.0,0.0,0,0.0,0.0
2026-10-05T14:11:22.852236+00:00,3,1,7,7,586,586,0.0,0.0,0.0,0.0,0,0.0,0.0
2026-10-05T14:11:22.852236+00:00,3,2,7,7,586,586,0.0,0.0,0.0,0.0,0,0.0,0.0
2026-10-05T14:11:22.852236+00:00,2,4294967294,0,0,0,0,0.0,0.0,0.0,0.0,0,0.0,0.0
2026-10-05T14:11:22.852236+00:00,2,1,7,7,586,586,0.0,0.0,0.0,0.0,0,0.0,0.0
2026-10-05T14:11:22.852236+00:00,2,2,7,7,586,586,0.0,0.0,0.0,0.0,0,0.0,0.0
2026-10-05T14:11:22.852236+00:00,2,3,7,7,586,586,0.0,0.0,0.0,0.0,0,0.0,0.0
2026-10-05T14:11:23.854025+00:00,1,4294967294,0,0,0,0,0.0,0.0,0.0,0.0,0,0.0,0.0
2026-10-05T14:11:23.854025+00:00,1,1,7,7,586,586,0.0,0.0,0.0,0.0,0,0.0,0.0
2026-10-05T14:11:23.854025+00:00,1,2,7,7,586,586,0.0,0.0,0.0,0.0,0,0.0,0.0
2026-10-05T14:11:23.854025+00:00,1,3,7,7,586,586,0.0,0.0,0.0,0.0,0,0.0,0.0
2026-10-05T14:11:23.854025+00:00,3,4294967294,0,0,0,0,0.0,0.0,0.0,0.0,0,0.0,0.0
2026-10-05T14:11:23.854025+00:00,3,1,7,7,586,586,0.0,0.0,0.0,0.0,0,0.0,0.0
2026-10-05T14:11:23.854025+00:00,3,2,7,7,586,586,0.0,0.0,0.0,0.0,0,0.0,0.0
2026-10-05T14:11:23.854025+00:00,2,4294967294,0,0,0,0,0.0,0.0,0.0,0.0,0,0.0,0.0
2026-10-05T14:11:23.854025+00:00,2,1,7,7,586,586,0.0,0.0,0.0,0.0,0,0.0,0.0
2026-10-05T14:11:23.854025+00:00,2,2,7,7,586,586,0.0,0.0,0.0,0.0,0,0.0,0.0
2026-10-05T14:11:23.854025+00:00,2,3,7,7,586,586,0.0,0.0,0.0,0.0,0,0.0,0.0
2026-10-05T14:11:24.855792+00:00,1,4294967294,0,0,0,0,0.0,0.0,0.0,0.0,0,0.0,0.9999962010150453
2026-10-05T14:11:24.855792+00:00,1,1,7,7,586,586,0.0,0.0,0.0,0.0,0,0.0,0.9999962010150453
2026-10-05T14:11:24.855792+00:00,1,2,7,7,586,586,0.0,0.0,0.0,0.0,0,0.0,0.9999962010150453
2026-10-05T14:11:24.855792+00:00,1,3,7,7,586,586,0.0,0.0,0.0,0.0,0,0.0,0.9999962010150453
2026-10-05T14:11:24.855792+00:00,3,4294967294,0,0,0,0,0.0,0.0,0.0,0.0,0,0.0,0.0
2026-10-05T14:11:24.855792+00:00,3,1,7,7,586,586,0.0,0.0,0.0,0.0,0,0.0,0.0
2026-10-05T14:11:24.855792+00:00,3,2,7,7,586,586,0.0,0.0,0.0,0.0,0,0.0,0.0
2026-10-05T14:11:24.855792+00:00,2,4294967294,0,0,0,0,0.0,0.0,0.0,0.0,0,0.0,1.0003832067910698
2026-10-05T14:11:24.855792+00:00,2,1,7,7,586,586,0.0,0.0,0.0,0.0,0,0.0,1.0003832067910698
2026-10-05T14:11:24.855792+00:00,2,2,7,7,586,586,0.0,0.0,0.0,0.0,0,0.0,1.0003832067910698
2026-10-05T14:11:24.855792+00:00,2,3,7,7,586,586,0.0,0.0,0.0,0.0,0,0.0,1.0003832067910698
2026-10-05T14:11:25.858078+00:00,1,4294967294,0,0,0,0,0.0,0.0,0.0,0.0,0,0.0,0.9974835902918742
2026-10-05T14:11:25.858078+00:00,1,1,7,7,586,586,0.0,0.0,0.0,0.0,0,0.0,0.9974835902918742
2026-10-05T14:11:25.858078+00:00,1,2,7,7,586,586,0.0,0.0,0.0,0.0,0,0.0,0.9974835902918742
2026-10-05T14:11:25.858078+00:00,1,3,8,7,656,586,0.9974835902918742,0.0,0.0005585908105634496,0.0,0,0.0,0.9974835902918742
2026-10-05T14:11:25.858078+00:00,3,4294967294,0,0,0,0,0.0,0.0,0.0,0.0,0,0.0,0.9973104143782555
2026-10-05T14:11:25.858078+00:00,3,1,7,7,586,586,0.0,0.0,0.0,0.0,0,0.0,0.9973104143782555
2026-10-05T14:11:25.858078+00:00,3,2,7,7,586,586,0.0,0.0,0.0,0.0,0,0.0,0.9973104143782555
2026-10-05T14:11:25.858078+00:00,2,4294967294,0,0,0,0,0.0,0.0,0.0,0.0,0,0.0,1.9949558996440355
2026-10-05T14:11:25.858078+00:00,2,1,7,7,586,586,0.0,0.0,0.0,0.0,0,0.0,1.9949558996440355
2026-10-05T14:11:25.858078+00:00,2,2,8,7,656,586,0.9974779498220178,0.0,0.0005585876519003299,0.0,0,0.0,1.9949558996440355
2026-10-05T14:11:25.858078+00:00,2,3,7,8,586,656,0.0,0.9974779498220178,0.0,0.0005585876519003299,0,0.0,1.9949558996440355
2026-10-05T14:11:26.859707+00:00,1,4294967294,0,0,0,0,0.0,0.0,0.0,0.0,0,0.0,0.9982808585380543
2026-10-05T14:11:26.859707+00:00,1,1,8,8,656,656,0.9982808585380543,0.9982808585380543,0.0005590372807813104,0.0005590372807813104,0,0.0,0.9982808585380543
2026-10-05T14:11:26.859707+00:00,1,2,7,7,586,586,0.0,0.0,0.0,0.0,0,0.0,0.9982808585380543
2026-10-05T14:11:26.859707+00:00,1,3,8,7,656,586,0.0,0.0,0.0,0.0,0,0.0,0.9982808585380543
2026-10-05T14:11:26.859707+00:00,3,4294967294,0,0,0,0,0.0,0.0,0.0,0.0,0,0.0,0.9985329523889924
2026-10-05T14:11:26.859707+00:00,3,1,8,8,656,656,0.9985329523889924,0.9985329523889924,0.0005591784533378358,0.0005591784533378358,0,0.0,0.9985329523889924
2026-10-05T14:11:26.859707+00:00,3,2,7,8,586,656,0.0,0.9985329523889924,0.0,0.0005591784533378358,0,0.0,0.9985329523889924
2026-10-05T14:11:26.859707+00:00,2,4294967294,0,0,0,0,0.0,0.0,0.0,0.0,0,0.0,0.0
2026-10-05T14:11:26.859707+00:00,2,1,8,7,656,586,0.9985093413812376,0.0,0.000559165231173493,0.0,0,0.0,0.0
2026-10-05T14:11:26.859707+00:00,2,2,8,8,656,656,0.0,0.9985093413812376,0.0,0.000559165231173493,0,0.0,0.0
2026-10-05T14:11:26.859707+00:00,2,3,8,8,656,656,0.9985093413812376,0.0,0.000559165231173493,0.0,0,0.0,0.0
2026-10-05T14:11:27.861463+00:00,1,4294967294,0,0,0,0,0.0,0.0,0.0,0.0,0,0.0,0.0
2026-10-05T14:11:27.861463+00:00,1,1,8,8,656,656,0.0,0.0,0.0,0.0,0,0.0,0.0
2026-10-05T14:11:27.861463+00:00,1,2,8,8,656,656,0.9985446620966937,0.9985446620966937,0.0005591850107741484,0.0005591850107741484,0,0.0,0.0
2026-10-05T14:11:27.861463+00:00,1,3,8,7,656,586,0.0,0.0,0.0,0.0,0,0.0,0.0
2026-10-05T14:11:27.861463+00:00,3,4294967294,0,0,0,0,0.0,0.0,0.0,0.0,0,0.0,0.0
2026-10-05T14:11:27.861463+00:00,3,1,8,8,656,656,0.0,0.0,0.0,0.0,0,0.0,0.0
2026-10-05T14:11:27.861463+00:00,3,2,8,8,656,656,0.9985215271202512,0.0,0.0005591720551873406,0.0,0,0.0,0.0
2026-10-05T14:11:27.861463+00:00,2,4294967294,0,0,0,0,0.0,0.0,0.0,0.0,0,0.0,0.0
2026-10-05T14:11:27.861463+00:00,2,1,8,8,656,656,0.0,0.9985350821301457,0.0,0.0005591796459928816,0,0.0,0.0
2026-10-05T14:11:27.861463+00:00,2,2,8,8,656,656,0.0,0.0,0.0,0.0,0,0.0,0.0
2026-10-05T14:11:27.861463+00:00,2,3,8,8,656,656,0.0,0.0,0.0,0.0,0,0.0,0.0
2026-10-05T14:11:28.863549+00:00,1,4294967294,0,0,0,0,0.0,0.0,0.0,0.0,0,0.0,0.0
2026-10-05T14:11:28.863549+00:00,1,1,8,8,656,656,0.0,0.0,0.0,0.0,0,0.0,0.0
2026-10-05T14:11:28.863549+00:00,1,2,8,8,656,656,0.0,0.0,0.0,0.0,0,0.0,0.0
2026-10-05T14:11:28.863549+00:00,1,3,8,8,656,656,0.0,0.9976616049081932,0.0,0.0005586904987485881,0,0.0,0.0
2026-10-05T14:11:28.863549+00:00,3,4294967294,0,0,0,0,0.0,0.0,0.0,0.0,0,0.0,0.0
2026-10-05T14:11:28.863549+00:00,3,1,8,8,656,656,0.0,0.0,0.0,0.0,0,0.0,0.0
2026-10-05T14:11:28.863549+00:00,3,2,8,8,656,656,0.0,0.0,0.0,0.0,0,0.0,0.0
2026-10-05T14:11:28.863549+00:00,2,4294967294,0,0,0,0,0.0,0.0,0.0,0.0,0,0.0,0.0
2026-10-05T14:11:28.863549+00:00,2,1,8,8,656,656,0.0,0.0,0.0,0.0,0,0.0,0.0
2026-10-05T14:11:28.863549+00:00,2,2,8,8,656,656,0.0,0.0,0.0,0.0,0,0.0,0.0
2026-10-05T14:11:28.863549+00:00,2,3,8,8,656,656,0.0,0.0,0.0,0.0,0,0.0,0.0
2026-10-05T14:11:29.864249+00:00,1,4294967294,0,0,0,0,0.0,0.0,0.0,0.0,0,0.0,0.0
2026-10-05T14:11:29.864249+00:00,1,1,8,8,656,656,0.0,0.0,0.0,0.0,0,0.0,0.0
2026-10-05T14:11:29.864249+00:00,1,2,8,8,656,656,0.0,0.0,0.0,0.0,0,0.0,0.0
2026-10-05T14:11:29.864249+00:00,1,3,8,8,656,656,0.0,0.0,0.0,0.0,0,0.0,0.0
2026-10-05T14:11:29.864249+00:00,3,4294967294,0,0,0,0,0.0,0.0,0.0,0.0,0,0.0,0.0
2026-10-05T14:11:29.864249+00:00,3,1,8,8,656,656,0.0,0.0,0.0,0.0,0,0.0,0.0
2026-10-05T14:11:29.864249+00:00,3,2,8,8,656,656,0.0,0.0,0.0,0.0,0,0.0,0.0
2026-10-05T14:11:29.864249+00:00,2,4294967294,0,0,0,0,0.0,0.0,0.0,0.0,0,0.0,0.0
2026-10-05T14:11:29.864249+00:00,2,1,8,8,656,656,0.0,0.0,0.0,0.0,0,0.0,0.0
2026-10-05T14:11:29.864249+00:00,2,2,8,8,656,656,0.0,0.0,0.0,0.0,0,0.0,0.0
2026-10-05T14:11:29.864249+00:00,2,3,8,8,656,656,0.0,0.0,0.0,0.0,0,0.0,0.0
2026-10-05T14:11:30.865216+00:00,1,4294967294,0,0,0,0,0.0,0.0,0.0,0.0,0,0.0,0.0
2026-10-05T14:11:30.865216+00:00,1,1,8,8,656,656,0.0,0.0,0.0,0.0,0,0.0,0.0
2026-10-05T14:11:30.865216+00:00,1,2,8,8,656,656,0.0,0.0,0.0,0.0,0,0.0,0.0
2026-10-05T14:11:30.865216+00:00,1,3,8,8,656,656,0.0,0.0,0.0,0.0,0,0.0,0.0
2026-10-05T14:11:30.865216+00:00,3,4294967294,0,0,0,0,0.0,0.0,0.0,0.0,0,0.0,0.0
2026-10-05T14:11:30.865216+00:00,3,1,8,8,656,656,0.0,0.0,0.0,0.0,0,0.0,0.0
2026-10-05T14:11:30.865216+00:00,3,2,8,8,656,656,0.0,0.0,0.0,0.0,0,0.0,0.0
2026-10-05T14:11:30.865216+00:00,2,4294967294,0,0,0,0,0.0,0.0,0.0,0.0,0,0.0,0.0
2026-10-05T14:11:30.865216+00:00,2,1,8,8,656,656,0.0,0.0,0.0,0.0,0,0.0,0.0
2026-10-05T14:11:30.865216+00:00,2,2,8,8,656,656,0.0,0.0,0.0,0.0,0,0.0,0.0
2026-10-05T14:11:30.865216+00:00,2,3,8,8,656,656,0.0,0.0,0.0,0.0,0,0.0,0.0
2026-10-05T14:11:31.867210+00:00,1,4294967294,0,0,0,0,0.0,0.0,0.0,0.0,0,0.0,0.0
2026-10-05T14:11:31.867210+00:00,1,1,8,8,656,656,0.0,0.0,0.0,0.0,0,0.0,0.0
2026-10-05T14:11:31.867210+00:00,1,2,8,8,656,656,0.0,0.0,0.0,0.0,0,0.0,0.0
2026-10-05T14:11:31.867210+00:00,1,3,8,8,656,656,0.0,0.0,0.0,0.0,0,0.0,0.0
2026-10-05T14:11:31.867210+00:00,3,4294967294,0,0,0,0,0.0,0.0,0.0,0.0,0,0.0,0.0
2026-10-05T14:11:31.867210+00:00,3,1,8,8,656,656,0.0,0.0,0.0,0.0,0,0.0,0.0
2026-10-05T14:11:31.867210+00:00,3,2,8,8,656,656,0.0,0.0,0.0,0.0,0,0.0,0.0
2026-10-05T14:11:31.867210+00:00,2,4294967294,0,0,0,0,0.0,0.0,0.0,0.0,0,0.0,0.0
2026-10-05T14:11:31.867210+00:00,2,1,8,8,656,656,0.0,0.0,0.0,0.0,0,0.0,0.0
2026-10-05T14:11:31.867210+00:00,2,2,8,8,656,656,0.0,0.0,0.0,0.0,0,0.0,0.0
2026-10-05T14:11:31.867210+00:00,2,3,8,8,656,656,0.0,0.0,0.0,0.0,0,0.0,0.0
2026-10-05T14:11:32.869636+00:00,1,4294967294,0,0,0,0,0.0,0.0,0.0,0.0,0,0.0,0.0
2026-10-05T14:11:32.869636+00:00,1,1,8,8,656,656,0.0,0.0,0.0,0.0,0,0.0,0.0
2026-10-05T14:11:32.869636+00:00,1,2,8,8,656,656,0.0,0.0,0.0,0.0,0,0.0,0.0
2026-10-05T14:11:32.869636+00:00,1,3,8,8,656,656,0.0,0.0,0.0,0.0,0,0.0,0.0
2026-10-05T14:11:32.869636+00:00,3,4294967294,0,0,0,0,0.0,0.0,0.0,0.0,0,0.0,0.0
2026-10-05T14:11:32.869636+00:00,3,1,8,8,656,656,0.0,0.0,0.0,0.0,0,0.0,0.0
2026-10-05T14:11:32.869636+00:00,3,2,8,8,656,656,0.0,0.0,0.0,0.0,0,0.0,0.0
2026-10-05T14:11:32.869636+00:00,2,4294967294,0,0,0,0,0.0,0.0,0.0,0.0,0,0.0,0.0
2026-10-05T14:11:32.869636+00:00,2,1,8,8,656,656,0.0,0.0,0.0,0.0,0,0.0,0.0
2026-10-05T14:11:32.869636+00:00,2,2,8,8,656,656,0.0,0.0,0.0,0.0,0,0.0,0.0
2026-10-05T14:11:32.869636+00:00,2,3,8,8,656,656,0.0,0.0,0.0,0.0,0,0.0,0.0
2026-10-05T14:11:33.872037+00:00,1,4294967294,0,0,0,0,0.0,0.0,0.0,0.0,0,0.0,15.966300918547732
2026-10-05T14:11:33.872037+00:00,1,1,8,8,656,656,0.0,0.0,0.0,0.0,0,0.0,15.966300918547732
2026-10-05T14:11:33.872037+00:00,1,2,8,8,656,656,0.0,0.0,0.0,0.0,0,0.0,15.966300918547732
2026-10-05T14:11:33.872037+00:00,1,3,8,8,656,656,0.0,0.0,0.0,0.0,0,0.0,15.966300918547732
2026-10-05T14:11:33.872037+00:00,3,4294967294,0,0,0,0,0.0,0.0,0.0,0.0,0,0.0,19.95968277810202
2026-10-05T14:11:33.872037+00:00,3,1,8,8,656,656,0.0,0.0,0.0,0.0,0,0.0,19.95968277810202
2026-10-05T14:11:33.872037+00:00,3,2,8,8,656,656,0.0,0.0,0.0,0.0,0,0.0,19.95968277810202
2026-10-05T14:11:33.872037+00:00,2,4294967294,0,0,0,0,0.0,0.0,0.0,0.0,0,0.0,25.94682139272902
2026-10-05T14:11:33.872037+00:00,2,1,8,8,656,656,0.0,0.0,0.0,0.0,0,0.0,25.94682139272902
2026-10-05T14:11:33.872037+00:00,2,2,8,8,656,656,0.0,0.0,0.0,0.0,0,0.0,25.94682139272902
2026-10-05T14:11:33.872037+00:00,2,3,8,8,656,656,0.0,0.0,0.0,0.0,0,0.0,25.94682139272902
2026-10-05T14:11:34.873121+00:00,1,4294967294,0,0,0,0,0.0,0.0,0.0,0.0,2,1.9981732919554644,0.0
2026-10-05T14:11:34.873121+00:00,1,1,138,267,8180,14630,129.8812639771052,258.76344130823264,0.06013702339469166,0.11168989432714264,2,1.9981732919554644,0.0
2026-10-05T14:11:34.873121+00:00,1,2,267,138,14630,8180,258.76344130823264,129.8812639771052,0.11168989432714264,0.06013702339469166,2,1.9981732919554644,0.0
2026-10-05T14:11:34.873121+00:00,1,3,8,9,656,698,0.0,0.9990866459777322,0.0,0.000335693113048518,2,1.9981732919554644,0.0
2026-10-05T14:11:34.873121+00:00,3,4294967294,0,0,0,0,0.0,0.0,0.0,0.0,2,1.9970462687181814,0.0
2026-10-05T14:11:34.873121+00:00,3,1,267,138,14630,8180,258.6174917990045,129.8080074666818,0.11162689823627148,0.060103104503342386,2,1.9970462687181814,0.0
2026-10-05T14:11:34.873121+00:00,3,2,138,267,8180,14630,129.8080074666818,258.6174917990045,0.060103104503342386,0.11162689823627148,2,1.9970462687181814,0.0
2026-10-05T14:11:34.873121+00:00,2,4294967294,0,0,0,0,0.0,0.0,0.0,0.0,2,1.9971490956343676,0.0
2026-10-05T14:11:34.873121+00:00,2,1,267,138,14630,8180,258.6308078846506,129.8146912162339,0.11163264584957862,0.06010619918221193,2,1.9971490956343676,0.0
2026-10-05T14:11:34.873121+00:00,2,2,8,9,656,698,0.0,0.9985745478171838,0.0,0.00033552104806657375,2,1.9971490956343676,0.0
2026-10-05T14:11:34.873121+00:00,2,3,138,267,8180,14630,129.8146912162339,258.6308078846506,0.06010619918221193,0.11163264584957862,2,1.9971490956343676,0.0
2026-10-05T14:11:35.873995+00:00,1,4294967294,0,0,0,0,0.0,0.0,0.0,0.0,2,0.0,0.0
2026-10-05T14:11:35.873995+00:00,1,1,1009,2009,58698,108698,869.8060355223132,1739.6120710446264,0.40359000048235333,0.7515124146912786,2,0.0,0.0
2026-10-05T14:11:35.873995+00:00,1,2,2009,1009,108698,58698,1739.6120710446264,869.8060355223132,0.7515124146912786,0.40359000048235333,2,0.0,0.0
2026-10-05T14:11:35.873995+00:00,1,3,8,9,656,698,0.0,0.0,0.0,0.0,2,0.0,0.0
2026-10-05T14:11:35.873995+00:00,3,4294967294,0,0,0,0,0.0,0.0,0.0,0.0,2,0.0,0.0
2026-10-05T14:11:35.873995+00:00,3,1,2009,1009,108698,58698,1738.9135189221936,869.4567594610968,0.7512106401743877,0.4034279363899489,2,0.0,0.0
2026-10-05T14:11:35.873995+00:00,3,2,1009,2009,58698,108698,869.4567594610968,1738.9135189221936,0.4034279363899489,0.7512106401743877,2,0.0,0.0
2026-10-05T14:11:35.873995+00:00,2,4294967294,0,0,0,0,0.0,0.0,0.0,0.0,2,0.0,0.0
2026-10-05T14:11:35.873995+00:00,2,1,2009,1009,108698,58698,1738.7596874328428,869.3798437164214,0.7511441849709881,0.40339224748441954,2,0.0,0.0
2026-10-05T14:11:35.873995+00:00,2,2,8,9,656,698,0.0,0.0,0.0,0.0,2,0.0,0.0
2026-10-05T14:11:35.873995+00:00,2,3,1009,2009,58698,108698,869.3798437164214,1738.7596874328428,0.40339224748441954,0.7511441849709881,2,0.0,0.0
2026-10-05T14:11:36.875928+00:00,1,4294967294,0,0,0,0,0.0,0.0,0.0,0.0,2,0.0,0.0
2026-10-05T14:11:36.875928+00:00,1,1,1009,2009,58698,108698,0.0,0.0,0.0,0.0,2,0.0,0.0
2026-10-05T14:11:36.875928+00:00,1,2,2009,1009,108698,58698,0.0,0.0,0.0,0.0,2,0.0,0.0
2026-10-05T14:11:36.875928+00:00,1,3,8,9,656,698,0.0,0.0,0.0,0.0,2,0.0,0.0
2026-10-05T14:11:36.875928+00:00,3,4294967294,0,0,0,0,0.0,0.0,0.0,0.0,2,0.0,0.0
2026-10-05T14:11:36.875928+00:00,3,1,2009,1009,108698,58698,0.0,0.0,0.0,0.0,2,0.0,0.0
2026-10-05T14:11:36.875928+00:00,3,2,1009,2009,58698,108698,0.0,0.0,0.0,0.0,2,0.0,0.0
2026-10-05T14:11:36.875928+00:00,2,4294967294,0,0,0,0,0.0,0.0,0.0,0.0,2,0.0,0.0
2026-10-05T14:11:36.875928+00:00,2,1,2009,1009,108698,58698,0.0,0.0,0.0,0.0,2,0.0,0.0
2026-10-05T14:11:36.875928+00:00,2,2,8,9,656,698,0.0,0.0,0.0,0.0,2,0.0,0.0
2026-10-05T14:11:36.875928+00:00,2,3,1009,2009,58698,108698,0.0,0.0,0.0,0.0,2,0.0,0.0
2026-10-05T14:11:37.877701+00:00,1,4294967294,0,0,0,0,0.0,0.0,0.0,0.0,2,0.0,0.0
2026-10-05T14:11:37.877701+00:00,1,1,1009,2009,58698,108698,0.0,0.0,0.0,0.0,2,0.0,0.0
2026-10-05T14:11:37.877701+00:00,1,2,2009,1009,108698,58698,0.0,0.0,0.0,0.0,2,0.0,0.0
2026-10-05T14:11:37.877701+00:00,1,3,8,9,656,698,0.0,0.0,0.0,0.0,2,0.0,0.0
2026-10-05T14:11:37.877701+00:00,3,4294967294,0,0,0,0,0.0,0.0,0.0,0.0,2,0.0,0.0
2026-10-05T14:11:37.877701+00:00,3,1,2009,1009,108698,58698,0.0,0.0,0.0,0.0,2,0.0,0.0
2026-10-05T14:11:37.877701+00:00,3,2,1009,2009,58698,108698,0.0,0.0,0.0,0.0,2,0.0,0.0
2026-10-05T14:11:37.877701+00:00,2,4294967294,0,0,0,0,0.0,0.0,0.0,0.0,2,0.0,0.0
2026-10-05T14:11:37.877701+00:00,2,1,2009,1009,108698,58698,0.0,0.0,0.0,0.0,2,0.0,0.0
2026-10-05T14:11:37.877701+00:00,2,2,8,9,656,698,0.0,0.0,0.0,0.0,2,0.0,0.0
2026-10-05T14:11:37.877701+00:00,2,3,1009,2009,58698,108698,0.0,0.0,0.0,0.0,2,0.0,0.0
2026-10-05T14:11:38.879241+00:00,1,4294967294,0,0,0,0,0.0,0.0,0.0,0.0,2,0.0,0.0
2026-10-05T14:11:38.879241+00:00,1,1,1009,2009,58698,108698,0.0,0.0,0.0,0.0,2,0.0,0.0
2026-10-05T14:11:38.879241+00:00,1,2,2009,1009,108698,58698,0.0,0.0,0.0,0.0,2,0.0,0.0
2026-10-05T14:11:38.879241+00:00,1,3,8,9,656,698,0.0,0.0,0.0,0.0,2,0.0,0.0
2026-10-05T14:11:38.879241+00:00,3,4294967294,0,0,0,0,0.0,0.0,0.0,0.0,2,0.0,0.0
2026-10-05T14:11:38.879241+00:00,3,1,2009,1009,108698,58698,0.0,0.0,0.0,0.0,2,0.0,0.0
2026-10-05T14:11:38.879241+00:00,3,2,1009,2009,58698,108698,0.0,0.0,0.0,0.0,2,0.0,0.0
2026-10-05T14:11:38.879241+00:00,2,4294967294,0,0,0,0,0.0,0.0,0.0,0.0,2,0.0,0.0
2026-10-05T14:11:38.879241+00:00,2,1,2009,1009,108698,58698,0.0,0.0,0.0,0.0,2,0.0,0.0
2026-10-05T14:11:38.879241+00:00,2,2,8,9,656,698,0.0,0.0,0.0,0.0,2,0.0,0.0
2026-10-05T14:11:38.879241+00:00,2,3,1009,2009,58698,108698,0.0,0.0,0.0,0.0,2,0.0,0.0
2026-10-05T14:11:39.880908+00:00,1,4294967294,0,0,0,0,0.0,0.0,0.0,0.0,2,0.0,0.9988449865979268
2026-10-05T14:11:39.880908+00:00,1,1,1009,2009,58698,108698,0.0,0.0,0.0,0.0,2,0.0,0.9988449865979268
2026-10-05T14:11:39.880908+00:00,1,2,2009,1009,108698,58698,0.0,0.0,0.0,0.0,2,0.0,0.9988449865979268
2026-10-05T14:11:39.880908+00:00,1,3,8,9,656,698,0.0,0.0,0.0,0.0,2,0.0,0.9988449865979268
2026-10-05T14:11:39.880908+00:00,3,4294967294,0,0,0,0,0.0,0.0,0.0,0.0,2,0.0,0.0
2026-10-05T14:11:39.880908+00:00,3,1,2009,1009,108698,58698,0.0,0.0,0.0,0.0,2,0.0,0.0
2026-10-05T14:11:39.880908+00:00,3,2,1009,2009,58698,108698,0.0,0.0,0.0,0.0,2,0.0,0.0
2026-10-05T14:11:39.880908+00:00,2,4294967294,0,0,0,0,0.0,0.0,0.0,0.0,2,0.0,0.997982597142298
2026-10-05T14:11:39.880908+00:00,2,1,2009,1009,108698,58698,0.0,0.0,0.0,0.0,2,0.0,0.997982597142298
2026-10-05T14:11:39.880908+00:00,2,2,8,9,656,698,0.0,0.0,0.0,0.0,2,0.0,0.997982597142298
2026-10-05T14:11:39.880908+00:00,2,3,1009,2009,58698,108698,0.0,0.0,0.0,0.0,2,0.0,0.997982597142298
2026-10-05T14:11:40.883218+00:00,1,4294967294,0,0,0,0,0.0,0.0,0.0,0.0,2,0.0,0.0
2026-10-05T14:11:40.883218+00:00,1,1,1010,2010,58740,108740,0.9977256375166856,0.9977256375166856,0.00033523581420560634,0.00033523581420560634,2,0.0,0.0
2026-10-05T14:11:40.883218+00:00,1,2,2010,1010,108740,58740,0.9977256375166856,0.9977256375166856,0.00033523581420560634,0.00033523581420560634,2,0.0,0.0
2026-10-05T14:11:40.883218+00:00,1,3,9,9,726,698,0.9977256375166856,0.0,0.0005587263570093439,0.0,2,0.0,0.0
2026-10-05T14:11:40.883218+00:00,3,4294967294,0,0,0,0,0.0,0.0,0.0,0.0,2,0.0,0.9983025073791039
2026-10-05T14:11:40.883218+00:00,3,1,2010,1010,108740,58740,0.9983025073791039,0.9983025073791039,0.00033542964247937893,0.00033542964247937893,2,0.0,0.9983025073791039
2026-10-05T14:11:40.883218+00:00,3,2,1010,2010,58740,108740,0.9983025073791039,0.9983025073791039,0.00033542964247937893,0.00033542964247937893,2,0.0,0.9983025073791039
2026-10-05T14:11:40.883218+00:00,2,4294967294,0,0,0,0,0.0,0.0,0.0,0.0,2,0.0,0.0
2026-10-05T14:11:40.883218+00:00,2,1,2010,1010,108740,58740,0.9983024047300398,0.9983024047300398,0.0003354296079892934,0.0003354296079892934,2,0.0,0.0
2026-10-05T14:11:40.883218+00:00,2,2,9,9,726,698,0.9983024047300398,0.0,0.0005590493466488223,0.0,2,0.0,0.0
2026-10-05T14:11:40.883218+00:00,2,3,1010,2010,58740,108740,0.9983024047300398,0.9983024047300398,0.0003354296079892934,0.0003354296079892934,2,0.0,0.0
2026-10-05T14:11:41.885016+00:00,1,4294967294,0,0,0,0,0.0,0.0,0.0,0.0,2,0.0,0.99781811901433
2026-10-05T14:11:41.885016+00:00,1,1,1010,2011,58740,108810,0.0,0.99781811901433,0.0,0.0005587781466480249,2,0.0,0.99781811901433
2026-10-05T14:11:41.885016+00:00,1,2,2010,1010,108740,58740,0.0,0.0,0.0,0.0,2,0.0,0.99781811901433
2026-10-05T14:11:41.885016+00:00,1,3,9,9,726,698,0.0,0.0,0.0,0.0,2,0.0,0.99781811901433
2026-10-05T14:11:41.885016+00:00,3,4294967294,0,0,0,0,0.0,0.0,0.0,0.0,2,0.0,0.0
2026-10-05T14:11:41.885016+00:00,3,1,2011,1010,108810,58740,0.9983555177778305,0.0,0.0005590790899555852,0.0,2,0.0,0.0
2026-10-05T14:11:41.885016+00:00,3,2,1010,2010,58740,108740,0.0,0.0,0.0,0.0,2,0.0,0.0
2026-10-05T14:11:41.885016+00:00,2,4294967294,0,0,0,0,0.0,0.0,0.0,0.0,2,0.0,0.9982784777518885
2026-10-05T14:11:41.885016+00:00,2,1,2010,1010,108740,58740,0.0,0.0,0.0,0.0,2,0.0,0.9982784777518885
2026-10-05T14:11:41.885016+00:00,2,2,9,9,726,698,0.0,0.0,0.0,0.0,2,0.0,0.9982784777518885
2026-10-05T14:11:41.885016+00:00,2,3,1010,2011,58740,108810,0.0,0.9982784777518885,0.0,0.0005590359475410576,2,0.0,0.9982784777518885
2026-10-05T14:30:29.150043+00:00,1,4294967294,0,0,0,0,0.0,0.0,0.0,0.0,0,0.0,14.0
2026-10-05T14:30:29.150043+00:00,1,1,3,3,266,266,0.0,0.0,0.0,0.0,0,0.0,14.0
2026-10-05T14:30:29.150043+00:00,1,2,3,3,266,266,0.0,0.0,0.0,0.0,0,0.0,14.0
2026-10-05T14:30:29.150043+00:00,1,3,3,3,266,266,0.0,0.0,0.0,0.0,0,0.0,14.0
2026-10-05T14:30:29.150043+00:00,3,4294967294,0,0,0,0,0.0,0.0,0.0,0.0,0,0.0,10.0
2026-10-05T14:30:29.150043+00:00,3,1,3,3,266,266,0.0,0.0,0.0,0.0,0,0.0,10.0
2026-10-05T14:30:29.150043+00:00,3,2,3,3,266,266,0.0,0.0,0.0,0.0,0,0.0,10.0
2026-10-05T14:30:29.150043+00:00,2,4294967294,0,0,0,0,0.0,0.0,0.0,0.0,0,0.0,13.0
2026-10-05T14:30:29.150043+00:00,2,1,3,3,266,266,0.0,0.0,0.0,0.0,0,0.0,13.0
2026-10-05T14:30:29.150043+00:00,2,2,3,3,266,266,0.0,0.0,0.0,0.0,0,0.0,13.0
2026-10-05T14:30:29.150043+00:00,2,3,3,3,266,266,0.0,0.0,0.0,0.0,0,0.0,13.0
2026-10-05T14:30:30.154800+00:00,1,4294967294,0,0,0,0,0.0,0.0,0.0,0.0,0,0.0,0.9951919173486898
2026-10-05T14:30:30.154800+00:00,1,1,6,6,516,516,2.9855757520460697,2.9855757520460697,0.00199038383469738,0.00199038383469738,0,0.0,0.9951919173486898
2026-10-05T14:30:30.154800+00:00,1,2,6,5,516,426,2.9855757520460697,1.9903838346973797,0.00199038383469738,0.001273845654206323,0,0.0,0.9951919173486898
2026-10-05T14:30:30.154800+00:00,1,3,5,5,426,426,1.9903838346973797,1.9903838346973797,0.001273845654206323,0.001273845654206323,0,0.0,0.9951919173486898
2026-10-05T14:30:30.154800+00:00,3,4294967294,0,0,0,0,0.0,0.0,0.0,0.0,0,0.0,0.0
2026-10-05T14:30:30.154800+00:00,3,1,6,6,516,516,2.9851629045224466,2.9851629045224466,0.0019901086030149643,0.0019901086030149643,0,0.0,0.0
2026-10-05T14:30:30.154800+00:00,3,2,6,5,516,426,2.9851629045224466,1.9901086030149644,0.0019901086030149643,0.0012736695059295772,0,0.0,0.0
2026-10-05T14:30:30.154800+00:00,2,4294967294,0,0,0,0,0.0,0.0,0.0,0.0,0,0.0,1.9901674661797588
2026-10-05T14:30:30.154800+00:00,2,1,5,6,426,516,1.9901674661797588,2.985251199269638,0.0012737071783550458,0.0019901674661797586,0,0.0,1.9901674661797588
2026-10-05T14:30:30.154800+00:00,2,2,5,5,426,426,1.9901674661797588,1.9901674661797588,0.0012737071783550458,0.0012737071783550458,0,0.0,1.9901674661797588
2026-10-05T14:30:30.154800+00:00,2,3,6,6,516,516,2.985251199269638,2.985251199269638,0.0019901674661797586,0.0019901674661797586,0,0.0,1.9901674661797588
2026-10-05T14:30:31.157816+00:00,1,4294967294,0,0,0,0,0.0,0.0,0.0,0.0,0,0.0,0.0
2026-10-05T14:30:31.157816+00:00,1,1,6,6,516,516,0.0,0.0,0.0,0.0,0,0.0,0.0
2026-10-05T14:30:31.157816+00:00,1,2,6,6,516,516,0.0,0.9969996680815683,0.0,0.0007178397610187292,0,0.0,0.0
2026-10-05T14:30:31.157816+00:00,1,3,6,6,516,516,0.9969996680815683,0.9969996680815683,0.0007178397610187292,0.0007178397610187292,0,0.0,0.0
2026-10-05T14:30:31.157816+00:00,3,4294967294,0,0,0,0,0.0,0.0,0.0,0.0,0,0.0,0.0
2026-10-05T14:30:31.157816+00:00,3,1,6,6,516,516,0.0,0.0,0.0,0.0,0,0.0,0.0
2026-10-05T14:30:31.157816+00:00,3,2,6,6,516,516,0.0,0.997441122652676,0.0,0.0007181576083099268,0,0.0,0.0
2026-10-05T14:30:31.157816+00:00,2,4294967294,0,0,0,0,0.0,0.0,0.0,0.0,0,0.0,0.0
2026-10-05T14:30:31.157816+00:00,2,1,6,6,516,516,0.9971098939246074,0.0,0.0007179191236257173,0.0,0,0.0,0.0
2026-10-05T14:30:31.157816+00:00,2,2,6,6,516,516,0.9971098939246074,0.9971098939246074,0.0007179191236257173,0.0007179191236257173,0,0.0,0.0
2026-10-05T14:30:31.157816+00:00,2,3,6,6,516,516,0.0,0.0,0.0,0.0,0,0.0,0.0
2026-10-05T14:30:32.159701+00:00,1,4294967294,0,0,0,0,0.0,0.0,0.0,0.0,0,0.0,0.0
2026-10-05T14:30:32.159701+00:00,1,1,6,6,516,516,0.0,0.0,0.0,0.0,0,0.0,0.0
2026-10-05T14:30:32.159701+00:00,1,2,6,6,516,516,0.0,0.0,0.0,0.0,0,0.0,0.0
2026-10-05T14:30:32.159701+00:00,1,3,6,6,516,516,0.0,0.0,0.0,0.0,0,0.0,0.0
2026-10-05T14:30:32.159701+00:00,3,4294967294,0,0,0,0,0.0,0.0,0.0,0.0,0,0.0,0.0
2026-10-05T14:30:32.159701+00:00,3,1,6,6,516,516,0.0,0.0,0.0,0.0,0,0.0,0.0
2026-10-05T14:30:32.159701+00:00,3,2,6,6,516,516,0.0,0.0,0.0,0.0,0,0.0,0.0
2026-10-05T14:30:32.159701+00:00,2,4294967294,0,0,0,0,0.0,0.0,0.0,0.0,0,0.0,0.0
2026-10-05T14:30:32.159701+00:00,2,1,6,6,516,516,0.0,0.0,0.0,0.0,0,0.0,0.0
2026-10-05T14:30:32.159701+00:00,2,2,6,6,516,516,0.0,0.0,0.0,0.0,0,0.0,0.0
2026-10-05T14:30:32.159701+00:00,2,3,6,6,516,516,0.0,0.0,0.0,0.0,0,0.0,0.0
2026-10-05T14:30:33.160779+00:00,1,4294967294,0,0,0,0,0.0,0.0,0.0,0.0,0,0.0,1.9967527349348468
2026-10-05T14:30:33.160779+00:00,1,1,6,6,516,516,0.0,0.0,0.0,0.0,0,0.0,1.9967527349348468
2026-10-05T14:30:33.160779+00:00,1,2,6,6,516,516,0.0,0.0,0.0,0.0,0,0.0,1.9967527349348468
2026-10-05T14:30:33.160779+00:00,1,3,6,6,516,516,0.0,0.0,0.0,0.0,0,0.0,1.9967527349348468
2026-10-05T14:30:33.160779+00:00,3,4294967294,0,0,0,0,0.0,0.0,0.0,0.0,0,0.0,1.9971431207169494
2026-10-05T14:30:33.160779+00:00,3,1,6,6,516,516,0.0,0.0,0.0,0.0,0,0.0,1.9971431207169494
2026-10-05T14:30:33.160779+00:00,3,2,6,6,516,516,0.0,0.0,0.0,0.0,0,0.0,1.9971431207169494
2026-10-05T14:30:33.160779+00:00,2,4294967294,0,0,0,0,0.0,0.0,0.0,0.0,0,0.0,2.9957255878905524
2026-10-05T14:30:33.160779+00:00,2,1,6,6,516,516,0.0,0.0,0.0,0.0,0,0.0,2.9957255878905524
2026-10-05T14:30:33.160779+00:00,2,2,6,6,516,516,0.0,0.0,0.0,0.0,0,0.0,2.9957255878905524
2026-10-05T14:30:33.160779+00:00,2,3,6,6,516,516,0.0,0.0,0.0,0.0,0,0.0,2.9957255878905524
2026-10-05T14:30:34.161887+00:00,1,4294967294,0,0,0,0,0.0,0.0,0.0,0.0,0,0.0,0.9983895527254004
2026-10-05T14:30:34.161887+00:00,1,1,7,7,586,586,0.9983895527254004,0.9983895527254004,0.0005590981495262243,0.0005590981495262243,0,0.0,0.9983895527254004
2026-10-05T14:30:34.161887+00:00,1,2,7,7,586,586,0.9983895527254004,0.9983895527254004,0.0005590981495262243,0.0005590981495262243,0,0.0,0.9983895527254004
2026-10-05T14:30:34.161887+00:00,1,3,6,7,516,586,0.0,0.9983895527254004,0.0,0.0005590981495262243,0,0.0,0.9983895527254004
2026-10-05T14:30:34.161887+00:00,3,4294967294,0,0,0,0,0.0,0.0,0.0,0.0,0,0.0,0.0
2026-10-05T14:30:34.161887+00:00,3,1,7,7,586,586,0.9986634018864152,0.9986634018864152,0.0005592515050563925,0.0005592515050563925,0,0.0,0.0
2026-10-05T14:30:34.161887+00:00,3,2,7,7,586,586,0.9986634018864152,0.9986634018864152,0.0005592515050563925,0.0005592515050563925,0,0.0,0.0
2026-10-05T14:30:34.161887+00:00,2,4294967294,0,0,0,0,0.0,0.0,0.0,0.0,0,0.0,0.0
2026-10-05T14:30:34.161887+00:00,2,1,7,7,586,586,0.9982801071250204,0.9982801071250204,0.0005590368599900114,0.0005590368599900114,0,0.0,0.0
2026-10-05T14:30:34.161887+00:00,2,2,7,7,586,586,0.9982801071250204,0.9982801071250204,0.0005590368599900114,0.0005590368599900114,0,0.0,0.0
2026-10-05T14:30:34.161887+00:00,2,3,7,7,586,586,0.9982801071250204,0.9982801071250204,0.0005590368599900114,0.0005590368599900114,0,0.0,0.0
2026-10-05T14:30:35.163228+00:00,1,4294967294,0,0,0,0,0.0,0.0,0.0,0.0,0,0.0,0.0
2026-10-05T14:30:35.163228+00:00,1,1,7,7,586,586,0.0,0.0,0.0,0.0,0,0.0,0.0
2026-10-05T14:30:35.163228+00:00,1,2,7,7,586,586,0.0,0.0,0.0,0.0,0,0.0,0.0
2026-10-05T14:30:35.163228+00:00,1,3,7,7,586,586,1.000013665188196,0.0,0.0005600076525053897,0.0,0,0.0,0.0
2026-10-05T14:30:35.163228+00:00,3,4294967294,0,0,0,0,0.0,0.0,0.0,0.0,0,0.0,0.0
2026-10-05T14:30:35.163228+00:00,3,1,7,7,586,586,0.0,0.0,0.0,0.0,0,0.0,0.0
2026-10-05T14:30:35.163228+00:00,3,2,7,7,586,586,0.0,0.0,0.0,0.0,0,0.0,0.0
2026-10-05T14:30:35.163228+00:00,2,4294967294,0,0,0,0,0.0,0.0,0.0,0.0,0,0.0,0.0
2026-10-05T14:30:35.163228+00:00,2,1,7,7,586,586,0.0,0.0,0.0,0.0,0,0.0,0.0
2026-10-05T14:30:35.163228+00:00,2,2,7,7,586,586,0.0,0.0,0.0,0.0,0,0.0,0.0
2026-10-05T14:30:35.163228+00:00,2,3,7,7,586,586,0.0,0.0,0.0,0.0,0,0.0,0.0
2026-10-05T14:30:36.165021+00:00,1,4294967294,0,0,0,0,0.0,0.0,0.0,0.0,0,0.0,0.0
2026-10-05T14:30:36.165021+00:00,1,1,7,7,586,586,0.0,0.0,0.0,0.0,0,0.0,0.0
2026-10-05T14:30:36.165021+00:00,1,2,7,7,586,586,0.0,0.0,0.0,0.0,0,0.0,0.0
2026-10-05T14:30:36.165021+00:00,1,3,7,7,586,586,0.0,0.0,0.0,0.0,0,0.0,0.0
2026-10-05T14:30:36.165021+00:00,3,4294967294,0,0,0,0,0.0,0.0,0.0,0.0,0,0.0,0.0
2026-10-05T14:30:36.165021+00:00,3,1,7,7,586,586,0.0,0.0,0.0,0.0,0,0.0,0.0
2026-10-05T14:30:36.165021+00:00,3,2,7,7,586,586,0.0,0.0,0.0,0.0,0,0.0,0.0
2026-10-05T14:30:36.165021+00:00,2,4294967294,0,0,0,0,0.0,0.0,0.0,0.0,0,0.0,0.0
2026-10-05T14:30:36.165021+00:00,2,1,7,7,586,586,0.0,0.0,0.0,0.0,0,0.0,0.0
2026-10-05T14:30:36.165021+00:00,2,2,7,7,586,586,0.0,0.0,0.0,0.0,0,0.0,0.0
2026-10-05T14:30:36.165021+00:00,2,3,7,7,586,586,0.0,0.0,0.0,0.0,0,0.0,0.0
2026-10-05T14:30:37.166718+00:00,1,4294967294,0,0,0,0,0.0,0.0,0.0,0.0,0,0.0,0.0
2026-10-05T14:30:37.166718+00:00,1,1,7,7,586,586,0.0,0.0,0.0,0.0,0,0.0,0.0
2026-10-05T14:30:37.166718+00:00,1,2,7,7,586,586,0.0,0.0,0.0,0.0,0,0.0,0.0
2026-10-05T14:30:37.166718+00:00,1,3,7,7,586,586,0.0,0.0,0.0,0.0,0,0.0,0.0
2026-10-05T14:30:37.166718+00:00,3,4294967294,0,0,0,0,0.0,0.0,0.0,0.0,0,0.0,0.0
2026-10-05T14:30:37.166718+00:00,3,1,7,7,586,586,0.0,0.0,0.0,0.0,0,0.0,0.0
2026-10-05T14:30:37.166718+00:00,3,2,7,7,586,586,0.0,0.0,0.0,0.0,0,0.0,0.0
2026-10-05T14:30:37.166718+00:00,2,4294967294,0,0,0,0,0.0,0.0,0.0,0.0,0,0.0,0.0
2026-10-05T14:30:37.166718+00:00,2,1,7,7,586,586,0.0,0.0,0.0,0.0,0,0.0,0.0
2026-10-05T14:30:37.166718+00:00,2,2,7,7,586,586,0.0,0.0,0.0,0.0,0,0.0,0.0
2026-10-05T14:30:37.166718+00:00,2,3,7,7,586,586,0.0,0.0,0.0,0.0,0,0.0,0.0
2026-10-05T14:30:38.168052+00:00,1,4294967294,0,0,0,0,0.0,0.0,0.0,0.0,0,0.0,0.0
2026-10-05T14:30:38.168052+00:00,1,1,7,7,586,586,0.0,0.0,0.0,0.0,0,0.0,0.0
2026-10-05T14:30:38.168052+00:00,1,2,7,7,586,586,0.0,0.0,0.0,0.0,0,0.0,0.0
2026-10-05T14:30:38.168052+00:00,1,3,7,7,586,586,0.0,0.0,0.0,0.0,0,0.0,0.0
2026-10-05T14:30:38.168052+00:00,3,4294967294,0,0,0,0,0.0,0.0,0.0,0.0,0,0.0,0.0
2026-10-05T14:30:38.168052+00:00,3,1,7,7,586,586,0.0,0.0,0.0,0.0,0,0.0,0.0
2026-10-05T14:30:38.168052+00:00,3,2,7,7,586,586,0.0,0.0,0.0,0.0,0,0.0,0.0
2026-10-05T14:30:38.168052+00:00,2,4294967294,0,0,0,0,0.0,0.0,0.0,0.0,0,0.0,0.0
2026-10-05T14:30:38.168052+00:00,2,1,7,7,586,586,0.0,0.0,0.0,0.0,0,0.0,0.0
2026-10-05T14:30:38.168052+00:00,2,2,7,7,586,586,0.0,0.0,0.0,0.0,0,0.0,0.0
2026-10-05T14:30:38.168052+00:00,2,3,7,7,586,586,0.0,0.0,0.0,0.0,0,0.0,0.0
2026-10-05T14:30:39.169646+00:00,1,4294967294,0,0,0,0,0.0,0.0,0.0,0.0,0,0.0,0.0
2026-10-05T14:30:39.169646+00:00,1,1,7,7,586,586,0.0,0.0,0.0,0.0,0,0.0,0.0
2026-10-05T14:30:39.169646+00:00,1,2,7,7,586,586,0.0,0.0,0.0,0.0,0,0.0,0.0
2026-10-05T14:30:39.169646+00:00,1,3,7,7,586,586,0.0,0.0,0.0,0.0,0,0.0,0.0
2026-10-05T14:30:39.169646+00:00,3,4294967294,0,0,0,0,0.0,0.0,0.0,0.0,0,0.0,0.0
2026-10-05T14:30:39.169646+00:00,3,1,7,7,586,586,0.0,0.0,0.0,0.0,0,0.0,0.0
2026-10-05T14:30:39.169646+00:00,3,2,7,7,586,586,0.0,0.0,0.0,0.0,0,0.0,0.0
2026-10-05T14:30:39.169646+00:00,2,4294967294,0,0,0,0,0.0,0.0,0.0,0.0,0,0.0,0.0
2026-10-05T14:30:39.169646+00:00,2,1,7,7,586,586,0.0,0.0,0.0,0.0,0,0.0,0.0
2026-10-05T14:30:39.169646+00:00,2,2,7,7,586,586,0.0,0.0,0.0,0.0,0,0.0,0.0
2026-10-05T14:30:39.169646+00:00,2,3,7,7,586,586,0.0,0.0,0.0,0.0,0,0.0,0.0
2026-10-05T14:30:40.171438+00:00,1,4294967294,0,0,0,0,0.0,0.0,0.0,0.0,0,0.0,0.0
2026-10-05T14:30:40.171438+00:00,1,1,7,7,586,586,0.0,0.0,0.0,0.0,0,0.0,0.0
2026-10-05T14:30:40.171438+00:00,1,2,7,7,586,586,0.0,0.0,0.0,0.0,0,0.0,0.0
2026-10-05T14:30:40.171438+00:00,1,3,7,7,586,586,0.0,0.0,0.0,0.0,0,0.0,0.0
2026-10-05T14:30:40.171438+00:00,3,4294967294,0,0,0,0,0.0,0.0,0.0,0.0,0,0.0,1.9951365414438473
2026-10-05T14:30:40.171438+00:00,3,1,7,7,586,586,0.0,0.0,0.0,0.0,0,0.0,1.9951365414438473
2026-10-05T14:30:40.171438+00:00,3,2,7,7,586,586,0.0,0.0,0.0,0.0,0,0.0,1.9951365414438473
2026-10-05T14:30:40.171438+00:00,2,4294967294,0,0,0,0,0.0,0.0,0.0,0.0,0,0.0,0.0
2026-10-05T14:30:40.171438+00:00,2,1,7,7,586,586,0.0,0.0,0.0,0.0,0,0.0,0.0
2026-10-05T14:30:40.171438+00:00,2,2,7,7,586,586,0.0,0.0,0.0,0.0,0,0.0,0.0
2026-10-05T14:30:40.171438+00:00,2,3,7,7,586,586,0.0,0.0,0.0,0.0,0,0.0,0.0
