timestamp,switch_id,port,rx_packets,tx_packets,rx_bytes,tx_bytes,rx_pps,tx_pps,rx_mbps,tx_mbps,active_flows,new_flows_per_second,packet_in_per_second,packet_rate,new_flow_rate,packet_in_rate,packet_rate_z,new_flow_rate_z,packet_in_rate_z,anomaly
2026-10-05T15:36:24.954263+00:00,1,4294967294,0,0,0,0,0.0,0.0,0.0,0.0,4,4.0,22.0,0.0,4.0,22.0,0.0,0.0,0.0,False
2026-10-05T15:36:24.954263+00:00,1,4,5,6,418,456,0.0,0.0,0.0,0.0,4,4.0,22.0,0.0,4.0,22.0,0.0,0.0,0.0,False
2026-10-05T15:36:24.954263+00:00,1,1,8,8,656,656,0.0,0.0,0.0,0.0,4,4.0,22.0,0.0,4.0,22.0,0.0,0.0,0.0,False
2026-10-05T15:36:24.954263+00:00,1,6,1,5,90,350,0.0,0.0,0.0,0.0,4,4.0,22.0,0.0,4.0,22.0,0.0,0.0,0.0,False
2026-10-05T15:36:24.954263+00:00,1,2,3,5,266,350,0.0,0.0,0.0,0.0,4,4.0,22.0,0.0,4.0,22.0,0.0,0.0,0.0,False
2026-10-05T15:36:24.954263+00:00,1,5,2,4,180,264,0.0,0.0,0.0,0.0,4,4.0,22.0,0.0,4.0,22.0,0.0,0.0,0.0,False
2026-10-05T15:36:24.954263+00:00,1,3,5,5,414,370,0.0,0.0,0.0,0.0,4,4.0,22.0,0.0,4.0,22.0,0.0,0.0,0.0,False
2026-10-05T15:36:24.954263+00:00,2,4294967294,0,0,0,0,0.0,0.0,0.0,0.0,4,4.0,21.0,0.0,4.0,21.0,0.0,0.0,0.0,False
2026-10-05T15:36:24.954263+00:00,2,1,7,7,566,566,0.0,0.0,0.0,0.0,4,4.0,21.0,0.0,4.0,21.0,0.0,0.0,0.0,False
2026-10-05T15:36:24.954263+00:00,2,4,2,4,180,260,0.0,0.0,0.0,0.0,4,4.0,21.0,0.0,4.0,21.0,0.0,0.0,0.0,False
2026-10-05T15:36:24.954263+00:00,2,6,8,7,656,566,0.0,0.0,0.0,0.0,4,4.0,21.0,0.0,4.0,21.0,0.0,0.0,0.0,False
2026-10-05T15:36:24.954263+00:00,2,2,1,3,90,174,0.0,0.0,0.0,0.0,4,4.0,21.0,0.0,4.0,21.0,0.0,0.0,0.0,False
2026-10-05T15:36:24.954263+00:00,2,5,3,3,266,174,0.0,0.0,0.0,0.0,4,4.0,21.0,0.0,4.0,21.0,0.0,0.0,0.0,False
2026-10-05T15:36:24.954263+00:00,2,3,2,4,176,264,0.0,0.0,0.0,0.0,4,4.0,21.0,0.0,4.0,21.0,0.0,0.0,0.0,False
2026-10-05T15:36:24.954263+00:00,3,4294967294,0,0,0,0,0.0,0.0,0.0,0.0,4,4.0,10.0,0.0,4.0,10.0,0.0,0.0,0.0,False
2026-10-05T15:36:24.954263+00:00,3,1,8,8,656,656,0.0,0.0,0.0,0.0,4,4.0,10.0,0.0,4.0,10.0,0.0,0.0,0.0,False
2026-10-05T15:36:24.954263+00:00,3,2,7,7,566,566,0.0,0.0,0.0,0.0,4,4.0,10.0,0.0,4.0,10.0,0.0,0.0,0.0,False
2026-10-05T15:36:25.955986+00:00,1,4294967294,0,0,0,0,0.0,0.0,0.0,0.0,4,0.0,12.995350861282052,62.97746955852072,0.0,12.995350861282052,0.0,0.0,0.0,False
2026-10-05T15:36:25.955986+00:00,1,4,11,14,994,1196,5.997854243668639,7.997138991558186,0.004606352059137515,0.005917882853753057,4,0.0,12.995350861282052,62.97746955852072,0.0,12.995350861282052,0.0,0.0,0.0,False
2026-10-05T15:36:25.955986+00:00,1,1,19,19,1722,1722,10.996066113392505,10.996066113392505,0.008524950165001027,0.008524950165001027,4,0.0,12.995350861282052,62.97746955852072,0.0,12.995350861282052,0.0,0.0,0.0,False
2026-10-05T15:36:25.955986+00:00,1,6,3,8,266,600,1.9992847478895466,2.9989271218343196,0.0014074964625142407,0.0019992847478895463,4,0.0,12.995350861282052,62.97746955852072,0.0,12.995350861282052,0.0,0.0,0.0,False
2026-10-05T15:36:25.955986+00:00,1,2,5,8,426,600,1.9992847478895466,2.9989271218343196,0.0012795422386493096,0.0019992847478895463,4,0.0,12.995350861282052,62.97746955852072,0.0,12.995350861282052,0.0,0.0,0.0,False
2026-10-05T15:36:25.955986+00:00,1,5,3,5,266,350,0.9996423739447733,0.9996423739447733,0.0006877539532740039,0.0006877539532740039,4,0.0,12.995350861282052,62.97746955852072,0.0,12.995350861282052,0.0,0.0,0.0,False
2026-10-05T15:36:25.955986+00:00,1,3,13,12,1154,1036,7.997138991558186,6.997496617613413,0.005917882853753057,0.005326094568377752,4,0.0,12.995350861282052,62.97746955852072,0.0,12.995350861282052,0.0,0.0,0.0,False
2026-10-05T15:36:25.955986+00:00,2,4294967294,0,0,0,0,0.0,0.0,0.0,0.0,4,0.0,13.002269064973081,63.010996237946465,0.0,13.002269064973081,0.0,0.0,0.0,False
2026-10-05T15:36:25.955986+00:00,2,1,19,19,1722,1722,12.002094521513612,12.002094521513612,0.009249614177913158,0.009249614177913158,4,0.0,13.002269064973081,63.010996237946465,0.0,13.002269064973081,0.0,0.0,0.0,False
2026-10-05T15:36:25.955986+00:00,2,4,3,7,266,510,1.0001745434594678,3.000523630378403,0.0006881200859001138,0.0020003490869189354,4,0.0,13.002269064973081,63.010996237946465,0.0,13.002269064973081,0.0,0.0,0.0,False
2026-10-05T15:36:25.955986+00:00,2,6,19,19,1722,1722,11.001919978054145,12.002094521513612,0.008529488506622341,0.009249614177913158,4,0.0,13.002269064973081,63.010996237946465,0.0,13.002269064973081,0.0,0.0,0.0,False
2026-10-05T15:36:25.955986+00:00,2,2,3,5,266,350,2.0003490869189355,2.0003490869189355,0.0014082457571909306,0.0014082457571909306,4,0.0,13.002269064973081,63.010996237946465,0.0,13.002269064973081,0.0,0.0,0.0,False
2026-10-05T15:36:25.955986+00:00,2,5,5,5,426,350,2.0003490869189355,2.0003490869189355,0.0012802234156281188,0.0014082457571909306,4,0.0,13.002269064973081,63.010996237946465,0.0,13.002269064973081,0.0,0.0,0.0,False
2026-10-05T15:36:25.955986+00:00,2,3,5,5,426,350,3.000523630378403,1.0001745434594678,0.0020003490869189354,0.0006881200859001138,4,0.0,13.002269064973081,63.010996237946465,0.0,13.002269064973081,0.0,0.0,0.0,False
2026-10-05T15:36:25.955986+00:00,3,4294967294,0,0,0,0,0.0,0.0,0.0,0.0,4,0.0,6.001240672492324,46.00951182244115,0.0,6.001240672492324,0.0,0.0,0.0,False
2026-10-05T15:36:25.955986+00:00,3,1,19,19,1722,1722,11.002274566235927,11.002274566235927,0.008529763409169088,0.008529763409169088,4,0.0,6.001240672492324,46.00951182244115,0.0,6.001240672492324,0.0,0.0,0.0,False
2026-10-05T15:36:25.955986+00:00,3,2,19,19,1722,1722,12.002481344984648,12.002481344984648,0.009249912289868168,0.009249912289868168,4,0.0,6.001240672492324,46.00951182244115,0.0,6.001240672492324,0.0,0.0,0.0,False
2026-10-05T15:36:26.958682+00:00,1,4294967294,0,0,0,0,0.0,0.0,0.0,0.0,4,0.0,0.9968949553316021,60.81059227522773,0.0,0.9968949553316021,0.0,0.0,0.0,False
2026-10-05T15:36:26.958682+00:00,1,4,19,20,1734,1776,7.975159642652817,5.981369731989613,0.005901618135563084,0.004625592592738635,4,0.0,0.9968949553316021,60.81059227522773,0.0,0.9968949553316021,0.0,0.0,0.0,False
2026-10-05T15:36:26.958682+00:00,1,1,32,32,2952,2952,12.959634419310827,12.959634419310827,0.009809446360462966,0.009809446360462966,4,0.0,0.9968949553316021,60.81059227522773,0.0,0.9968949553316021,0.0,0.0,0.0,False
2026-10-05T15:36:26.958682+00:00,1,6,6,8,516,600,2.9906848659948064,0.0,0.0019937899106632043,0.0,4,0.0,0.9968949553316021,60.81059227522773,0.0,0.9968949553316021,0.0,0.0,0.0,False
2026-10-05T15:36:26.958682+00:00,1,2,6,8,516,600,0.9968949553316021,0.0,0.0007177643678387536,0.0,4,0.0,0.9968949553316021,60.81059227522773,0.0,0.9968949553316021,0.0,0.0,0.0,False
2026-10-05T15:36:26.958682+00:00,1,5,5,7,426,510,1.9937899106632042,1.9937899106632042,0.0012760255428244506,0.0012760255428244506,4,0.0,0.9968949553316021,60.81059227522773,0.0,0.9968949553316021,0.0,0.0,0.0,False
2026-10-05T15:36:26.958682+00:00,1,3,19,19,1734,1686,5.981369731989613,6.978264687321215,0.004625592592738635,0.005183853767724332,4,0.0,0.9968949553316021,60.81059227522773,0.0,0.9968949553316021,0.0,0.0,0.0,False
2026-10-05T15:36:26.958682+00:00,2,4294967294,0,0,0,0,0.0,0.0,0.0,0.0,4,0.0,0.9963336267586999,68.74702024635029,0.0,0.9963336267586999,0.0,0.0,0.0,False
2026-10-05T15:36:26.958682+00:00,2,1,32,32,2952,2952,12.952337147863098,12.952337147863098,0.009803922887305607,0.009803922887305607,4,0.0,0.9963336267586999,68.74702024635029,0.0,0.9963336267586999,0.0,0.0,0.0,False
2026-10-05T15:36:26.958682+00:00,2,4,5,8,426,600,1.9926672535173997,0.9963336267586999,0.0012753070422511358,0.0007173602112662638,4,0.0,0.9963336267586999,68.74702024635029,0.0,0.9963336267586999,0.0,0.0,0.0,False
2026-10-05T15:36:26.958682+00:00,2,6,32,32,2952,2952,12.952337147863098,12.952337147863098,0.009803922887305607,0.009803922887305607,4,0.0,0.9963336267586999,68.74702024635029,0.0,0.9963336267586999,0.0,0.0,0.0,False
2026-10-05T15:36:26.958682+00:00,2,2,6,8,516,600,2.9890008802760994,2.9890008802760994,0.0019926672535173994,0.0019926672535173994,4,0.0,0.9963336267586999,68.74702024635029,0.0,0.9963336267586999,0.0,0.0,0.0,False
2026-10-05T15:36:26.958682+00:00,2,5,6,8,516,600,0.9963336267586999,2.9890008802760994,0.0007173602112662638,0.0019926672535173994,4,0.0,0.9963336267586999,68.74702024635029,0.0,0.9963336267586999,0.0,0.0,0.0,False
2026-10-05T15:36:26.958682+00:00,2,3,6,8,516,600,0.9963336267586999,2.9890008802760994,0.0007173602112662638,0.0019926672535173994,4,0.0,0.9963336267586999,68.74702024635029,0.0,0.9963336267586999,0.0,0.0,0.0,False
2026-10-05T15:36:26.958682+00:00,3,4294967294,0,0,0,0,0.0,0.0,0.0,0.0,4,0.0,0.0,51.81407735965789,0.0,0.0,0.0,0.0,0.0,False
2026-10-05T15:36:26.958682+00:00,3,1,32,32,2952,2952,12.953519339914472,12.953519339914472,0.009804817715750645,0.009804817715750645,4,0.0,0.0,51.81407735965789,0.0,0.0,0.0,0.0,0.0,False
2026-10-05T15:36:26.958682+00:00,3,2,32,32,2952,2952,12.953519339914472,12.953519339914472,0.009804817715750645,0.009804817715750645,4,0.0,0.0,51.81407735965789,0.0,0.0,0.0,0.0,0.0,False
2026-10-05T15:36:27.961713+00:00,1,4294967294,0,0,0,0,0.0,0.0,0.0,0.0,4,0.0,0.0,42.917185839431255,0.0,0.0,0.0,0.0,0.0,False
2026-10-05T15:36:27.961713+00:00,1,4,24,25,2224,2266,4.990370446445495,4.990370446445495,0.003912450430013268,0.003912450430013268,4,0.0,0.0,42.917185839431255,0.0,0.0,0.0,0.0,0.0,False
2026-10-05T15:36:27.961713+00:00,1,1,42,42,3932,3932,9.98074089289099,9.98074089289099,0.007824900860026535,0.007824900860026535,4,0.0,0.0,42.917185839431255,0.0,0.0,0.0,0.0,0.0,False
2026-10-05T15:36:27.961713+00:00,1,6,6,8,516,600,0.0,0.0,0.0,0.0,4,0.0,0.0,42.917185839431255,0.0,0.0,0.0,0.0,0.0,False
2026-10-05T15:36:27.961713+00:00,1,2,6,8,516,600,0.0,0.0,0.0,0.0,4,0.0,0.0,42.917185839431255,0.0,0.0,0.0,0.0,0.0,False
2026-10-05T15:36:27.961713+00:00,1,5,6,8,516,600,0.998074089289099,0.998074089289099,0.0007186133442881514,0.0007186133442881514,4,0.0,0.0,42.917185839431255,0.0,0.0,0.0,0.0,0.0,False
2026-10-05T15:36:27.961713+00:00,1,3,24,25,2224,2266,4.990370446445495,5.988444535734594,0.003912450430013268,0.004631063774301419,4,0.0,0.0,42.917185839431255,0.0,0.0,0.0,0.0,0.0,False
2026-10-05T15:36:27.961713+00:00,2,4294967294,0,0,0,0,0.0,0.0,0.0,0.0,4,0.0,0.0,40.935091885574614,0.0,0.0,0.0,0.0,0.0,False
2026-10-05T15:36:27.961713+00:00,2,1,42,42,3932,3932,9.984168752579174,9.984168752579174,0.007827588302022072,0.007827588302022072,4,0.0,0.0,40.935091885574614,0.0,0.0,0.0,0.0,0.0,False
2026-10-05T15:36:27.961713+00:00,2,4,6,8,516,600,0.9984168752579174,0.0,0.0007188601501857004,0.0,4,0.0,0.0,40.935091885574614,0.0,0.0,0.0,0.0,0.0,False
2026-10-05T15:36:27.961713+00:00,2,6,42,42,3932,3932,9.984168752579174,9.984168752579174,0.007827588302022072,0.007827588302022072,4,0.0,0.0,40.935091885574614,0.0,0.0,0.0,0.0,0.0,False
2026-10-05T15:36:27.961713+00:00,2,2,6,8,516,600,0.0,0.0,0.0,0.0,4,0.0,0.0,40.935091885574614,0.0,0.0,0.0,0.0,0.0,False
2026-10-05T15:36:27.961713+00:00,2,5,6,8,516,600,0.0,0.0,0.0,0.0,4,0.0,0.0,40.935091885574614,0.0,0.0,0.0,0.0,0.0,False
2026-10-05T15:36:27.961713+00:00,2,3,6,8,516,600,0.0,0.0,0.0,0.0,4,0.0,0.0,40.935091885574614,0.0,0.0,0.0,0.0,0.0,False
2026-10-05T15:36:27.961713+00:00,3,4294967294,0,0,0,0,0.0,0.0,0.0,0.0,4,0.0,0.0,39.93645108232276,0.0,0.0,0.0,0.0,0.0,False
2026-10-05T15:36:27.961713+00:00,3,1,42,42,3932,3932,9.98411277058069,9.98411277058069,0.00782754441213526,0.00782754441213526,4,0.0,0.0,39.93645108232276,0.0,0.0,0.0,0.0,0.0,False
2026-10-05T15:36:27.961713+00:00,3,2,42,42,3932,3932,9.98411277058069,9.98411277058069,0.00782754441213526,0.00782754441213526,4,0.0,0.0,39.93645108232276,0.0,0.0,0.0,0.0,0.0,False
2026-10-05T15:36:28.963634+00:00,1,4294967294,0,0,0,0,0.0,0.0,0.0,0.0,4,0.0,0.9967332148621033,39.86932859448413,0.0,0.9967332148621033,0.0,0.0,0.0,False
2026-10-05T15:36:28.963634+00:00,1,4,29,30,2714,2756,4.983666074310516,4.983666074310516,0.0039071942022594446,0.0039071942022594446,4,0.0,0.9967332148621033,39.86932859448413,0.0,0.9967332148621033,0.0,0.0,0.0,False
2026-10-05T15:36:28.963634+00:00,1,1,52,52,4912,4912,9.967332148621033,9.967332148621033,0.007814388404518889,0.007814388404518889,4,0.0,0.9967332148621033,39.86932859448413,0.0,0.9967332148621033,0.0,0.0,0.0,False
2026-10-05T15:36:28.963634+00:00,1,6,6,8,516,600,0.0,0.0,0.0,0.0,4,0.0,0.9967332148621033,39.86932859448413,0.0,0.9967332148621033,0.0,0.0,0.0,False
2026-10-05T15:36:28.963634+00:00,1,2,6,8,516,600,0.0,0.0,0.0,0.0,4,0.0,0.9967332148621033,39.86932859448413,0.0,0.9967332148621033,0.0,0.0,0.0,False
2026-10-05T15:36:28.963634+00:00,1,5,6,8,516,600,0.0,0.0,0.0,0.0,4,0.0,0.9967332148621033,39.86932859448413,0.0,0.9967332148621033,0.0,0.0,0.0,False
2026-10-05T15:36:28.963634+00:00,1,3,29,30,2714,2756,4.983666074310516,4.983666074310516,0.0039071942022594446,0.0039071942022594446,4,0.0,0.9967332148621033,39.86932859448413,0.0,0.9967332148621033,0.0,0.0,0.0,False
2026-10-05T15:36:28.963634+00:00,2,4294967294,0,0,0,0,0.0,0.0,0.0,0.0,4,0.0,2.9917391500264703,39.88985533368627,0.0,2.9917391500264703,0.0,0.0,0.0,False
2026-10-05T15:36:28.963634+00:00,2,1,52,52,4912,4912,9.972463833421568,9.972463833421568,0.007818411645402508,0.007818411645402508,4,0.0,2.9917391500264703,39.88985533368627,0.0,2.9917391500264703,0.0,0.0,0.0,False
2026-10-05T15:36:28.963634+00:00,2,4,6,8,516,600,0.0,0.0,0.0,0.0,4,0.0,2.9917391500264703,39.88985533368627,0.0,2.9917391500264703,0.0,0.0,0.0,False
2026-10-05T15:36:28.963634+00:00,2,6,52,52,4912,4912,9.972463833421568,9.972463833421568,0.007818411645402508,0.007818411645402508,4,0.0,2.9917391500264703,39.88985533368627,0.0,2.9917391500264703,0.0,0.0,0.0,False
2026-10-05T15:36:28.963634+00:00,2,2,6,8,516,600,0.0,0.0,0.0,0.0,4,0.0,2.9917391500264703,39.88985533368627,0.0,2.9917391500264703,0.0,0.0,0.0,False
2026-10-05T15:36:28.963634+00:00,2,5,6,8,516,600,0.0,0.0,0.0,0.0,4,0.0,2.9917391500264703,39.88985533368627,0.0,2.9917391500264703,0.0,0.0,0.0,False
2026-10-05T15:36:28.963634+00:00,2,3,6,8,516,600,0.0,0.0,0.0,0.0,4,0.0,2.9917391500264703,39.88985533368627,0.0,2.9917391500264703,0.0,0.0,0.0,False
2026-10-05T15:36:28.963634+00:00,3,4294967294,0,0,0,0,0.0,0.0,0.0,0.0,4,0.0,0.9971784098967728,39.88713639587091,0.0,0.9971784098967728,0.0,0.0,0.0,False
2026-10-05T15:36:28.963634+00:00,3,1,52,52,4912,4912,9.971784098967728,9.971784098967728,0.007817878733590699,0.007817878733590699,4,0.0,0.9971784098967728,39.88713639587091,0.0,0.9971784098967728,0.0,0.0,0.0,False
2026-10-05T15:36:28.963634+00:00,3,2,52,52,4912,4912,9.971784098967728,9.971784098967728,0.007817878733590699,0.007817878733590699,4,0.0,0.9971784098967728,39.88713639587091,0.0,0.9971784098967728,0.0,0.0,0.0,False
2026-10-05T15:36:29.965053+00:00,1,4294967294,0,0,0,0,0.0,0.0,0.0,0.0,4,0.0,4.98907751238576,43.90388210899469,0.0,4.98907751238576,0.0,0.0,0.0,False
2026-10-05T15:36:29.965053+00:00,1,4,34,36,3148,3260,4.98907751238576,5.986893014862912,0.0034644154246006717,0.0040231921059878765,4,0.0,4.98907751238576,43.90388210899469,0.0,4.98907751238576,0.0,0.0,0.0,False
2026-10-05T15:36:29.965053+00:00,1,1,62,62,5780,5780,9.97815502477152,9.97815502477152,0.006928830849201343,0.006928830849201343,4,0.0,4.98907751238576,43.90388210899469,0.0,4.98907751238576,0.0,0.0,0.0,False
2026-10-05T15:36:29.965053+00:00,1,6,7,9,586,670,0.997815502477152,0.997815502477152,0.0005587766813872051,0.0005587766813872051,4,0.0,4.98907751238576,43.90388210899469,0.0,4.98907751238576,0.0,0.0,0.0,False
2026-10-05T15:36:29.965053+00:00,1,2,6,9,516,670,0.0,0.997815502477152,0.0,0.0005587766813872051,4,0.0,4.98907751238576,43.90388210899469,0.0,4.98907751238576,0.0,0.0,0.0,False
2026-10-05T15:36:29.965053+00:00,1,5,6,8,516,600,0.0,0.0,0.0,0.0,4,0.0,4.98907751238576,43.90388210899469,0.0,4.98907751238576,0.0,0.0,0.0,False
2026-10-05T15:36:29.965053+00:00,1,3,34,35,3148,3190,4.98907751238576,4.98907751238576,0.0034644154246006717,0.0034644154246006717,4,0.0,4.98907751238576,43.90388210899469,0.0,4.98907751238576,0.0,0.0,0.0,False
2026-10-05T15:36:29.965053+00:00,2,4294967294,0,0,0,0,0.0,0.0,0.0,0.0,4,0.0,2.991772085254771,44.87658127882157,0.0,2.991772085254771,0.0,0.0,0.0,False
2026-10-05T15:36:29.965053+00:00,2,1,62,63,5780,5850,9.972573617515904,10.969830979267494,0.006924955120003044,0.007483419242583934,4,0.0,2.991772085254771,44.87658127882157,0.0,2.991772085254771,0.0,0.0,0.0,False
2026-10-05T15:36:29.965053+00:00,2,4,6,8,516,600,0.0,0.0,0.0,0.0,4,0.0,2.991772085254771,44.87658127882157,0.0,2.991772085254771,0.0,0.0,0.0,False
2026-10-05T15:36:29.965053+00:00,2,6,62,62,5780,5780,9.972573617515904,9.972573617515904,0.006924955120003044,0.006924955120003044,4,0.0,2.991772085254771,44.87658127882157,0.0,2.991772085254771,0.0,0.0,0.0,False
2026-10-05T15:36:29.965053+00:00,2,2,7,9,586,670,0.9972573617515903,0.9972573617515903,0.0005584641225808906,0.0005584641225808906,4,0.0,2.991772085254771,44.87658127882157,0.0,2.991772085254771,0.0,0.0,0.0,False
2026-10-05T15:36:29.965053+00:00,2,5,7,8,586,600,0.9972573617515903,0.0,0.0005584641225808906,0.0,4,0.0,2.991772085254771,44.87658127882157,0.0,2.991772085254771,0.0,0.0,0.0,False
2026-10-05T15:36:29.965053+00:00,2,3,7,8,586,600,0.9972573617515903,0.0,0.0005584641225808906,0.0,4,0.0,2.991772085254771,44.87658127882157,0.0,2.991772085254771,0.0,0.0,0.0,False
2026-10-05T15:36:29.965053+00:00,3,4294967294,0,0,0,0,0.0,0.0,0.0,0.0,4,0.0,0.9973031138611276,40.88942766830623,0.0,0.9973031138611276,0.0,0.0,0.0,False
2026-10-05T15:36:29.965053+00:00,3,1,62,62,5780,5780,9.973031138611276,9.973031138611276,0.00692527282265167,0.00692527282265167,4,0.0,0.9973031138611276,40.88942766830623,0.0,0.9973031138611276,0.0,0.0,0.0,False
2026-10-05T15:36:29.965053+00:00,3,2,63,62,5850,5780,10.970334252472403,9.973031138611276,0.007483762566413902,0.00692527282265167,4,0.0,0.9973031138611276,40.88942766830623,0.0,0.9973031138611276,0.0,0.0,0.0,False
2026-10-05T15:36:30.967242+00:00,1,4294967294,0,0,0,0,0.0,0.0,0.0,0.0,4,0.0,0.0,47.936384008148664,0.0,0.0,0.0,0.0,0.0,False
2026-10-05T15:36:30.967242+00:00,1,4,40,41,3708,3750,5.992048001018583,4.993373334182153,0.00447406250742721,0.003914804693998807,4,0.0,0.0,47.936384008148664,0.0,0.0,0.0,0.0,0.0,False
2026-10-05T15:36:30.967242+00:00,1,1,73,73,6830,6830,10.985421335200737,10.985421335200737,0.008388867201426018,0.008388867201426018,4,0.0,0.0,47.936384008148664,0.0,0.0,0.0,0.0,0.0,False
2026-10-05T15:36:30.967242+00:00,1,6,7,9,586,670,0.0,0.0,0.0,0.0,4,0.0,0.0,47.936384008148664,0.0,0.0,0.0,0.0,0.0,False
2026-10-05T15:36:30.967242+00:00,1,2,7,9,586,670,0.9986746668364306,0.0,0.0005592578134284012,0.0,4,0.0,0.0,47.936384008148664,0.0,0.0,0.0,0.0,0.0,False
2026-10-05T15:36:30.967242+00:00,1,5,7,9,586,670,0.9986746668364306,0.9986746668364306,0.0005592578134284012,0.0005592578134284012,4,0.0,0.0,47.936384008148664,0.0,0.0,0.0,0.0,0.0,False
2026-10-05T15:36:30.967242+00:00,1,3,40,41,3708,3750,5.992048001018583,5.992048001018583,0.00447406250742721,0.00447406250742721,4,0.0,0.0,47.936384008148664,0.0,0.0,0.0,0.0,0.0,False
2026-10-05T15:36:30.967242+00:00,2,4294967294,0,0,0,0,0.0,0.0,0.0,0.0,4,0.0,0.0,46.936051835360146,0.0,0.0,0.0,0.0,0.0,False
2026-10-05T15:36:30.967242+00:00,2,1,73,73,6830,6830,10.985033408275779,9.986394007523435,0.008388570966319687,0.007829332901898373,4,0.0,0.0,46.936051835360146,0.0,0.0,0.0,0.0,0.0,False
2026-10-05T15:36:30.967242+00:00,2,4,7,9,586,670,0.9986394007523436,0.9986394007523436,0.0005592380644213123,0.0005592380644213123,4,0.0,0.0,46.936051835360146,0.0,0.0,0.0,0.0,0.0,False
2026-10-05T15:36:30.967242+00:00,2,6,73,73,6830,6830,10.985033408275779,10.985033408275779,0.008388570966319687,0.008388570966319687,4,0.0,0.0,46.936051835360146,0.0,0.0,0.0,0.0,0.0,False
2026-10-05T15:36:30.967242+00:00,2,2,7,9,586,670,0.0,0.0,0.0,0.0,4,0.0,0.0,46.936051835360146,0.0,0.0,0.0,0.0,0.0,False
2026-10-05T15:36:30.967242+00:00,2,5,7,9,586,670,0.0,0.9986394007523436,0.0,0.0005592380644213123,4,0.0,0.0,46.936051835360146,0.0,0.0,0.0,0.0,0.0,False
2026-10-05T15:36:30.967242+00:00,2,3,7,9,586,670,0.0,0.9986394007523436,0.0,0.0005592380644213123,4,0.0,0.0,46.936051835360146,0.0,0.0,0.0,0.0,0.0,False
2026-10-05T15:36:30.967242+00:00,3,4294967294,0,0,0,0,0.0,0.0,0.0,0.0,4,0.0,0.0,42.942588807727354,0.0,0.0,0.0,0.0,0.0,False
2026-10-05T15:36:30.967242+00:00,3,1,73,73,6830,6830,10.985313415930253,10.985313415930253,0.00838878479034674,0.00838878479034674,4,0.0,0.0,42.942588807727354,0.0,0.0,0.0,0.0,0.0,False
2026-10-05T15:36:30.967242+00:00,3,2,73,73,6830,6830,9.986648559936596,10.985313415930253,0.00782953247099029,0.00838878479034674,4,0.0,0.0,42.942588807727354,0.0,0.0,0.0,0.0,0.0,False
2026-10-05T15:36:31.968749+00:00,1,4294967294,0,0,0,0,0.0,0.0,0.0,0.0,4,0.0,0.0,39.955575473332736,0.0,0.0,0.0,0.0,0.0,False
2026-10-05T15:36:31.968749+00:00,1,4,45,46,4198,4240,4.994446934166592,4.994446934166592,0.0039156463963866085,0.0039156463963866085,4,0.0,0.0,39.955575473332736,0.0,0.0,0.0,0.0,0.0,False
2026-10-05T15:36:31.968749+00:00,1,1,83,83,7810,7810,9.988893868333184,9.988893868333184,0.007831292792773217,0.007831292792773217,4,0.0,0.0,39.955575473332736,0.0,0.0,0.0,0.0,0.0,False
2026-10-05T15:36:31.968749+00:00,1,6,7,9,586,670,0.0,0.0,0.0,0.0,4,0.0,0.0,39.955575473332736,0.0,0.0,0.0,0.0,0.0,False
2026-10-05T15:36:31.968749+00:00,1,2,7,9,586,670,0.0,0.0,0.0,0.0,4,0.0,0.0,39.955575473332736,0.0,0.0,0.0,0.0,0.0,False
2026-10-05T15:36:31.968749+00:00,1,5,7,9,586,670,0.0,0.0,0.0,0.0,4,0.0,0.0,39.955575473332736,0.0,0.0,0.0,0.0,0.0,False
2026-10-05T15:36:31.968749+00:00,1,3,45,46,4198,4240,4.994446934166592,4.994446934166592,0.0039156463963866085,0.0039156463963866085,4,0.0,0.0,39.955575473332736,0.0,0.0,0.0,0.0,0.0,False
2026-10-05T15:36:31.968749+00:00,2,4294967294,0,0,0,0,0.0,0.0,0.0,0.0,4,0.0,0.0,39.99118802170751,0.0,0.0,0.0,0.0,0.0,False
2026-10-05T15:36:31.968749+00:00,2,1,83,83,7810,7810,9.997797005426877,9.997797005426877,0.007838272852254672,0.007838272852254672,4,0.0,0.0,39.99118802170751,0.0,0.0,0.0,0.0,0.0,False
2026-10-05T15:36:31.968749+00:00,2,4,7,9,586,670,0.0,0.0,0.0,0.0,4,0.0,0.0,39.99118802170751,0.0,0.0,0.0,0.0,0.0,False
2026-10-05T15:36:31.968749+00:00,2,6,83,83,7810,7810,9.997797005426877,9.997797005426877,0.007838272852254672,0.007838272852254672,4,0.0,0.0,39.99118802170751,0.0,0.0,0.0,0.0,0.0,False
2026-10-05T15:36:31.968749+00:00,2,2,7,9,586,670,0.0,0.0,0.0,0.0,4,0.0,0.0,39.99118802170751,0.0,0.0,0.0,0.0,0.0,False
2026-10-05T15:36:31.968749+00:00,2,5,7,9,586,670,0.0,0.0,0.0,0.0,4,0.0,0.0,39.99118802170751,0.0,0.0,0.0,0.0,0.0,False
2026-10-05T15:36:31.968749+00:00,2,3,7,9,586,670,0.0,0.0,0.0,0.0,4,0.0,0.0,39.99118802170751,0.0,0.0,0.0,0.0,0.0,False
2026-10-05T15:36:31.968749+00:00,3,4294967294,0,0,0,0,0.0,0.0,0.0,0.0,4,0.0,0.0,39.99696942962765,0.0,0.0,0.0,0.0,0.0,False
2026-10-05T15:36:31.968749+00:00,3,1,83,83,7810,7810,9.999242357406912,9.999242357406912,0.007839406008207019,0.007839406008207019,4,0.0,0.0,39.99696942962765,0.0,0.0,0.0,0.0,0.0,False
2026-10-05T15:36:31.968749+00:00,3,2,83,83,7810,7810,9.999242357406912,9.999242357406912,0.007839406008207019,0.007839406008207019,4,0.0,0.0,39.99696942962765,0.0,0.0,0.0,0.0,0.0,False
2026-10-05T15:36:32.970570+00:00,1,4294967294,0,0,0,0,0.0,0.0,0.0,0.0,4,0.0,0.0,39.91930217258862,0.0,0.0,0.0,0.0,0.0,False
2026-10-05T15:36:32.970570+00:00,1,4,50,51,4688,4730,4.989912771573578,4.989912771573578,0.0039120916129136854,0.0039120916129136854,4,0.0,0.0,39.91930217258862,0.0,0.0,0.0,0.0,0.0,False
2026-10-05T15:36:32.970570+00:00,1,1,93,93,8790,8790,9.979825543147156,9.979825543147156,0.007824183225827371,0.007824183225827371,4,0.0,0.0,39.91930217258862,0.0,0.0,0.0,0.0,0.0,False
2026-10-05T15:36:32.970570+00:00,1,6,7,9,586,670,0.0,0.0,0.0,0.0,4,0.0,0.0,39.91930217258862,0.0,0.0,0.0,0.0,0.0,False
2026-10-05T15:36:32.970570+00:00,1,2,7,9,586,670,0.0,0.0,0.0,0.0,4,0.0,0.0,39.91930217258862,0.0,0.0,0.0,0.0,0.0,False
2026-10-05T15:36:32.970570+00:00,1,5,7,9,586,670,0.0,0.0,0.0,0.0,4,0.0,0.0,39.91930217258862,0.0,0.0,0.0,0.0,0.0,False
2026-10-05T15:36:32.970570+00:00,1,3,50,51,4688,4730,4.989912771573578,4.989912771573578,0.0039120916129136854,0.0039120916129136854,4,0.0,0.0,39.91930217258862,0.0,0.0,0.0,0.0,0.0,False
2026-10-05T15:36:32.970570+00:00,2,4294967294,0,0,0,0,0.0,0.0,0.0,0.0,4,0.0,0.0,39.90409310588095,0.0,0.0,0.0,0.0,0.0,False
2026-10-05T15:36:32.970570+00:00,2,1,93,93,8790,8790,9.976023276470238,9.976023276470238,0.007821202248752667,0.007821202248752667,4,0.0,0.0,39.90409310588095,0.0,0.0,0.0,0.0,0.0,False
2026-10-05T15:36:32.970570+00:00,2,4,7,9,586,670,0.0,0.0,0.0,0.0,4,0.0,0.0,39.90409310588095,0.0,0.0,0.0,0.0,0.0,False
2026-10-05T15:36:32.970570+00:00,2,6,93,93,8790,8790,9.976023276470238,9.976023276470238,0.007821202248752667,0.007821202248752667,4,0.0,0.0,39.90409310588095,0.0,0.0,0.0,0.0,0.0,False
2026-10-05T15:36:32.970570+00:00,2,2,7,9,586,670,0.0,0.0,0.0,0.0,4,0.0,0.0,39.90409310588095,0.0,0.0,0.0,0.0,0.0,False
2026-10-05T15:36:32.970570+00:00,2,5,7,9,586,670,0.0,0.0,0.0,0.0,4,0.0,0.0,39.90409310588095,0.0,0.0,0.0,0.0,0.0,False
2026-10-05T15:36:32.970570+00:00,2,3,7,9,586,670,0.0,0.0,0.0,0.0,4,0.0,0.0,39.90409310588095,0.0,0.0,0.0,0.0,0.0,False
2026-10-05T15:36:32.970570+00:00,3,4294967294,0,0,0,0,0.0,0.0,0.0,0.0,4,0.0,0.0,39.89724639733987,0.0,0.0,0.0,0.0,0.0,False
2026-10-05T15:36:32.970570+00:00,3,1,93,93,8790,8790,9.974311599334968,9.974311599334968,0.007819860293878616,0.007819860293878616,4,0.0,0.0,39.89724639733987,0.0,0.0,0.0,0.0,0.0,False
2026-10-05T15:36:32.970570+00:00,3,2,93,93,8790,8790,9.974311599334968,9.974311599334968,0.007819860293878616,0.007819860293878616,4,0.0,0.0,39.89724639733987,0.0,0.0,0.0,0.0,0.0,False
2026-10-05T15:36:33.972543+00:00,1,4294967294,0,0,0,0,0.0,0.0,0.0,0.0,4,0.0,0.0,39.91920225732528,0.0,0.0,0.0,0.0,0.0,False
2026-10-05T15:36:33.972543+00:00,1,4,55,56,5178,5220,4.98990028216566,4.98990028216566,0.003912081821217878,0.003912081821217878,4,0.0,0.0,39.91920225732528,0.0,0.0,0.0,0.0,0.0,False
2026-10-05T15:36:33.972543+00:00,1,1,103,103,9770,9770,9.97980056433132,9.97980056433132,0.007824163642435756,0.007824163642435756,4,0.0,0.0,39.91920225732528,0.0,0.0,0.0,0.0,0.0,False
2026-10-05T15:36:33.972543+00:00,1,6,7,9,586,670,0.0,0.0,0.0,0.0,4,0.0,0.0,39.91920225732528,0.0,0.0,0.0,0.0,0.0,False
2026-10-05T15:36:33.972543+00:00,1,2,7,9,586,670,0.0,0.0,0.0,0.0,4,0.0,0.0,39.91920225732528,0.0,0.0,0.0,0.0,0.0,False
2026-10-05T15:36:33.972543+00:00,1,5,7,9,586,670,0.0,0.0,0.0,0.0,4,0.0,0.0,39.91920225732528,0.0,0.0,0.0,0.0,0.0,False
2026-10-05T15:36:33.972543+00:00,1,3,55,56,5178,5220,4.98990028216566,4.98990028216566,0.003912081821217878,0.003912081821217878,4,0.0,0.0,39.91920225732528,0.0,0.0,0.0,0.0,0.0,False
2026-10-05T15:36:33.972543+00:00,2,4294967294,0,0,0,0,0.0,0.0,0.0,0.0,4,0.0,0.0,39.89363312195401,0.0,0.0,0.0,0.0,0.0,False
2026-10-05T15:36:33.972543+00:00,2,1,103,103,9770,9770,9.973408280488503,9.973408280488503,0.007819152091902986,0.007819152091902986,4,0.0,0.0,39.89363312195401,0.0,0.0,0.0,0.0,0.0,False
2026-10-05T15:36:33.972543+00:00,2,4,7,9,586,670,0.0,0.0,0.0,0.0,4,0.0,0.0,39.89363312195401,0.0,0.0,0.0,0.0,0.0,False
2026-10-05T15:36:33.972543+00:00,2,6,103,103,9770,9770,9.973408280488503,9.973408280488503,0.007819152091902986,0.007819152091902986,4,0.0,0.0,39.89363312195401,0.0,0.0,0.0,0.0,0.0,False
2026-10-05T15:36:33.972543+00:00,2,2,7,9,586,670,0.0,0.0,0.0,0.0,4,0.0,0.0,39.89363312195401,0.0,0.0,0.0,0.0,0.0,False
2026-10-05T15:36:33.972543+00:00,2,5,7,9,586,670,0.0,0.0,0.0,0.0,4,0.0,0.0,39.89363312195401,0.0,0.0,0.0,0.0,0.0,False
2026-10-05T15:36:33.972543+00:00,2,3,7,9,586,670,0.0,0.0,0.0,0.0,4,0.0,0.0,39.89363312195401,0.0,0.0,0.0,0.0,0.0,False
2026-10-05T15:36:33.972543+00:00,3,4294967294,0,0,0,0,0.0,0.0,0.0,0.0,4,0.0,0.0,39.890427855887914,0.0,0.0,0.0,0.0,0.0,False
2026-10-05T15:36:33.972543+00:00,3,1,103,103,9770,9770,9.972606963971979,9.972606963971979,0.007818523859754031,0.007818523859754031,4,0.0,0.0,39.890427855887914,0.0,0.0,0.0,0.0,0.0,False
2026-10-05T15:36:33.972543+00:00,3,2,103,103,9770,9770,9.972606963971979,9.972606963971979,0.007818523859754031,0.007818523859754031,4,0.0,0.0,39.890427855887914,0.0,0.0,0.0,0.0,0.0,False
2026-10-05T15:36:34.974383+00:00,1,4294967294,0,0,0,0,0.0,0.0,0.0,0.0,4,0.0,0.0,39.918999718970106,0.0,0.0,0.0,0.0,0.0,False
2026-10-05T15:36:34.974383+00:00,1,4,60,61,5668,5710,4.989874964871263,4.989874964871263,0.00391206197245907,0.00391206197245907,4,0.0,0.0,39.918999718970106,0.0,0.0,0.0,0.0,0.0,False
2026-10-05T15:36:34.974383+00:00,1,1,113,113,10750,10750,9.979749929742527,9.979749929742527,0.00782412394491814,0.00782412394491814,4,0.0,0.0,39.918999718970106,0.0,0.0,0.0,0.0,0.0,False
2026-10-05T15:36:34.974383+00:00,1,6,7,9,586,670,0.0,0.0,0.0,0.0,4,0.0,0.0,39.918999718970106,0.0,0.0,0.0,0.0,0.0,False
2026-10-05T15:36:34.974383+00:00,1,2,7,9,586,670,0.0,0.0,0.0,0.0,4,0.0,0.0,39.918999718970106,0.0,0.0,0.0,0.0,0.0,False
2026-10-05T15:36:34.974383+00:00,1,5,7,9,586,670,0.0,0.0,0.0,0.0,4,0.0,0.0,39.918999718970106,0.0,0.0,0.0,0.0,0.0,False
2026-10-05T15:36:34.974383+00:00,1,3,60,61,5668,5710,4.989874964871263,4.989874964871263,0.00391206197245907,0.00391206197245907,4,0.0,0.0,39.918999718970106,0.0,0.0,0.0,0.0,0.0,False
2026-10-05T15:36:34.974383+00:00,2,4294967294,0,0,0,0,0.0,0.0,0.0,0.0,4,0.0,0.0,39.9189405594853,0.0,0.0,0.0,0.0,0.0,False
2026-10-05T15:36:34.974383+00:00,2,1,113,113,10750,10750,9.979735139871325,9.979735139871325,0.007824112349659119,0.007824112349659119,4,0.0,0.0,39.9189405594853,0.0,0.0,0.0,0.0,0.0,False
2026-10-05T15:36:34.974383+00:00,2,4,7,9,586,670,0.0,0.0,0.0,0.0,4,0.0,0.0,39.9189405594853,0.0,0.0,0.0,0.0,0.0,False
2026-10-05T15:36:34.974383+00:00,2,6,113,113,10750,10750,9.979735139871325,9.979735139871325,0.007824112349659119,0.007824112349659119,4,0.0,0.0,39.9189405594853,0.0,0.0,0.0,0.0,0.0,False
2026-10-05T15:36:34.974383+00:00,2,2,7,9,586,670,0.0,0.0,0.0,0.0,4,0.0,0.0,39.9189405594853,0.0,0.0,0.0,0.0,0.0,False
2026-10-05T15:36:34.974383+00:00,2,5,7,9,586,670,0.0,0.0,0.0,0.0,4,0.0,0.0,39.9189405594853,0.0,0.0,0.0,0.0,0.0,False
2026-10-05T15:36:34.974383+00:00,2,3,7,9,586,670,0.0,0.0,0.0,0.0,4,0.0,0.0,39.9189405594853,0.0,0.0,0.0,0.0,0.0,False
2026-10-05T15:36:34.974383+00:00,3,4294967294,0,0,0,0,0.0,0.0,0.0,0.0,4,0.0,0.0,39.91855106661392,0.0,0.0,0.0,0.0,0.0,False
2026-10-05T15:36:34.974383+00:00,3,1,113,113,10750,10750,9.97963776665348,9.97963776665348,0.00782403600905633,0.00782403600905633,4,0.0,0.0,39.91855106661392,0.0,0.0,0.0,0.0,0.0,False
2026-10-05T15:36:34.974383+00:00,3,2,113,113,10750,10750,9.97963776665348,9.97963776665348,0.00782403600905633,0.00782403600905633,4,0.0,0.0,39.91855106661392,0.0,0.0,0.0,0.0,0.0,False
2026-10-05T15:36:35.976345+00:00,1,4294967294,0,0,0,0,0.0,0.0,0.0,0.0,4,0.0,0.0,39.92448248204827,0.0,0.0,0.0,0.0,0.0,False
2026-10-05T15:36:35.976345+00:00,1,4,65,66,6158,6200,4.990560310256034,4.990560310256034,0.0039125992832407305,0.0039125992832407305,4,0.0,0.0,39.92448248204827,0.0,0.0,0.0,0.0,0.0,False
2026-10-05T15:36:35.976345+00:00,1,1,123,123,11730,11730,9.981120620512067,9.981120620512067,0.007825198566481461,0.007825198566481461,4,0.0,0.0,39.92448248204827,0.0,0.0,0.0,0.0,0.0,False
2026-10-05T15:36:35.976345+00:00,1,6,7,9,586,670,0.0,0.0,0.0,0.0,4,0.0,0.0,39.92448248204827,0.0,0.0,0.0,0.0,0.0,False
2026-10-05T15:36:35.976345+00:00,1,2,7,9,586,670,0.0,0.0,0.0,0.0,4,0.0,0.0,39.92448248204827,0.0,0.0,0.0,0.0,0.0,False
2026-10-05T15:36:35.976345+00:00,1,5,7,9,586,670,0.0,0.0,0.0,0.0,4,0.0,0.0,39.92448248204827,0.0,0.0,0.0,0.0,0.0,False
2026-10-05T15:36:35.976345+00:00,1,3,65,66,6158,6200,4.990560310256034,4.990560310256034,0.0039125992832407305,0.0039125992832407305,4,0.0,0.0,39.92448248204827,0.0,0.0,0.0,0.0,0.0,False
2026-10-05T15:36:35.976345+00:00,2,4294967294,0,0,0,0,0.0,0.0,0.0,0.0,4,0.0,0.0,39.94945012309036,0.0,0.0,0.0,0.0,0.0,False
2026-10-05T15:36:35.976345+00:00,2,1,123,123,11730,11730,9.98736253077259,9.98736253077259,0.00783009222412571,0.00783009222412571,4,0.0,0.0,39.94945012309036,0.0,0.0,0.0,0.0,0.0,False
2026-10-05T15:36:35.976345+00:00,2,4,7,9,586,670,0.0,0.0,0.0,0.0,4,0.0,0.0,39.94945012309036,0.0,0.0,0.0,0.0,0.0,False
2026-10-05T15:36:35.976345+00:00,2,6,123,123,11730,11730,9.98736253077259,9.98736253077259,0.00783009222412571,0.00783009222412571,4,0.0,0.0,39.94945012309036,0.0,0.0,0.0,0.0,0.0,False
2026-10-05T15:36:35.976345+00:00,2,2,7,9,586,670,0.0,0.0,0.0,0.0,4,0.0,0.0,39.94945012309036,0.0,0.0,0.0,0.0,0.0,False
2026-10-05T15:36:35.976345+00:00,2,5,7,9,586,670,0.0,0.0,0.0,0.0,4,0.0,0.0,39.94945012309036,0.0,0.0,0.0,0.0,0.0,False
2026-10-05T15:36:35.976345+00:00,2,3,7,9,586,670,0.0,0.0,0.0,0.0,4,0.0,0.0,39.94945012309036,0.0,0.0,0.0,0.0,0.0,False
2026-10-05T15:36:35.976345+00:00,3,4294967294,0,0,0,0,0.0,0.0,0.0,0.0,4,0.0,0.0,39.953276640672634,0.0,0.0,0.0,0.0,0.0,False
2026-10-05T15:36:35.976345+00:00,3,1,123,123,11730,11730,9.988319160168158,9.988319160168158,0.007830842221571835,0.007830842221571835,4,0.0,0.0,39.953276640672634,0.0,0.0,0.0,0.0,0.0,False
2026-10-05T15:36:35.976345+00:00,3,2,123,123,11730,11730,9.988319160168158,9.988319160168158,0.007830842221571835,0.007830842221571835,4,0.0,0.0,39.953276640672634,0.0,0.0,0.0,0.0,0.0,False
2026-10-05T15:36:36.978484+00:00,1,4294967294,0,0,0,0,0.0,0.0,0.0,0.0,4,0.0,0.9983293019032529,39.93317207613011,0.0,0.9983293019032529,0.0,0.0,0.0,False
2026-10-05T15:36:36.978484+00:00,1,4,70,71,6648,6690,4.991646509516264,4.991646509516264,0.003913450863460751,0.003913450863460751,4,0.0,0.9983293019032529,39.93317207613011,0.0,0.9983293019032529,0.0,0.0,0.0,False
2026-10-05T15:36:36.978484+00:00,1,1,133,133,12710,12710,9.983293019032528,9.983293019032528,0.007826901726921503,0.007826901726921503,4,0.0,0.9983293019032529,39.93317207613011,0.0,0.9983293019032529,0.0,0.0,0.0,False
2026-10-05T15:36:36.978484+00:00,1,6,7,9,586,670,0.0,0.0,0.0,0.0,4,0.0,0.9983293019032529,39.93317207613011,0.0,0.9983293019032529,0.0,0.0,0.0,False
2026-10-05T15:36:36.978484+00:00,1,2,7,9,586,670,0.0,0.0,0.0,0.0,4,0.0,0.9983293019032529,39.93317207613011,0.0,0.9983293019032529,0.0,0.0,0.0,False
2026-10-05T15:36:36.978484+00:00,1,5,7,9,586,670,0.0,0.0,0.0,0.0,4,0.0,0.9983293019032529,39.93317207613011,0.0,0.9983293019032529,0.0,0.0,0.0,False
2026-10-05T15:36:36.978484+00:00,1,3,70,71,6648,6690,4.991646509516264,4.991646509516264,0.003913450863460751,0.003913450863460751,4,0.0,0.9983293019032529,39.93317207613011,0.0,0.9983293019032529,0.0,0.0,0.0,False
2026-10-05T15:36:36.978484+00:00,2,4294967294,0,0,0,0,0.0,0.0,0.0,0.0,4,0.0,3.990903605241508,39.909036052415075,0.0,3.990903605241508,0.0,0.0,0.0,False
2026-10-05T15:36:36.978484+00:00,2,1,133,133,12710,12710,9.977259013103769,9.977259013103769,0.007822171066273356,0.007822171066273356,4,0.0,3.990903605241508,39.909036052415075,0.0,3.990903605241508,0.0,0.0,0.0,False
2026-10-05T15:36:36.978484+00:00,2,4,7,9,586,670,0.0,0.0,0.0,0.0,4,0.0,3.990903605241508,39.909036052415075,0.0,3.990903605241508,0.0,0.0,0.0,False
2026-10-05T15:36:36.978484+00:00,2,6,133,133,12710,12710,9.977259013103769,9.977259013103769,0.007822171066273356,0.007822171066273356,4,0.0,3.990903605241508,39.909036052415075,0.0,3.990903605241508,0.0,0.0,0.0,False
2026-10-05T15:36:36.978484+00:00,2,2,7,9,586,670,0.0,0.0,0.0,0.0,4,0.0,3.990903605241508,39.909036052415075,0.0,3.990903605241508,0.0,0.0,0.0,False
2026-10-05T15:36:36.978484+00:00,2,5,7,9,586,670,0.0,0.0,0.0,0.0,4,0.0,3.990903605241508,39.909036052415075,0.0,3.990903605241508,0.0,0.0,0.0,False
2026-10-05T15:36:36.978484+00:00,2,3,7,9,586,670,0.0,0.0,0.0,0.0,4,0.0,3.990903605241508,39.909036052415075,0.0,3.990903605241508,0.0,0.0,0.0,False
2026-10-05T15:36:36.978484+00:00,3,4294967294,0,0,0,0,0.0,0.0,0.0,0.0,4,0.0,0.9976384132941907,39.90553653176763,0.0,0.9976384132941907,0.0,0.0,0.0,False
2026-10-05T15:36:36.978484+00:00,3,1,133,133,12710,12710,9.976384132941908,9.976384132941908,0.007821485160226455,0.007821485160226455,4,0.0,0.9976384132941907,39.90553653176763,0.0,0.9976384132941907,0.0,0.0,0.0,False
2026-10-05T15:36:36.978484+00:00,3,2,133,133,12710,12710,9.976384132941908,9.976384132941908,0.007821485160226455,0.007821485160226455,4,0.0,0.9976384132941907,39.90553653176763,0.0,0.9976384132941907,0.0,0.0,0.0,False
2026-10-05T15:36:37.979973+00:00,1,4294967294,0,0,0,0,0.0,0.0,0.0,0.0,4,0.0,4.991683271636768,43.92681279040357,0.0,4.991683271636768,0.0,0.0,0.0,False
2026-10-05T15:36:37.979973+00:00,1,4,75,77,7138,7250,4.991683271636768,5.9900199259641225,0.003913479684963227,0.004472548211386544,4,0.0,4.991683271636768,43.92681279040357,0.0,4.991683271636768,0.0,0.0,0.0,False
2026-10-05T15:36:37.979973+00:00,1,1,143,143,13690,13690,9.983366543273537,9.983366543273537,0.007826959369926454,0.007826959369926454,4,0.0,4.991683271636768,43.92681279040357,0.0,4.991683271636768,0.0,0.0,0.0,False
2026-10-05T15:36:37.979973+00:00,1,6,8,9,656,670,0.9983366543273537,0.0,0.000559068526423318,0.0,4,0.0,4.991683271636768,43.92681279040357,0.0,4.991683271636768,0.0,0.0,0.0,False
2026-10-05T15:36:37.979973+00:00,1,2,7,10,586,740,0.0,0.9983366543273537,0.0,0.000559068526423318,4,0.0,4.991683271636768,43.92681279040357,0.0,4.991683271636768,0.0,0.0,0.0,False
2026-10-05T15:36:37.979973+00:00,1,5,7,9,586,670,0.0,0.0,0.0,0.0,4,0.0,4.991683271636768,43.92681279040357,0.0,4.991683271636768,0.0,0.0,0.0,False
2026-10-05T15:36:37.979973+00:00,1,3,75,77,7138,7250,4.991683271636768,5.9900199259641225,0.003913479684963227,0.004472548211386544,4,0.0,4.991683271636768,43.92681279040357,0.0,4.991683271636768,0.0,0.0,0.0,False
2026-10-05T15:36:37.979973+00:00,2,4294967294,0,0,0,0,0.0,0.0,0.0,0.0,4,0.0,0.9991881905706382,45.96265676624936,0.0,0.9991881905706382,0.0,0.0,0.0,False
2026-10-05T15:36:37.979973+00:00,2,1,144,144,13760,13760,10.99107009627702,10.99107009627702,0.008393180800793362,0.008393180800793362,4,0.0,0.9991881905706382,45.96265676624936,0.0,0.9991881905706382,0.0,0.0,0.0,False
2026-10-05T15:36:37.979973+00:00,2,4,7,9,586,670,0.0,0.0,0.0,0.0,4,0.0,0.9991881905706382,45.96265676624936,0.0,0.9991881905706382,0.0,0.0,0.0,False
2026-10-05T15:36:37.979973+00:00,2,6,143,143,13690,13690,9.991881905706382,9.991881905706382,0.007833635414073803,0.007833635414073803,4,0.0,0.9991881905706382,45.96265676624936,0.0,0.9991881905706382,0.0,0.0,0.0,False
2026-10-05T15:36:37.979973+00:00,2,2,8,10,656,740,0.9991881905706382,0.9991881905706382,0.0005595453867195575,0.0005595453867195575,4,0.0,0.9991881905706382,45.96265676624936,0.0,0.9991881905706382,0.0,0.0,0.0,False
2026-10-05T15:36:37.979973+00:00,2,5,8,9,656,670,0.9991881905706382,0.0,0.0005595453867195575,0.0,4,0.0,0.9991881905706382,45.96265676624936,0.0,0.9991881905706382,0.0,0.0,0.0,False
2026-10-05T15:36:37.979973+00:00,2,3,8,9,656,670,0.9991881905706382,0.0,0.0005595453867195575,0.0,4,0.0,0.9991881905706382,45.96265676624936,0.0,0.9991881905706382,0.0,0.0,0.0,False
2026-10-05T15:36:37.979973+00:00,3,4294967294,0,0,0,0,0.0,0.0,0.0,0.0,4,0.0,0.0,41.969186642782276,0.0,0.0,0.0,0.0,0.0,False
2026-10-05T15:36:37.979973+00:00,3,1,143,143,13690,13690,9.992663486376731,9.992663486376731,0.007834248173319357,0.007834248173319357,4,0.0,0.0,41.969186642782276,0.0,0.0,0.0,0.0,0.0,False
2026-10-05T15:36:37.979973+00:00,3,2,144,144,13760,13760,10.991929835014405,10.991929835014405,0.008393837328556456,0.008393837328556456,4,0.0,0.0,41.969186642782276,0.0,0.0,0.0,0.0,0.0,False
2026-10-05T15:36:38.981881+00:00,1,4294967294,0,0,0,0,0.0,0.0,0.0,0.0,4,0.0,0.0,45.91871556219947,0.0,0.0,0.0,0.0,0.0,False
2026-10-05T15:36:38.981881+00:00,1,4,81,82,7698,7740,5.989397682026018,4.991164735021681,0.004472083602579427,0.003913073152256998,4,0.0,0.0,45.91871556219947,0.0,0.0,0.0,0.0,0.0,False
2026-10-05T15:36:38.981881+00:00,1,1,154,153,14740,14670,10.980562417047699,9.982329470043362,0.008385156754836426,0.007826146304513996,4,0.0,0.0,45.91871556219947,0.0,0.0,0.0,0.0,0.0,False
2026-10-05T15:36:38.981881+00:00,1,6,8,10,656,740,0.0,0.9982329470043363,0.0,0.0005590104503224284,4,0.0,0.0,45.91871556219947,0.0,0.0,0.0,0.0,0.0,False
2026-10-05T15:36:38.981881+00:00,1,2,8,10,656,740,0.9982329470043363,0.0,0.0005590104503224284,0.0,4,0.0,0.0,45.91871556219947,0.0,0.0,0.0,0.0,0.0,False
2026-10-05T15:36:38.981881+00:00,1,5,8,9,656,670,0.9982329470043363,0.0,0.0005590104503224284,0.0,4,0.0,0.0,45.91871556219947,0.0,0.0,0.0,0.0,0.0,False
2026-10-05T15:36:38.981881+00:00,1,3,81,82,7698,7740,5.989397682026018,4.991164735021681,0.004472083602579427,0.003913073152256998,4,0.0,0.0,45.91871556219947,0.0,0.0,0.0,0.0,0.0,False
2026-10-05T15:36:38.981881+00:00,2,4294967294,0,0,0,0,0.0,0.0,0.0,0.0,4,0.0,0.9977404292239874,42.90283845663146,0.0,0.9977404292239874,0.0,0.0,0.0,False
2026-10-05T15:36:38.981881+00:00,2,1,154,154,14740,14740,9.977404292239875,9.977404292239875,0.00782228496511606,0.00782228496511606,4,0.0,0.9977404292239874,42.90283845663146,0.0,0.9977404292239874,0.0,0.0,0.0,False
2026-10-05T15:36:38.981881+00:00,2,4,7,9,586,670,0.0,0.0,0.0,0.0,4,0.0,0.9977404292239874,42.90283845663146,0.0,0.9977404292239874,0.0,0.0,0.0,False
2026-10-05T15:36:38.981881+00:00,2,6,154,153,14740,14670,10.975144721463861,9.977404292239875,0.008381019605481495,0.00782228496511606,4,0.0,0.9977404292239874,42.90283845663146,0.0,0.9977404292239874,0.0,0.0,0.0,False
2026-10-05T15:36:38.981881+00:00,2,2,8,10,656,740,0.0,0.0,0.0,0.0,4,0.0,0.9977404292239874,42.90283845663146,0.0,0.9977404292239874,0.0,0.0,0.0,False
2026-10-05T15:36:38.981881+00:00,2,5,8,10,656,740,0.0,0.9977404292239874,0.0,0.000558734640365433,4,0.0,0.9977404292239874,42.90283845663146,0.0,0.9977404292239874,0.0,0.0,0.0,False
2026-10-05T15:36:38.981881+00:00,2,3,8,10,656,740,0.0,0.9977404292239874,0.0,0.000558734640365433,4,0.0,0.9977404292239874,42.90283845663146,0.0,0.9977404292239874,0.0,0.0,0.0,False
2026-10-05T15:36:38.981881+00:00,3,4294967294,0,0,0,0,0.0,0.0,0.0,0.0,4,0.0,0.9976790752229877,40.904842084142494,0.0,0.9976790752229877,0.0,0.0,0.0,False
2026-10-05T15:36:38.981881+00:00,3,1,153,154,14670,14740,9.976790752229878,10.974469827452864,0.007821803949748223,0.008380504231873098,4,0.0,0.9976790752229877,40.904842084142494,0.0,0.9976790752229877,0.0,0.0,0.0,False
2026-10-05T15:36:38.981881+00:00,3,2,154,154,14740,14740,9.976790752229878,9.976790752229878,0.007821803949748223,0.007821803949748223,4,0.0,0.9976790752229877,40.904842084142494,0.0,0.9976790752229877,0.0,0.0,0.0,False
2026-10-05T15:36:39.983923+00:00,1,4294967294,0,0,0,0,0.0,0.0,0.0,0.0,4,0.0,0.0,33.90936345892215,0.0,0.0,0.0,0.0,0.0,False
2026-10-05T15:36:39.983923+00:00,1,4,85,86,8090,8132,3.989336877520253,3.989336877520253,0.0031276401119758783,0.0031276401119758783,4,0.0,0.0,33.90936345892215,0.0,0.0,0.0,0.0,0.0,False
2026-10-05T15:36:39.983923+00:00,1,1,162,162,15524,15524,7.978673755040506,8.97600797442057,0.006255280223951757,0.006813787386804593,4,0.0,0.0,33.90936345892215,0.0,0.0,0.0,0.0,0.0,False
2026-10-05T15:36:39.983923+00:00,1,6,8,10,656,740,0.0,0.0,0.0,0.0,4,0.0,0.0,33.90936345892215,0.0,0.0,0.0,0.0,0.0,False
2026-10-05T15:36:39.983923+00:00,1,2,8,10,656,740,0.0,0.0,0.0,0.0,4,0.0,0.0,33.90936345892215,0.0,0.0,0.0,0.0,0.0,False
2026-10-05T15:36:39.983923+00:00,1,5,8,10,656,740,0.0,0.9973342193800633,0.0,0.0005585071628528355,4,0.0,0.0,33.90936345892215,0.0,0.0,0.0,0.0,0.0,False
2026-10-05T15:36:39.983923+00:00,1,3,85,86,8090,8132,3.989336877520253,3.989336877520253,0.0031276401119758783,0.0031276401119758783,4,0.0,0.0,33.90936345892215,0.0,0.0,0.0,0.0,0.0,False
2026-10-05T15:36:39.983923+00:00,2,4294967294,0,0,0,0,0.0,0.0,0.0,0.0,4,0.0,0.0,34.92142933320578,0.0,0.0,0.0,0.0,0.0,False
2026-10-05T15:36:39.983923+00:00,2,1,162,162,15524,15524,7.982040990447036,7.982040990447036,0.006257920136510477,0.006257920136510477,4,0.0,0.0,34.92142933320578,0.0,0.0,0.0,0.0,0.0,False
2026-10-05T15:36:39.983923+00:00,2,4,8,10,656,740,0.9977551238058795,0.9977551238058795,0.0005587428693312925,0.0005587428693312925,4,0.0,0.0,34.92142933320578,0.0,0.0,0.0,0.0,0.0,False
2026-10-05T15:36:39.983923+00:00,2,6,162,162,15524,15524,7.982040990447036,8.979796114252915,0.006257920136510477,0.006816663005841769,4,0.0,0.0,34.92142933320578,0.0,0.0,0.0,0.0,0.0,False
2026-10-05T15:36:39.983923+00:00,2,2,8,10,656,740,0.0,0.0,0.0,0.0,4,0.0,0.0,34.92142933320578,0.0,0.0,0.0,0.0,0.0,False
2026-10-05T15:36:39.983923+00:00,2,5,8,10,656,740,0.0,0.0,0.0,0.0,4,0.0,0.0,34.92142933320578,0.0,0.0,0.0,0.0,0.0,False
2026-10-05T15:36:39.983923+00:00,2,3,8,10,656,740,0.0,0.0,0.0,0.0,4,0.0,0.0,34.92142933320578,0.0,0.0,0.0,0.0,0.0,False
2026-10-05T15:36:39.983923+00:00,3,4294967294,0,0,0,0,0.0,0.0,0.0,0.0,4,0.0,0.0,32.943894307835706,0.0,0.0,0.0,0.0,0.0,False
2026-10-05T15:36:39.983923+00:00,3,1,162,162,15524,15524,8.984698447591557,7.986398620081383,0.006820384421549501,0.006261336518143805,4,0.0,0.0,32.943894307835706,0.0,0.0,0.0,0.0,0.0,False
2026-10-05T15:36:39.983923+00:00,3,2,162,162,15524,15524,7.986398620081383,7.986398620081383,0.006261336518143805,0.006261336518143805,4,0.0,0.0,32.943894307835706,0.0,0.0,0.0,0.0,0.0,False
2026-10-05T15:36:40.985798+00:00,1,4294967294,0,0,0,0,0.0,0.0,0.0,0.0,4,0.0,0.0,39.95056620812177,0.0,0.0,0.0,0.0,0.0,False
2026-10-05T15:36:40.985798+00:00,1,4,90,91,8580,8622,4.993820776015221,4.993820776015221,0.003915155488395934,0.003915155488395934,4,0.0,0.0,39.95056620812177,0.0,0.0,0.0,0.0,0.0,False
2026-10-05T15:36:40.985798+00:00,1,1,172,172,16504,16504,9.987641552030443,9.987641552030443,0.007830310976791868,0.007830310976791868,4,0.0,0.0,39.95056620812177,0.0,0.0,0.0,0.0,0.0,False
2026-10-05T15:36:40.985798+00:00,1,6,8,10,656,740,0.0,0.0,0.0,0.0,4,0.0,0.0,39.95056620812177,0.0,0.0,0.0,0.0,0.0,False
2026-10-05T15:36:40.985798+00:00,1,2,8,10,656,740,0.0,0.0,0.0,0.0,4,0.0,0.0,39.95056620812177,0.0,0.0,0.0,0.0,0.0,False
2026-10-05T15:36:40.985798+00:00,1,5,8,10,656,740,0.0,0.0,0.0,0.0,4,0.0,0.0,39.95056620812177,0.0,0.0,0.0,0.0,0.0,False
2026-10-05T15:36:40.985798+00:00,1,3,90,91,8580,8622,4.993820776015221,4.993820776015221,0.003915155488395934,0.003915155488395934,4,0.0,0.0,39.95056620812177,0.0,0.0,0.0,0.0,0.0,False
2026-10-05T15:36:40.985798+00:00,2,4294967294,0,0,0,0,0.0,0.0,0.0,0.0,4,0.0,0.0,39.93946184054973,0.0,0.0,0.0,0.0,0.0,False
2026-10-05T15:36:40.985798+00:00,2,1,172,172,16504,16504,9.984865460137433,9.984865460137433,0.007828134520747747,0.007828134520747747,4,0.0,0.0,39.93946184054973,0.0,0.0,0.0,0.0,0.0,False
2026-10-05T15:36:40.985798+00:00,2,4,8,10,656,740,0.0,0.0,0.0,0.0,4,0.0,0.0,39.93946184054973,0.0,0.0,0.0,0.0,0.0,False
2026-10-05T15:36:40.985798+00:00,2,6,172,172,16504,16504,9.984865460137433,9.984865460137433,0.007828134520747747,0.007828134520747747,4,0.0,0.0,39.93946184054973,0.0,0.0,0.0,0.0,0.0,False
2026-10-05T15:36:40.985798+00:00,2,2,8,10,656,740,0.0,0.0,0.0,0.0,4,0.0,0.0,39.93946184054973,0.0,0.0,0.0,0.0,0.0,False
2026-10-05T15:36:40.985798+00:00,2,5,8,10,656,740,0.0,0.0,0.0,0.0,4,0.0,0.0,39.93946184054973,0.0,0.0,0.0,0.0,0.0,False
2026-10-05T15:36:40.985798+00:00,2,3,8,10,656,740,0.0,0.0,0.0,0.0,4,0.0,0.0,39.93946184054973,0.0,0.0,0.0,0.0,0.0,False
2026-10-05T15:36:40.985798+00:00,3,4294967294,0,0,0,0,0.0,0.0,0.0,0.0,4,0.0,0.0,39.920661955890225,0.0,0.0,0.0,0.0,0.0,False
2026-10-05T15:36:40.985798+00:00,3,1,172,172,16504,16504,9.980165488972556,9.980165488972556,0.007824449743354485,0.007824449743354485,4,0.0,0.0,39.920661955890225,0.0,0.0,0.0,0.0,0.0,False
2026-10-05T15:36:40.985798+00:00,3,2,172,172,16504,16504,9.980165488972556,9.980165488972556,0.007824449743354485,0.007824449743354485,4,0.0,0.0,39.920661955890225,0.0,0.0,0.0,0.0,0.0,False
2026-10-05T15:36:41.987579+00:00,1,4294967294,0,0,0,0,0.0,0.0,0.0,0.0,4,0.0,0.0,39.925997204056394,0.0,0.0,0.0,0.0,0.0,False
2026-10-05T15:36:41.987579+00:00,1,4,95,96,9070,9112,4.990749650507049,4.990749650507049,0.003912747725997526,0.003912747725997526,4,0.0,0.0,39.925997204056394,0.0,0.0,0.0,0.0,0.0,False
2026-10-05T15:36:41.987579+00:00,1,1,182,182,17484,17484,9.981499301014098,9.981499301014098,0.007825495451995053,0.007825495451995053,4,0.0,0.0,39.925997204056394,0.0,0.0,0.0,0.0,0.0,False
2026-10-05T15:36:41.987579+00:00,1,6,8,10,656,740,0.0,0.0,0.0,0.0,4,0.0,0.0,39.925997204056394,0.0,0.0,0.0,0.0,0.0,False
2026-10-05T15:36:41.987579+00:00,1,2,8,10,656,740,0.0,0.0,0.0,0.0,4,0.0,0.0,39.925997204056394,0.0,0.0,0.0,0.0,0.0,False
2026-10-05T15:36:41.987579+00:00,1,5,8,10,656,740,0.0,0.0,0.0,0.0,4,0.0,0.0,39.925997204056394,0.0,0.0,0.0,0.0,0.0,False
2026-10-05T15:36:41.987579+00:00,1,3,95,96,9070,9112,4.990749650507049,4.990749650507049,0.003912747725997526,0.003912747725997526,4,0.0,0.0,39.925997204056394,0.0,0.0,0.0,0.0,0.0,False
2026-10-05T15:36:41.987579+00:00,2,4294967294,0,0,0,0,0.0,0.0,0.0,0.0,4,0.0,0.0,39.92325329458857,0.0,0.0,0.0,0.0,0.0,False
2026-10-05T15:36:41.987579+00:00,2,1,182,182,17484,17484,9.980813323647142,9.980813323647142,0.00782495764573936,0.00782495764573936,4,0.0,0.0,39.92325329458857,0.0,0.0,0.0,0.0,0.0,False
2026-10-05T15:36:41.987579+00:00,2,4,8,10,656,740,0.0,0.0,0.0,0.0,4,0.0,0.0,39.92325329458857,0.0,0.0,0.0,0.0,0.0,False
2026-10-05T15:36:41.987579+00:00,2,6,182,182,17484,17484,9.980813323647142,9.980813323647142,0.00782495764573936,0.00782495764573936,4,0.0,0.0,39.92325329458857,0.0,0.0,0.0,0.0,0.0,False
2026-10-05T15:36:41.987579+00:00,2,2,8,10,656,740,0.0,0.0,0.0,0.0,4,0.0,0.0,39.92325329458857,0.0,0.0,0.0,0.0,0.0,False
2026-10-05T15:36:41.987579+00:00,2,5,8,10,656,740,0.0,0.0,0.0,0.0,4,0.0,0.0,39.92325329458857,0.0,0.0,0.0,0.0,0.0,False
2026-10-05T15:36:41.987579+00:00,2,3,8,10,656,740,0.0,0.0,0.0,0.0,4,0.0,0.0,39.92325329458857,0.0,0.0,0.0,0.0,0.0,False
2026-10-05T15:36:41.987579+00:00,3,4294967294,0,0,0,0,0.0,0.0,0.0,0.0,4,0.0,0.0,39.92342646884173,0.0,0.0,0.0,0.0,0.0,False
2026-10-05T15:36:41.987579+00:00,3,1,182,182,17484,17484,9.980856617210433,9.980856617210433,0.007824991587892979,0.007824991587892979,4,0.0,0.0,39.92342646884173,0.0,0.0,0.0,0.0,0.0,False
2026-10-05T15:36:41.987579+00:00,3,2,182,182,17484,17484,9.980856617210433,9.980856617210433,0.007824991587892979,0.007824991587892979,4,0.0,0.0,39.92342646884173,0.0,0.0,0.0,0.0,0.0,False
2026-10-05T15:36:42.990646+00:00,1,4294967294,0,0,0,0,0.0,0.0,0.0,0.0,4,0.0,0.0,39.8382917128575,0.0,0.0,0.0,0.0,0.0,False
2026-10-05T15:36:42.990646+00:00,1,4,100,101,9560,9602,4.979786464107187,4.979786464107187,0.0039041525878600347,0.0039041525878600347,4,0.0,0.0,39.8382917128575,0.0,0.0,0.0,0.0,0.0,False
2026-10-05T15:36:42.990646+00:00,1,1,192,192,18464,18464,9.959572928214374,9.959572928214374,0.007808305175720069,0.007808305175720069,4,0.0,0.0,39.8382917128575,0.0,0.0,0.0,0.0,0.0,False
2026-10-05T15:36:42.990646+00:00,1,6,8,10,656,740,0.0,0.0,0.0,0.0,4,0.0,0.0,39.8382917128575,0.0,0.0,0.0,0.0,0.0,False
2026-10-05T15:36:42.990646+00:00,1,2,8,10,656,740,0.0,0.0,0.0,0.0,4,0.0,0.0,39.8382917128575,0.0,0.0,0.0,0.0,0.0,False
2026-10-05T15:36:42.990646+00:00,1,5,8,10,656,740,0.0,0.0,0.0,0.0,4,0.0,0.0,39.8382917128575,0.0,0.0,0.0,0.0,0.0,False
2026-10-05T15:36:42.990646+00:00,1,3,100,101,9560,9602,4.979786464107187,4.979786464107187,0.0039041525878600347,0.0039041525878600347,4,0.0,0.0,39.8382917128575,0.0,0.0,0.0,0.0,0.0,False
2026-10-05T15:36:42.990646+00:00,2,4294967294,0,0,0,0,0.0,0.0,0.0,0.0,4,0.0,0.0,39.81230449235738,0.0,0.0,0.0,0.0,0.0,False
2026-10-05T15:36:42.990646+00:00,2,1,192,192,18464,18464,9.953076123089344,9.953076123089344,0.007803211680502046,0.007803211680502046,4,0.0,0.0,39.81230449235738,0.0,0.0,0.0,0.0,0.0,False
2026-10-05T15:36:42.990646+00:00,2,4,8,10,656,740,0.0,0.0,0.0,0.0,4,0.0,0.0,39.81230449235738,0.0,0.0,0.0,0.0,0.0,False
2026-10-05T15:36:42.990646+00:00,2,6,192,192,18464,18464,9.953076123089344,9.953076123089344,0.007803211680502046,0.007803211680502046,4,0.0,0.0,39.81230449235738,0.0,0.0,0.0,0.0,0.0,False
2026-10-05T15:36:42.990646+00:00,2,2,8,10,656,740,0.0,0.0,0.0,0.0,4,0.0,0.0,39.81230449235738,0.0,0.0,0.0,0.0,0.0,False
2026-10-05T15:36:42.990646+00:00,2,5,8,10,656,740,0.0,0.0,0.0,0.0,4,0.0,0.0,39.81230449235738,0.0,0.0,0.0,0.0,0.0,False
2026-10-05T15:36:42.990646+00:00,2,3,8,10,656,740,0.0,0.0,0.0,0.0,4,0.0,0.0,39.81230449235738,0.0,0.0,0.0,0.0,0.0,False
2026-10-05T15:36:42.990646+00:00,3,4294967294,0,0,0,0,0.0,0.0,0.0,0.0,4,0.0,0.0,39.81328802121523,0.0,0.0,0.0,0.0,0.0,False
2026-10-05T15:36:42.990646+00:00,3,1,192,192,18464,18464,9.953322005303807,9.953322005303807,0.007803404452158186,0.007803404452158186,4,0.0,0.0,39.81328802121523,0.0,0.0,0.0,0.0,0.0,False
2026-10-05T15:36:42.990646+00:00,3,2,192,192,18464,18464,9.953322005303807,9.953322005303807,0.007803404452158186,0.007803404452158186,4,0.0,0.0,39.81328802121523,0.0,0.0,0.0,0.0,0.0,False
2026-10-05T15:36:43.994398+00:00,1,4294967294,0,0,0,0,0.0,0.0,0.0,0.0,4,0.0,0.0,39.88909340191484,0.0,0.0,0.0,0.0,0.0,False
2026-10-05T15:36:43.994398+00:00,1,4,105,106,10050,10092,4.986136675239355,4.986136675239355,0.003909131153387654,0.003909131153387654,4,0.0,0.0,39.88909340191484,0.0,0.0,0.0,0.0,0.0,False
2026-10-05T15:36:43.994398+00:00,1,1,202,202,19444,19444,9.97227335047871,9.97227335047871,0.007818262306775308,0.007818262306775308,4,0.0,0.0,39.88909340191484,0.0,0.0,0.0,0.0,0.0,False
2026-10-05T15:36:43.994398+00:00,1,6,8,10,656,740,0.0,0.0,0.0,0.0,4,0.0,0.0,39.88909340191484,0.0,0.0,0.0,0.0,0.0,False
2026-10-05T15:36:43.994398+00:00,1,2,8,10,656,740,0.0,0.0,0.0,0.0,4,0.0,0.0,39.88909340191484,0.0,0.0,0.0,0.0,0.0,False
2026-10-05T15:36:43.994398+00:00,1,5,8,10,656,740,0.0,0.0,0.0,0.0,4,0.0,0.0,39.88909340191484,0.0,0.0,0.0,0.0,0.0,False
2026-10-05T15:36:43.994398+00:00,1,3,105,106,10050,10092,4.986136675239355,4.986136675239355,0.003909131153387654,0.003909131153387654,4,0.0,0.0,39.88909340191484,0.0,0.0,0.0,0.0,0.0,False
2026-10-05T15:36:43.994398+00:00,2,4294967294,0,0,0,0,0.0,0.0,0.0,0.0,4,0.0,0.0,39.894349350454384,0.0,0.0,0.0,0.0,0.0,False
2026-10-05T15:36:43.994398+00:00,2,1,202,202,19444,19444,9.973587337613596,9.973587337613596,0.00781929247268906,0.00781929247268906,4,0.0,0.0,39.894349350454384,0.0,0.0,0.0,0.0,0.0,False
2026-10-05T15:36:43.994398+00:00,2,4,8,10,656,740,0.0,0.0,0.0,0.0,4,0.0,0.0,39.894349350454384,0.0,0.0,0.0,0.0,0.0,False
2026-10-05T15:36:43.994398+00:00,2,6,202,202,19444,19444,9.973587337613596,9.973587337613596,0.00781929247268906,0.00781929247268906,4,0.0,0.0,39.894349350454384,0.0,0.0,0.0,0.0,0.0,False
2026-10-05T15:36:43.994398+00:00,2,2,8,10,656,740,0.0,0.0,0.0,0.0,4,0.0,0.0,39.894349350454384,0.0,0.0,0.0,0.0,0.0,False
2026-10-05T15:36:43.994398+00:00,2,5,8,10,656,740,0.0,0.0,0.0,0.0,4,0.0,0.0,39.894349350454384,0.0,0.0,0.0,0.0,0.0,False
2026-10-05T15:36:43.994398+00:00,2,3,8,10,656,740,0.0,0.0,0.0,0.0,4,0.0,0.0,39.894349350454384,0.0,0.0,0.0,0.0,0.0,False
2026-10-05T15:36:43.994398+00:00,3,4294967294,0,0,0,0,0.0,0.0,0.0,0.0,4,0.0,0.0,39.889817383520054,0.0,0.0,0.0,0.0,0.0,False
2026-10-05T15:36:43.994398+00:00,3,1,202,202,19444,19444,9.972454345880013,9.972454345880013,0.007818404207169932,0.007818404207169932,4,0.0,0.0,39.889817383520054,0.0,0.0,0.0,0.0,0.0,False
2026-10-05T15:36:43.994398+00:00,3,2,202,202,19444,19444,9.972454345880013,9.972454345880013,0.007818404207169932,0.007818404207169932,4,0.0,0.0,39.889817383520054,0.0,0.0,0.0,0.0,0.0,False
2026-10-05T15:36:44.997443+00:00,1,4294967294,0,0,0,0,0.0,0.0,0.0,0.0,4,0.0,0.0,39.8667236689192,0.0,0.0,0.0,0.0,0.0,False
2026-10-05T15:36:44.997443+00:00,1,4,110,111,10540,10582,4.9833404586149,4.9833404586149,0.003906938919554082,0.003906938919554082,4,0.0,0.0,39.8667236689192,0.0,0.0,0.0,0.0,0.0,False
2026-10-05T15:36:44.997443+00:00,1,1,212,212,20424,20424,9.9666809172298,9.9666809172298,0.007813877839108163,0.007813877839108163,4,0.0,0.0,39.8667236689192,0.0,0.0,0.0,0.0,0.0,False
2026-10-05T15:36:44.997443+00:00,1,6,8,10,656,740,0.0,0.0,0.0,0.0,4,0.0,0.0,39.8667236689192,0.0,0.0,0.0,0.0,0.0,False
2026-10-05T15:36:44.997443+00:00,1,2,8,10,656,740,0.0,0.0,0.0,0.0,4,0.0,0.0,39.8667236689192,0.0,0.0,0.0,0.0,0.0,False
2026-10-05T15:36:44.997443+00:00,1,5,8,10,656,740,0.0,0.0,0.0,0.0,4,0.0,0.0,39.8667236689192,0.0,0.0,0.0,0.0,0.0,False
2026-10-05T15:36:44.997443+00:00,1,3,110,111,10540,10582,4.9833404586149,4.9833404586149,0.003906938919554082,0.003906938919554082,4,0.0,0.0,39.8667236689192,0.0,0.0,0.0,0.0,0.0,False
2026-10-05T15:36:44.997443+00:00,2,4294967294,0,0,0,0,0.0,0.0,0.0,0.0,4,0.0,0.0,39.85570564601789,0.0,0.0,0.0,0.0,0.0,False
2026-10-05T15:36:44.997443+00:00,2,1,212,212,20424,20424,9.963926411504472,9.963926411504472,0.007811718306619506,0.007811718306619506,4,0.0,0.0,39.85570564601789,0.0,0.0,0.0,0.0,0.0,False
2026-10-05T15:36:44.997443+00:00,2,4,8,10,656,740,0.0,0.0,0.0,0.0,4,0.0,0.0,39.85570564601789,0.0,0.0,0.0,0.0,0.0,False
2026-10-05T15:36:44.997443+00:00,2,6,212,212,20424,20424,9.963926411504472,9.963926411504472,0.007811718306619506,0.007811718306619506,4,0.0,0.0,39.85570564601789,0.0,0.0,0.0,0.0,0.0,False
2026-10-05T15:36:44.997443+00:00,2,2,8,10,656,740,0.0,0.0,0.0,0.0,4,0.0,0.0,39.85570564601789,0.0,0.0,0.0,0.0,0.0,False
2026-10-05T15:36:44.997443+00:00,2,5,8,10,656,740,0.0,0.0,0.0,0.0,4,0.0,0.0,39.85570564601789,0.0,0.0,0.0,0.0,0.0,False
2026-10-05T15:36:44.997443+00:00,2,3,8,10,656,740,0.0,0.0,0.0,0.0,4,0.0,0.0,39.85570564601789,0.0,0.0,0.0,0.0,0.0,False
2026-10-05T15:36:44.997443+00:00,3,4294967294,0,0,0,0,0.0,0.0,0.0,0.0,4,0.0,0.0,39.85523840097141,0.0,0.0,0.0,0.0,0.0,False
2026-10-05T15:36:44.997443+00:00,3,1,212,212,20424,20424,9.963809600242852,9.963809600242852,0.007811626726590395,0.007811626726590395,4,0.0,0.0,39.85523840097141,0.0,0.0,0.0,0.0,0.0,False
2026-10-05T15:36:44.997443+00:00,3,2,212,212,20424,20424,9.963809600242852,9.963809600242852,0.007811626726590395,0.007811626726590395,4,0.0,0.0,39.85523840097141,0.0,0.0,0.0,0.0,0.0,False
2026-10-05T15:36:45.999555+00:00,1,4294967294,0,0,0,0,0.0,0.0,0.0,0.0,4,0.0,0.0,39.907939805749166,0.0,0.0,0.0,0.0,0.0,False
2026-10-05T15:36:45.999555+00:00,1,4,115,116,11030,11072,4.988492475718646,4.988492475718646,0.003910978100963418,0.003910978100963418,4,0.0,0.0,39.907939805749166,0.0,0.0,0.0,0.0,0.0,False
2026-10-05T15:36:45.999555+00:00,1,1,222,222,21404,21404,9.976984951437291,9.976984951437291,0.007821956201926836,0.007821956201926836,4,0.0,0.0,39.907939805749166,0.0,0.0,0.0,0.0,0.0,False
2026-10-05T15:36:45.999555+00:00,1,6,8,10,656,740,0.0,0.0,0.0,0.0,4,0.0,0.0,39.907939805749166,0.0,0.0,0.0,0.0,0.0,False
2026-10-05T15:36:45.999555+00:00,1,2,8,10,656,740,0.0,0.0,0.0,0.0,4,0.0,0.0,39.907939805749166,0.0,0.0,0.0,0.0,0.0,False
2026-10-05T15:36:45.999555+00:00,1,5,8,10,656,740,0.0,0.0,0.0,0.0,4,0.0,0.0,39.907939805749166,0.0,0.0,0.0,0.0,0.0,False
2026-10-05T15:36:45.999555+00:00,1,3,115,116,11030,11072,4.988492475718646,4.988492475718646,0.003910978100963418,0.003910978100963418,4,0.0,0.0,39.907939805749166,0.0,0.0,0.0,0.0,0.0,False
2026-10-05T15:36:45.999555+00:00,2,4294967294,0,0,0,0,0.0,0.0,0.0,0.0,4,0.0,0.0,39.91630656191032,0.0,0.0,0.0,0.0,0.0,False
2026-10-05T15:36:45.999555+00:00,2,1,222,222,21404,21404,9.97907664047758,9.97907664047758,0.007823596086134421,0.007823596086134421,4,0.0,0.0,39.91630656191032,0.0,0.0,0.0,0.0,0.0,False
2026-10-05T15:36:45.999555+00:00,2,4,8,10,656,740,0.0,0.0,0.0,0.0,4,0.0,0.0,39.91630656191032,0.0,0.0,0.0,0.0,0.0,False
2026-10-05T15:36:45.999555+00:00,2,6,222,222,21404,21404,9.97907664047758,9.97907664047758,0.007823596086134421,0.007823596086134421,4,0.0,0.0,39.91630656191032,0.0,0.0,0.0,0.0,0.0,False
2026-10-05T15:36:45.999555+00:00,2,2,8,10,656,740,0.0,0.0,0.0,0.0,4,0.0,0.0,39.91630656191032,0.0,0.0,0.0,0.0,0.0,False
2026-10-05T15:36:45.999555+00:00,2,5,8,10,656,740,0.0,0.0,0.0,0.0,4,0.0,0.0,39.91630656191032,0.0,0.0,0.0,0.0,0.0,False
2026-10-05T15:36:45.999555+00:00,2,3,8,10,656,740,0.0,0.0,0.0,0.0,4,0.0,0.0,39.91630656191032,0.0,0.0,0.0,0.0,0.0,False
2026-10-05T15:36:45.999555+00:00,3,4294967294,0,0,0,0,0.0,0.0,0.0,0.0,4,0.0,0.0,39.92128958851539,0.0,0.0,0.0,0.0,0.0,False
2026-10-05T15:36:45.999555+00:00,3,1,222,222,21404,21404,9.980322397128848,9.980322397128848,0.007824572759349018,0.007824572759349018,4,0.0,0.0,39.92128958851539,0.0,0.0,0.0,0.0,0.0,False
2026-10-05T15:36:45.999555+00:00,3,2,222,222,21404,21404,9.980322397128848,9.980322397128848,0.007824572759349018,0.007824572759349018,4,0.0,0.0,39.92128958851539,0.0,0.0,0.0,0.0,0.0,False
2026-10-05T15:36:47.001778+00:00,1,4294967294,0,0,0,0,0.0,0.0,0.0,0.0,4,0.0,0.0,39.949833595778834,0.0,0.0,0.0,0.0,0.0,False
2026-10-05T15:36:47.001778+00:00,1,4,120,121,11520,11562,4.993729199472354,4.993729199472354,0.003915083692386325,0.003915083692386325,4,0.0,0.0,39.949833595778834,0.0,0.0,0.0,0.0,0.0,False
2026-10-05T15:36:47.001778+00:00,1,1,232,232,22384,22384,9.987458398944709,9.987458398944709,0.00783016738477265,0.00783016738477265,4,0.0,0.0,39.949833595778834,0.0,0.0,0.0,0.0,0.0,False
2026-10-05T15:36:47.001778+00:00,1,6,8,10,656,740,0.0,0.0,0.0,0.0,4,0.0,0.0,39.949833595778834,0.0,0.0,0.0,0.0,0.0,False
2026-10-05T15:36:47.001778+00:00,1,2,8,10,656,740,0.0,0.0,0.0,0.0,4,0.0,0.0,39.949833595778834,0.0,0.0,0.0,0.0,0.0,False
2026-10-05T15:36:47.001778+00:00,1,5,8,10,656,740,0.0,0.0,0.0,0.0,4,0.0,0.0,39.949833595778834,0.0,0.0,0.0,0.0,0.0,False
2026-10-05T15:36:47.001778+00:00,1,3,120,121,11520,11562,4.993729199472354,4.993729199472354,0.003915083692386325,0.003915083692386325,4,0.0,0.0,39.949833595778834,0.0,0.0,0.0,0.0,0.0,False
2026-10-05T15:36:47.001778+00:00,2,4294967294,0,0,0,0,0.0,0.0,0.0,0.0,4,0.0,0.0,39.96630708431608,0.0,0.0,0.0,0.0,0.0,False
2026-10-05T15:36:47.001778+00:00,2,1,232,232,22384,22384,9.99157677107902,9.99157677107902,0.007833396188525951,0.007833396188525951,4,0.0,0.0,39.96630708431608,0.0,0.0,0.0,0.0,0.0,False
2026-10-05T15:36:47.001778+00:00,2,4,8,10,656,740,0.0,0.0,0.0,0.0,4,0.0,0.0,39.96630708431608,0.0,0.0,0.0,0.0,0.0,False
2026-10-05T15:36:47.001778+00:00,2,6,232,232,22384,22384,9.99157677107902,9.99157677107902,0.007833396188525951,0.007833396188525951,4,0.0,0.0,39.96630708431608,0.0,0.0,0.0,0.0,0.0,False
2026-10-05T15:36:47.001778+00:00,2,2,8,10,656,740,0.0,0.0,0.0,0.0,4,0.0,0.0,39.96630708431608,0.0,0.0,0.0,0.0,0.0,False
2026-10-05T15:36:47.001778+00:00,2,5,8,10,656,740,0.0,0.0,0.0,0.0,4,0.0,0.0,39.96630708431608,0.0,0.0,0.0,0.0,0.0,False
2026-10-05T15:36:47.001778+00:00,2,3,8,10,656,740,0.0,0.0,0.0,0.0,4,0.0,0.0,39.96630708431608,0.0,0.0,0.0,0.0,0.0,False
2026-10-05T15:36:47.001778+00:00,3,4294967294,0,0,0,0,0.0,0.0,0.0,0.0,4,0.0,0.0,39.96547650253481,0.0,0.0,0.0,0.0,0.0,False
2026-10-05T15:36:47.001778+00:00,3,1,232,232,22384,22384,9.991369125633703,9.991369125633703,0.007833233394496823,0.007833233394496823,4,0.0,0.0,39.96547650253481,0.0,0.0,0.0,0.0,0.0,False
2026-10-05T15:36:47.001778+00:00,3,2,232,232,22384,22384,9.991369125633703,9.991369125633703,0.007833233394496823,0.007833233394496823,4,0.0,0.0,39.96547650253481,0.0,0.0,0.0,0.0,0.0,False
2026-10-05T15:36:48.004530+00:00,1,4294967294,0,0,0,0,0.0,0.0,0.0,0.0,4,0.0,0.0,39.835859448352565,0.0,0.0,0.0,0.0,0.0,False
2026-10-05T15:36:48.004530+00:00,1,4,125,126,12010,12052,4.979482431044071,4.979482431044071,0.0039039142259385514,0.0039039142259385514,4,0.0,0.0,39.835859448352565,0.0,0.0,0.0,0.0,0.0,False
2026-10-05T15:36:48.004530+00:00,1,1,242,242,23364,23364,9.958964862088141,9.958964862088141,0.007807828451877103,0.007807828451877103,4,0.0,0.0,39.835859448352565,0.0,0.0,0.0,0.0,0.0,False
2026-10-05T15:36:48.004530+00:00,1,6,8,10,656,740,0.0,0.0,0.0,0.0,4,0.0,0.0,39.835859448352565,0.0,0.0,0.0,0.0,0.0,False
2026-10-05T15:36:48.004530+00:00,1,2,8,10,656,740,0.0,0.0,0.0,0.0,4,0.0,0.0,39.835859448352565,0.0,0.0,0.0,0.0,0.0,False
2026-10-05T15:36:48.004530+00:00,1,5,8,10,656,740,0.0,0.0,0.0,0.0,4,0.0,0.0,39.835859448352565,0.0,0.0,0.0,0.0,0.0,False
2026-10-05T15:36:48.004530+00:00,1,3,125,126,12010,12052,4.979482431044071,4.979482431044071,0.0039039142259385514,0.0039039142259385514,4,0.0,0.0,39.835859448352565,0.0,0.0,0.0,0.0,0.0,False
2026-10-05T15:36:48.004530+00:00,2,4294967294,0,0,0,0,0.0,0.0,0.0,0.0,4,0.0,0.0,39.82208020207639,0.0,0.0,0.0,0.0,0.0,False
2026-10-05T15:36:48.004530+00:00,2,1,242,242,23364,23364,9.955520050519098,9.955520050519098,0.007805127719606973,0.007805127719606973,4,0.0,0.0,39.82208020207639,0.0,0.0,0.0,0.0,0.0,False
2026-10-05T15:36:48.004530+00:00,2,4,8,10,656,740,0.0,0.0,0.0,0.0,4,0.0,0.0,39.82208020207639,0.0,0.0,0.0,0.0,0.0,False
2026-10-05T15:36:48.004530+00:00,2,6,242,242,23364,23364,9.955520050519098,9.955520050519098,0.007805127719606973,0.007805127719606973,4,0.0,0.0,39.82208020207639,0.0,0.0,0.0,0.0,0.0,False
2026-10-05T15:36:48.004530+00:00,2,2,8,10,656,740,0.0,0.0,0.0,0.0,4,0.0,0.0,39.82208020207639,0.0,0.0,0.0,0.0,0.0,False
2026-10-05T15:36:48.004530+00:00,2,5,8,10,656,740,0.0,0.0,0.0,0.0,4,0.0,0.0,39.82208020207639,0.0,0.0,0.0,0.0,0.0,False
2026-10-05T15:36:48.004530+00:00,2,3,8,10,656,740,0.0,0.0,0.0,0.0,4,0.0,0.0,39.82208020207639,0.0,0.0,0.0,0.0,0.0,False
2026-10-05T15:36:48.004530+00:00,3,4294967294,0,0,0,0,0.0,0.0,0.0,0.0,4,0.0,0.0,39.82265276288517,0.0,0.0,0.0,0.0,0.0,False
2026-10-05T15:36:48.004530+00:00,3,1,242,242,23364,23364,9.955663190721292,9.955663190721292,0.007805239941525493,0.007805239941525493,4,0.0,0.0,39.82265276288517,0.0,0.0,0.0,0.0,0.0,False
2026-10-05T15:36:48.004530+00:00,3,2,242,242,23364,23364,9.955663190721292,9.955663190721292,0.007805239941525493,0.007805239941525493,4,0.0,0.0,39.82265276288517,0.0,0.0,0.0,0.0,0.0,False
2026-10-05T15:36:49.008120+00:00,1,4294967294,0,0,0,0,0.0,0.0,0.0,0.0,4,0.0,0.0,39.89913908604969,0.0,0.0,0.0,0.0,0.0,False
2026-10-05T15:36:49.008120+00:00,1,4,130,131,12500,12542,4.987392385756212,4.987392385756212,0.0039101156304328704,0.0039101156304328704,4,0.0,0.0,39.89913908604969,0.0,0.0,0.0,0.0,0.0,False
2026-10-05T15:36:49.008120+00:00,1,1,252,252,24344,24344,9.974784771512423,9.974784771512423,0.007820231260865741,0.007820231260865741,4,0.0,0.0,39.89913908604969,0.0,0.0,0.0,0.0,0.0,False
2026-10-05T15:36:49.008120+00:00,1,6,8,10,656,740,0.0,0.0,0.0,0.0,4,0.0,0.0,39.89913908604969,0.0,0.0,0.0,0.0,0.0,False
2026-10-05T15:36:49.008120+00:00,1,2,8,10,656,740,0.0,0.0,0.0,0.0,4,0.0,0.0,39.89913908604969,0.0,0.0,0.0,0.0,0.0,False
2026-10-05T15:36:49.008120+00:00,1,5,8,10,656,740,0.0,0.0,0.0,0.0,4,0.0,0.0,39.89913908604969,0.0,0.0,0.0,0.0,0.0,False
2026-10-05T15:36:49.008120+00:00,1,3,130,131,12500,12542,4.987392385756212,4.987392385756212,0.0039101156304328704,0.0039101156304328704,4,0.0,0.0,39.89913908604969,0.0,0.0,0.0,0.0,0.0,False
2026-10-05T15:36:49.008120+00:00,2,4294967294,0,0,0,0,0.0,0.0,0.0,0.0,4,0.0,0.0,39.89911576418894,0.0,0.0,0.0,0.0,0.0,False
2026-10-05T15:36:49.008120+00:00,2,1,252,252,24344,24344,9.974778941047235,9.974778941047235,0.007820226689781032,0.007820226689781032,4,0.0,0.0,39.89911576418894,0.0,0.0,0.0,0.0,0.0,False
2026-10-05T15:36:49.008120+00:00,2,4,8,10,656,740,0.0,0.0,0.0,0.0,4,0.0,0.0,39.89911576418894,0.0,0.0,0.0,0.0,0.0,False
2026-10-05T15:36:49.008120+00:00,2,6,252,252,24344,24344,9.974778941047235,9.974778941047235,0.007820226689781032,0.007820226689781032,4,0.0,0.0,39.89911576418894,0.0,0.0,0.0,0.0,0.0,False
2026-10-05T15:36:49.008120+00:00,2,2,8,10,656,740,0.0,0.0,0.0,0.0,4,0.0,0.0,39.89911576418894,0.0,0.0,0.0,0.0,0.0,False
2026-10-05T15:36:49.008120+00:00,2,5,8,10,656,740,0.0,0.0,0.0,0.0,4,0.0,0.0,39.89911576418894,0.0,0.0,0.0,0.0,0.0,False
2026-10-05T15:36:49.008120+00:00,2,3,8,10,656,740,0.0,0.0,0.0,0.0,4,0.0,0.0,39.89911576418894,0.0,0.0,0.0,0.0,0.0,False
2026-10-05T15:36:49.008120+00:00,3,4294967294,0,0,0,0,0.0,0.0,0.0,0.0,4,0.0,0.0,39.90318943554357,0.0,0.0,0.0,0.0,0.0,False
2026-10-05T15:36:49.008120+00:00,3,1,252,252,24344,24344,9.975797358885892,9.975797358885892,0.007821025129366539,0.007821025129366539,4,0.0,0.0,39.90318943554357,0.0,0.0,0.0,0.0,0.0,False
2026-10-05T15:36:49.008120+00:00,3,2,252,252,24344,24344,9.975797358885892,9.975797358885892,0.007821025129366539,0.007821025129366539,4,0.0,0.0,39.90318943554357,0.0,0.0,0.0,0.0,0.0,False
2026-10-05T15:36:50.011195+00:00,1,4294967294,0,0,0,0,0.0,0.0,0.0,0.0,4,0.0,0.0,39.857311065470334,0.0,0.0,0.0,0.0,0.0,False
2026-10-05T15:36:50.011195+00:00,1,4,135,136,12990,13032,4.982163883183792,4.982163883183792,0.0039060164844160927,0.0039060164844160927,4,0.0,0.0,39.857311065470334,0.0,0.0,0.0,0.0,0.0,False
2026-10-05T15:36:50.011195+00:00,1,1,262,262,25324,25324,9.964327766367584,9.964327766367584,0.0078120329688321855,0.0078120329688321855,4,0.0,0.0,39.857311065470334,0.0,0.0,0.0,0.0,0.0,False
2026-10-05T15:36:50.011195+00:00,1,6,8,10,656,740,0.0,0.0,0.0,0.0,4,0.0,0.0,39.857311065470334,0.0,0.0,0.0,0.0,0.0,False
2026-10-05T15:36:50.011195+00:00,1,2,8,10,656,740,0.0,0.0,0.0,0.0,4,0.0,0.0,39.857311065470334,0.0,0.0,0.0,0.0,0.0,False
2026-10-05T15:36:50.011195+00:00,1,5,8,10,656,740,0.0,0.0,0.0,0.0,4,0.0,0.0,39.857311065470334,0.0,0.0,0.0,0.0,0.0,False
2026-10-05T15:36:50.011195+00:00,1,3,135,136,12990,13032,4.982163883183792,4.982163883183792,0.0039060164844160927,0.0039060164844160927,4,0.0,0.0,39.857311065470334,0.0,0.0,0.0,0.0,0.0,False
2026-10-05T15:36:50.011195+00:00,2,4294967294,0,0,0,0,0.0,0.0,0.0,0.0,4,0.0,0.0,39.858883131749266,0.0,0.0,0.0,0.0,0.0,False
2026-10-05T15:36:50.011195+00:00,2,1,262,262,25324,25324,9.964720782937317,9.964720782937317,0.007812341093822857,0.007812341093822857,4,0.0,0.0,39.858883131749266,0.0,0.0,0.0,0.0,0.0,False
2026-10-05T15:36:50.011195+00:00,2,4,8,10,656,740,0.0,0.0,0.0,0.0,4,0.0,0.0,39.858883131749266,0.0,0.0,0.0,0.0,0.0,False
2026-10-05T15:36:50.011195+00:00,2,6,262,262,25324,25324,9.964720782937317,9.964720782937317,0.007812341093822857,0.007812341093822857,4,0.0,0.0,39.858883131749266,0.0,0.0,0.0,0.0,0.0,False
2026-10-05T15:36:50.011195+00:00,2,2,8,10,656,740,0.0,0.0,0.0,0.0,4,0.0,0.0,39.858883131749266,0.0,0.0,0.0,0.0,0.0,False
2026-10-05T15:36:50.011195+00:00,2,5,8,10,656,740,0.0,0.0,0.0,0.0,4,0.0,0.0,39.858883131749266,0.0,0.0,0.0,0.0,0.0,False
2026-10-05T15:36:50.011195+00:00,2,3,8,10,656,740,0.0,0.0,0.0,0.0,4,0.0,0.0,39.858883131749266,0.0,0.0,0.0,0.0,0.0,False
2026-10-05T15:36:50.011195+00:00,3,4294967294,0,0,0,0,0.0,0.0,0.0,0.0,4,0.0,0.0,39.8503398965906,0.0,0.0,0.0,0.0,0.0,False
2026-10-05T15:36:50.011195+00:00,3,1,262,262,25324,25324,9.96258497414765,9.96258497414765,0.007810666619731757,0.007810666619731757,4,0.0,0.0,39.8503398965906,0.0,0.0,0.0,0.0,0.0,False
2026-10-05T15:36:50.011195+00:00,3,2,262,262,25324,25324,9.96258497414765,9.96258497414765,0.007810666619731757,0.007810666619731757,4,0.0,0.0,39.8503398965906,0.0,0.0,0.0,0.0,0.0,False
2026-10-05T15:36:51.013763+00:00,1,4294967294,0,0,0,0,0.0,0.0,0.0,0.0,4,0.0,0.0,31.923466967626982,0.0,0.0,0.0,0.0,0.0,False
2026-10-05T15:36:51.013763+00:00,1,4,139,140,13382,13424,3.990433370953373,3.990433370953373,0.0031284997628274443,0.0031284997628274443,4,0.0,0.0,31.923466967626982,0.0,0.0,0.0,0.0,0.0,False
2026-10-05T15:36:51.013763+00:00,1,1,270,270,26108,26108,7.980866741906746,7.980866741906746,0.006256999525654889,0.006256999525654889,4,0.0,0.0,31.923466967626982,0.0,0.0,0.0,0.0,0.0,False
2026-10-05T15:36:51.013763+00:00,1,6,8,10,656,740,0.0,0.0,0.0,0.0,4,0.0,0.0,31.923466967626982,0.0,0.0,0.0,0.0,0.0,False
2026-10-05T15:36:51.013763+00:00,1,2,8,10,656,740,0.0,0.0,0.0,0.0,4,0.0,0.0,31.923466967626982,0.0,0.0,0.0,0.0,0.0,False
2026-10-05T15:36:51.013763+00:00,1,5,8,10,656,740,0.0,0.0,0.0,0.0,4,0.0,0.0,31.923466967626982,0.0,0.0,0.0,0.0,0.0,False
2026-10-05T15:36:51.013763+00:00,1,3,139,140,13382,13424,3.990433370953373,3.990433370953373,0.0031284997628274443,0.0031284997628274443,4,0.0,0.0,31.923466967626982,0.0,0.0,0.0,0.0,0.0,False
2026-10-05T15:36:51.013763+00:00,2,4294967294,0,0,0,0,0.0,0.0,0.0,0.0,4,0.0,0.9977286965644239,31.927318290061564,0.0,0.9977286965644239,0.0,0.0,0.0,False
2026-10-05T15:36:51.013763+00:00,2,1,270,270,26108,26108,7.981829572515391,7.981829572515391,0.006257754384852066,0.006257754384852066,4,0.0,0.9977286965644239,31.927318290061564,0.0,0.9977286965644239,0.0,0.0,0.0,False
2026-10-05T15:36:51.013763+00:00,2,4,8,10,656,740,0.0,0.0,0.0,0.0,4,0.0,0.9977286965644239,31.927318290061564,0.0,0.9977286965644239,0.0,0.0,0.0,False
2026-10-05T15:36:51.013763+00:00,2,6,270,270,26108,26108,7.981829572515391,7.981829572515391,0.006257754384852066,0.006257754384852066,4,0.0,0.9977286965644239,31.927318290061564,0.0,0.9977286965644239,0.0,0.0,0.0,False
2026-10-05T15:36:51.013763+00:00,2,2,8,10,656,740,0.0,0.0,0.0,0.0,4,0.0,0.9977286965644239,31.927318290061564,0.0,0.9977286965644239,0.0,0.0,0.0,False
2026-10-05T15:36:51.013763+00:00,2,5,8,10,656,740,0.0,0.0,0.0,0.0,4,0.0,0.9977286965644239,31.927318290061564,0.0,0.9977286965644239,0.0,0.0,0.0,False
2026-10-05T15:36:51.013763+00:00,2,3,8,10,656,740,0.0,0.0,0.0,0.0,4,0.0,0.9977286965644239,31.927318290061564,0.0,0.9977286965644239,0.0,0.0,0.0,False
2026-10-05T15:36:51.013763+00:00,3,4294967294,0,0,0,0,0.0,0.0,0.0,0.0,4,0.0,0.9978420896486198,31.930946868755832,0.0,0.9978420896486198,0.0,0.0,0.0,False
2026-10-05T15:36:51.013763+00:00,3,1,270,270,26108,26108,7.982736717188958,7.982736717188958,0.0062584655862761435,0.0062584655862761435,4,0.0,0.9978420896486198,31.930946868755832,0.0,0.9978420896486198,0.0,0.0,0.0,False
2026-10-05T15:36:51.013763+00:00,3,2,270,270,26108,26108,7.982736717188958,7.982736717188958,0.0062584655862761435,0.0062584655862761435,4,0.0,0.9978420896486198,31.930946868755832,0.0,0.9978420896486198,0.0,0.0,0.0,False
2026-10-05T15:36:52.017144+00:00,1,4294967294,0,0,0,0,0.0,0.0,0.0,0.0,4,0.0,0.996624356562139,40.8615986190477,0.0,0.996624356562139,0.0,0.0,0.0,False
2026-10-05T15:36:52.017144+00:00,1,4,144,145,13872,13914,4.983121782810695,4.983121782810695,0.003906767477723585,0.003906767477723585,4,0.0,0.996624356562139,40.8615986190477,0.0,0.996624356562139,0.0,0.0,0.0,False
2026-10-05T15:36:52.017144+00:00,1,1,280,280,27088,27088,9.96624356562139,9.96624356562139,0.00781353495544717,0.00781353495544717,4,0.0,0.996624356562139,40.8615986190477,0.0,0.996624356562139,0.0,0.0,0.0,False
2026-10-05T15:36:52.017144+00:00,1,6,8,10,656,740,0.0,0.0,0.0,0.0,4,0.0,0.996624356562139,40.8615986190477,0.0,0.996624356562139,0.0,0.0,0.0,False
2026-10-05T15:36:52.017144+00:00,1,2,8,10,656,740,0.0,0.0,0.0,0.0,4,0.0,0.996624356562139,40.8615986190477,0.0,0.996624356562139,0.0,0.0,0.0,False
2026-10-05T15:36:52.017144+00:00,1,5,8,10,656,740,0.0,0.0,0.0,0.0,4,0.0,0.996624356562139,40.8615986190477,0.0,0.996624356562139,0.0,0.0,0.0,False
2026-10-05T15:36:52.017144+00:00,1,3,144,146,13872,13984,4.983121782810695,5.979746139372834,0.003906767477723585,0.0044648771173983835,4,0.0,0.996624356562139,40.8615986190477,0.0,0.996624356562139,0.0,0.0,0.0,False
2026-10-05T15:36:52.017144+00:00,2,4294967294,0,0,0,0,0.0,0.0,0.0,0.0,4,0.0,0.9958967946616561,41.82766537578956,0.0,0.9958967946616561,0.0,0.0,0.0,False
2026-10-05T15:36:52.017144+00:00,2,1,280,281,27088,27158,9.95896794661656,10.954864741278216,0.007807830870147385,0.00836553307515791,4,0.0,0.9958967946616561,41.82766537578956,0.0,0.9958967946616561,0.0,0.0,0.0,False
2026-10-05T15:36:52.017144+00:00,2,4,8,10,656,740,0.0,0.0,0.0,0.0,4,0.0,0.9958967946616561,41.82766537578956,0.0,0.9958967946616561,0.0,0.0,0.0,False
2026-10-05T15:36:52.017144+00:00,2,6,280,280,27088,27088,9.95896794661656,9.95896794661656,0.007807830870147385,0.007807830870147385,4,0.0,0.9958967946616561,41.82766537578956,0.0,0.9958967946616561,0.0,0.0,0.0,False
2026-10-05T15:36:52.017144+00:00,2,2,8,10,656,740,0.0,0.0,0.0,0.0,4,0.0,0.9958967946616561,41.82766537578956,0.0,0.9958967946616561,0.0,0.0,0.0,False
2026-10-05T15:36:52.017144+00:00,2,5,9,10,726,740,0.9958967946616561,0.0,0.0005577022050105274,0.0,4,0.0,0.9958967946616561,41.82766537578956,0.0,0.9958967946616561,0.0,0.0,0.0,False
2026-10-05T15:36:52.017144+00:00,2,3,8,10,656,740,0.0,0.0,0.0,0.0,4,0.0,0.9958967946616561,41.82766537578956,0.0,0.9958967946616561,0.0,0.0,0.0,False
2026-10-05T15:36:52.017144+00:00,3,4294967294,0,0,0,0,0.0,0.0,0.0,0.0,4,0.0,0.0,40.827099641832255,0.0,0.0,0.0,0.0,0.0,False
2026-10-05T15:36:52.017144+00:00,3,1,280,280,27088,27088,9.957829180934697,9.957829180934697,0.007806938077852802,0.007806938077852802,4,0.0,0.0,40.827099641832255,0.0,0.0,0.0,0.0,0.0,False
2026-10-05T15:36:52.017144+00:00,3,2,281,280,27158,27088,10.953612099028167,9.957829180934697,0.008364576511985146,0.007806938077852802,4,0.0,0.0,40.827099641832255,0.0,0.0,0.0,0.0,0.0,False
2026-10-05T15:36:53.018582+00:00,1,4294967294,0,0,0,0,0.0,0.0,0.0,0.0,4,0.0,2.9913412039242777,42.87589058958131,0.0,2.9913412039242777,0.0,0.0,0.0,False
2026-10-05T15:36:53.018582+00:00,1,4,149,151,14362,14474,4.985568673207129,5.982682407848555,0.00390868583979439,0.004467069531193588,4,0.0,2.9913412039242777,42.87589058958131,0.0,2.9913412039242777,0.0,0.0,0.0,False
2026-10-05T15:36:53.018582+00:00,1,1,290,290,28068,28068,9.971137346414258,9.971137346414258,0.00781737167958878,0.00781737167958878,4,0.0,2.9913412039242777,42.87589058958131,0.0,2.9913412039242777,0.0,0.0,0.0,False
2026-10-05T15:36:53.018582+00:00,1,6,9,10,726,740,0.9971137346414258,0.0,0.0005583836913991985,0.0,4,0.0,2.9913412039242777,42.87589058958131,0.0,2.9913412039242777,0.0,0.0,0.0,False
2026-10-05T15:36:53.018582+00:00,1,2,8,11,656,810,0.0,0.9971137346414258,0.0,0.0005583836913991985,4,0.0,2.9913412039242777,42.87589058958131,0.0,2.9913412039242777,0.0,0.0,0.0,False
2026-10-05T15:36:53.018582+00:00,1,5,8,10,656,740,0.0,0.0,0.0,0.0,4,0.0,2.9913412039242777,42.87589058958131,0.0,2.9913412039242777,0.0,0.0,0.0,False
2026-10-05T15:36:53.018582+00:00,1,3,149,151,14362,14474,4.985568673207129,4.985568673207129,0.00390868583979439,0.00390868583979439,4,0.0,2.9913412039242777,42.87589058958131,0.0,2.9913412039242777,0.0,0.0,0.0,False
2026-10-05T15:36:53.018582+00:00,2,4294967294,0,0,0,0,0.0,0.0,0.0,0.0,4,0.0,2.992761613984262,41.89866259577967,0.0,2.992761613984262,0.0,0.0,0.0,False
2026-10-05T15:36:53.018582+00:00,2,1,290,291,28068,28138,9.975872046614207,9.975872046614207,0.007821083684545538,0.007821083684545538,4,0.0,2.992761613984262,41.89866259577967,0.0,2.992761613984262,0.0,0.0,0.0,False
2026-10-05T15:36:53.018582+00:00,2,4,8,10,656,740,0.0,0.0,0.0,0.0,4,0.0,2.992761613984262,41.89866259577967,0.0,2.992761613984262,0.0,0.0,0.0,False
2026-10-05T15:36:53.018582+00:00,2,6,290,290,28068,28068,9.975872046614207,9.975872046614207,0.007821083684545538,0.007821083684545538,4,0.0,2.992761613984262,41.89866259577967,0.0,2.992761613984262,0.0,0.0,0.0,False
2026-10-05T15:36:53.018582+00:00,2,2,8,11,656,810,0.0,0.9975872046614206,0.0,0.0005586488346103955,4,0.0,2.992761613984262,41.89866259577967,0.0,2.992761613984262,0.0,0.0,0.0,False
2026-10-05T15:36:53.018582+00:00,2,5,9,10,726,740,0.0,0.0,0.0,0.0,4,0.0,2.992761613984262,41.89866259577967,0.0,2.992761613984262,0.0,0.0,0.0,False
2026-10-05T15:36:53.018582+00:00,2,3,9,10,726,740,0.9975872046614206,0.0,0.0005586488346103955,0.0,4,0.0,2.992761613984262,41.89866259577967,0.0,2.992761613984262,0.0,0.0,0.0,False
2026-10-05T15:36:53.018582+00:00,3,4294967294,0,0,0,0,0.0,0.0,0.0,0.0,4,0.0,0.0,39.90340980615769,0.0,0.0,0.0,0.0,0.0,False
2026-10-05T15:36:53.018582+00:00,3,1,290,290,28068,28068,9.975852451539422,9.975852451539422,0.007821068322006908,0.007821068322006908,4,0.0,0.0,39.90340980615769,0.0,0.0,0.0,0.0,0.0,False
2026-10-05T15:36:53.018582+00:00,3,2,291,290,28138,28068,9.975852451539422,9.975852451539422,0.007821068322006908,0.007821068322006908,4,0.0,0.0,39.90340980615769,0.0,0.0,0.0,0.0,0.0,False
2026-10-05T15:36:54.020821+00:00,1,4294967294,0,0,0,0,0.0,0.0,0.0,0.0,4,0.0,19.979801040573076,42.956572237232116,0.0,19.979801040573076,0.0,0.0,0.0,False
2026-10-05T15:36:54.020821+00:00,1,4,155,156,14922,14964,5.993940312171923,4.994950260143269,0.004475475433088369,0.003916041003952323,4,0.0,19.979801040573076,42.956572237232116,0.0,19.979801040573076,0.0,0.0,0.0,False
2026-10-05T15:36:54.020821+00:00,1,1,301,300,29118,29048,10.988890572315192,9.989900520286538,0.008391516437040693,0.007832082007904646,4,0.0,19.979801040573076,42.956572237232116,0.0,19.979801040573076,0.0,0.0,0.0,False
2026-10-05T15:36:54.020821+00:00,1,6,9,10,726,740,0.0,0.0,0.0,0.0,4,0.0,19.979801040573076,42.956572237232116,0.0,19.979801040573076,0.0,0.0,0.0,False
2026-10-05T15:36:54.020821+00:00,1,2,8,11,656,810,0.0,0.0,0.0,0.0,4,0.0,19.979801040573076,42.956572237232116,0.0,19.979801040573076,0.0,0.0,0.0,False
2026-10-05T15:36:54.020821+00:00,1,5,9,10,726,740,0.9989900520286538,0.0,0.0005594344291360461,0.0,4,0.0,19.979801040573076,42.956572237232116,0.0,19.979801040573076,0.0,0.0,0.0,False
2026-10-05T15:36:54.020821+00:00,1,3,154,156,14852,14964,4.994950260143269,4.994950260143269,0.003916041003952323,0.003916041003952323,4,0.0,19.979801040573076,42.956572237232116,0.0,19.979801040573076,0.0,0.0,0.0,False
2026-10-05T15:36:54.020821+00:00,2,4294967294,0,0,0,0,0.0,0.0,0.0,0.0,4,0.0,58.95201247233415,44.9633993433057,0.0,58.95201247233415,0.0,0.0,0.0,False
2026-10-05T15:36:54.020821+00:00,2,1,301,301,29118,29118,10.991053172808062,9.991866520734602,0.008393167877417064,0.007833623352255927,4,0.0,58.95201247233415,44.9633993433057,0.0,58.95201247233415,0.0,0.0,0.0,False
2026-10-05T15:36:54.020821+00:00,2,4,8,10,656,740,0.0,0.0,0.0,0.0,4,0.0,58.95201247233415,44.9633993433057,0.0,58.95201247233415,0.0,0.0,0.0,False
2026-10-05T15:36:54.020821+00:00,2,6,301,300,29118,29048,10.991053172808062,9.991866520734602,0.008393167877417064,0.007833623352255927,4,0.0,58.95201247233415,44.9633993433057,0.0,58.95201247233415,0.0,0.0,0.0,False
2026-10-05T15:36:54.020821+00:00,2,2,9,11,726,810,0.9991866520734601,0.0,0.0005595445251611377,0.0,4,0.0,58.95201247233415,44.9633993433057,0.0,58.95201247233415,0.0,0.0,0.0,False
2026-10-05T15:36:54.020821+00:00,2,5,9,11,726,810,0.0,0.9991866520734601,0.0,0.0005595445251611377,4,0.0,58.95201247233415,44.9633993433057,0.0,58.95201247233415,0.0,0.0,0.0,False
2026-10-05T15:36:54.020821+00:00,2,3,9,11,726,810,0.0,0.9991866520734601,0.0,0.0005595445251611377,4,0.0,58.95201247233415,44.9633993433057,0.0,58.95201247233415,0.0,0.0,0.0,False
2026-10-05T15:36:54.020821+00:00,3,4294967294,0,0,0,0,0.0,0.0,0.0,0.0,4,0.0,30.97503523674465,41.96617677236372,0.0,30.97503523674465,0.0,0.0,0.0,False
2026-10-05T15:36:54.020821+00:00,3,1,300,301,29048,29118,9.99194685056279,10.99114153561907,0.007833686330841227,0.008393235354472743,4,0.0,30.97503523674465,41.96617677236372,0.0,30.97503523674465,0.0,0.0,0.0,False
2026-10-05T15:36:54.020821+00:00,3,2,301,301,29118,29118,9.99194685056279,10.99114153561907,0.007833686330841227,0.008393235354472743,4,0.0,30.97503523674465,41.96617677236372,0.0,30.97503523674465,0.0,0.0,0.0,False
2026-10-05T15:36:55.023095+00:00,1,4294967294,0,0,0,0,0.0,0.0,0.0,0.0,6,1.9927324191752411,0.0,1751.611796455037,1.9927324191752411,0.0,176.90936315887978,2.5896130653863563,-0.4278457041669987,True
2026-10-05T15:36:55.023095+00:00,1,4,160,162,15412,15496,4.981831047938103,5.978197257525724,0.003905755541583473,0.004240534588004914,6,1.9927324191752411,0.0,1751.611796455037,1.9927324191752411,0.0,176.90936315887978,2.5896130653863563,-0.4278457041669987,True
2026-10-05T15:36:55.023095+00:00,1,1,597,881,46670,60850,294.9243980379357,578.8887677704075,0.13990575768545535,0.2534915055784441,6,1.9927324191752411,0.0,1751.611796455037,1.9927324191752411,0.0,176.90936315887978,2.5896130653863563,-0.4278457041669987,True
2026-10-05T15:36:55.023095+00:00,1,6,9,11,726,782,0.0,0.9963662095876206,0.0,0.00033477904642144053,6,1.9927324191752411,0.0,1751.611796455037,1.9927324191752411,0.0,176.90936315887978,2.5896130653863563,-0.4278457041669987,True
2026-10-05T15:36:55.023095+00:00,1,2,579,297,31478,17382,568.9251056745313,284.9607359420595,0.24567999449527714,0.13209424660228838,6,1.9927324191752411,0.0,1751.611796455037,1.9927324191752411,0.0,176.90936315887978,2.5896130653863563,-0.4278457041669987,True
2026-10-05T15:36:55.023095+00:00,1,5,9,11,726,782,0.0,0.9963662095876206,0.0,0.00033477904642144053,6,1.9927324191752411,0.0,1751.611796455037,1.9927324191752411,0.0,176.90936315887978,2.5896130653863563,-0.4278457041669987,True
2026-10-05T15:36:55.023095+00:00,1,3,159,162,15342,15496,4.981831047938103,5.978197257525724,0.003905755541583473,0.004240534588004914,6,1.9927324191752411,0.0,1751.611796455037,1.9927324191752411,0.0,176.90936315887978,2.5896130653863563,-0.4278457041669987,True
2026-10-05T15:36:55.023095+00:00,2,4294967294,0,0,0,0,0.0,0.0,0.0,0.0,6,1.991615646657416,0.0,1750.6301534118688,1.991615646657416,0.0,166.30831571843567,2.5880577195086234,-0.33185561320218226,True
2026-10-05T15:36:55.023095+00:00,2,1,882,597,60920,46670,578.5643453539793,294.7591157052976,0.2533494431799966,0.13982735132052385,6,1.991615646657416,0.0,1750.6301534118688,1.991615646657416,0.0,166.30831571843567,2.5880577195086234,-0.33185561320218226,True
2026-10-05T15:36:55.023095+00:00,2,4,8,11,656,782,0.0,0.995807823328708,0.0,0.0003345914286384459,6,1.991615646657416,0.0,1750.6301534118688,1.991615646657416,0.0,166.30831571843567,2.5880577195086234,-0.33185561320218226,True
2026-10-05T15:36:55.023095+00:00,2,6,597,881,46670,60850,294.7591157052976,578.5643453539793,0.13982735132052385,0.2533494431799966,6,1.991615646657416,0.0,1750.6301534118688,1.991615646657416,0.0,166.30831571843567,2.5880577195086234,-0.33185561320218226,True
2026-10-05T15:36:55.023095+00:00,2,2,9,12,726,852,0.0,0.995807823328708,0.0,0.0003345914286384459,6,1.991615646657416,0.0,1750.6301534118688,1.991615646657416,0.0,166.30831571843567,2.5880577195086234,-0.33185561320218226,True
2026-10-05T15:36:55.023095+00:00,2,5,9,12,726,852,0.0,0.995807823328708,0.0,0.0003345914286384459,6,1.991615646657416,0.0,1750.6301534118688,1.991615646657416,0.0,166.30831571843567,2.5880577195086234,-0.33185561320218226,True
2026-10-05T15:36:55.023095+00:00,2,3,9,12,726,852,0.0,0.995807823328708,0.0,0.0003345914286384459,6,1.991615646657416,0.0,1750.6301534118688,1.991615646657416,0.0,166.30831571843567,2.5880577195086234,-0.33185561320218226,True
2026-10-05T15:36:55.023095+00:00,3,4294967294,0,0,0,0,0.0,0.0,0.0,0.0,6,1.9915883652214703,0.0,1746.6229962992295,1.9915883652214703,0.0,215.69882940535098,2.588019724242569,-0.2984606788277703,True
2026-10-05T15:36:55.023095+00:00,3,1,881,597,60850,46670,578.5564200968371,294.7550780527776,0.2533459727630928,0.13982543594546898,6,1.9915883652214703,0.0,1746.6229962992295,1.9915883652214703,0.0,215.69882940535098,2.588019724242569,-0.2984606788277703,True
2026-10-05T15:36:55.023095+00:00,3,2,597,882,46670,60920,294.7550780527776,578.5564200968371,0.13982543594546898,0.2533459727630928,6,1.9915883652214703,0.0,1746.6229962992295,1.9915883652214703,0.0,215.69882940535098,2.588019724242569,-0.2984606788277703,True
2026-10-05T15:36:56.028561+00:00,1,4294967294,0,0,0,0,0.0,0.0,0.0,0.0,6,0.0,1.991865992134529,5047.388424068897,0.0,1.991865992134529,517.68332569137,-0.18569533817705186,-0.07244093288731072,True
2026-10-05T15:36:56.028561+00:00,1,4,165,167,15902,15986,4.979664980336323,4.979664980336323,0.0039040573445836765,0.0039040573445836765,6,0.0,1.991865992134529,5047.388424068897,0.0,1.991865992134529,517.68332569137,-0.18569533817705186,-0.07244093288731072,True
2026-10-05T15:36:56.028561+00:00,1,1,1445,2567,96254,152334,844.5511806650403,1679.143031369408,0.3950587334159939,0.7288954736977411,6,0.0,1.991865992134529,5047.388424068897,0.0,1.991865992134529,517.68332569137,-0.18569533817705186,-0.07244093288731072,True
2026-10-05T15:36:56.028561+00:00,1,6,9,11,726,782,0.0,0.0,0.0,0.0,6,0.0,1.991865992134529,5047.388424068897,0.0,1.991865992134529,517.68332569137,-0.18569533817705186,-0.07244093288731072,True
2026-10-05T15:36:56.028561+00:00,1,2,2255,1135,121982,65986,1669.1837014087353,834.5918507043676,0.7210873590085737,0.3872506187268266,6,0.0,1.991865992134529,5047.388424068897,0.0,1.991865992134529,517.68332569137,-0.18569533817705186,-0.07244093288731072,True
2026-10-05T15:36:56.028561+00:00,1,5,9,11,726,782,0.0,0.0,0.0,0.0,6,0.0,1.991865992134529,5047.388424068897,0.0,1.991865992134529,517.68332569137,-0.18569533817705186,-0.07244093288731072,True
2026-10-05T15:36:56.028561+00:00,1,3,164,167,15832,15986,4.979664980336323,4.979664980336323,0.0039040573445836765,0.0039040573445836765,6,0.0,1.991865992134529,5047.388424068897,0.0,1.991865992134529,517.68332569137,-0.18569533817705186,-0.07244093288731072,True
2026-10-05T15:36:56.028561+00:00,2,4294967294,0,0,0,0,0.0,0.0,0.0,0.0,6,0.0,0.0,5048.801774745465,0.0,0.0,487.1285802531448,-0.18569533817705186,-0.33185561320218226,True
2026-10-05T15:36:56.028561+00:00,2,1,2568,1445,152404,96254,1679.6132186702555,844.7876687024773,0.7290995762601644,0.3951693562730531,6,0.0,0.0,5048.801774745465,0.0,0.0,487.1285802531448,-0.18569533817705186,-0.33185561320218226,True
2026-10-05T15:36:56.028561+00:00,2,4,8,11,656,782,0.0,0.0,0.0,0.0,6,0.0,0.0,5048.801774745465,0.0,0.0,487.1285802531448,-0.18569533817705186,-0.33185561320218226,True
2026-10-05T15:36:56.028561+00:00,2,6,1445,2567,96254,152334,844.7876687024773,1679.6132186702555,0.3951693562730531,0.7290995762601644,6,0.0,0.0,5048.801774745465,0.0,0.0,487.1285802531448,-0.18569533817705186,-0.33185561320218226,True
2026-10-05T15:36:56.028561+00:00,2,2,9,12,726,852,0.0,0.0,0.0,0.0,6,0.0,0.0,5048.801774745465,0.0,0.0,487.1285802531448,-0.18569533817705186,-0.33185561320218226,True
2026-10-05T15:36:56.028561+00:00,2,5,9,12,726,852,0.0,0.0,0.0,0.0,6,0.0,0.0,5048.801774745465,0.0,0.0,487.1285802531448,-0.18569533817705186,-0.33185561320218226,True
2026-10-05T15:36:56.028561+00:00,2,3,9,12,726,852,0.0,0.0,0.0,0.0,6,0.0,0.0,5048.801774745465,0.0,0.0,487.1285802531448,-0.18569533817705186,-0.33185561320218226,True
2026-10-05T15:36:56.028561+00:00,3,4294967294,0,0,0,0,0.0,0.0,0.0,0.0,6,0.0,0.0,5048.837505806683,0.0,0.0,632.8217551596377,-0.18569533817705186,-0.2984606788277703,True
2026-10-05T15:36:56.028561+00:00,3,1,2567,1445,152334,96254,1679.625105522902,844.7936473804394,0.7291047361976615,0.3951721529406765,6,0.0,0.0,5048.837505806683,0.0,0.0,632.8217551596377,-0.18569533817705186,-0.2984606788277703,True
2026-10-05T15:36:56.028561+00:00,3,2,1445,2568,96254,152404,844.7936473804394,1679.625105522902,0.3951721529406765,0.7291047361976615,6,0.0,0.0,5048.837505806683,0.0,0.0,632.8217551596377,-0.18569533817705186,-0.2984606788277703,True
2026-10-05T15:36:57.030573+00:00,1,4294967294,0,0,0,0,0.0,0.0,0.0,0.0,6,0.0,0.0,5225.315588214827,0.0,0.0,536.0804901897649,-0.18569533817705186,-0.4278457041669987,True
2026-10-05T15:36:57.030573+00:00,1,4,170,172,16392,16476,4.985988156693537,4.985988156693537,0.003909014714847733,0.003909014714847733,6,0.0,0.0,5225.315588214827,0.0,0.0,536.0804901897649,-0.18569533817705186,-0.4278457041669987,True
2026-10-05T15:36:57.030573+00:00,1,1,2321,4309,147462,246842,873.5451250527077,1737.1182737920283,0.40851597044474025,0.7539452299404684,6,0.0,0.0,5225.315588214827,0.0,0.0,536.0804901897649,-0.18569533817705186,-0.4278457041669987,True
2026-10-05T15:36:57.030573+00:00,1,6,9,12,726,852,0.0,0.9971976313387074,0.0,0.0005584306735496762,6,0.0,0.0,5225.315588214827,0.0,0.0,536.0804901897649,-0.18569533817705186,-0.4278457041669987,True
2026-10-05T15:36:57.030573+00:00,1,2,3988,2001,215580,116214,1728.14349510998,863.5731487393206,0.7466856311843226,0.40069794101504475,6,0.0,0.0,5225.315588214827,0.0,0.0,536.0804901897649,-0.18569533817705186,-0.4278457041669987,True
2026-10-05T15:36:57.030573+00:00,1,5,9,12,726,852,0.0,0.9971976313387074,0.0,0.0005584306735496762,6,0.0,0.0,5225.315588214827,0.0,0.0,536.0804901897649,-0.18569533817705186,-0.4278457041669987,True
2026-10-05T15:36:57.030573+00:00,1,3,170,172,16392,16476,5.9831857880322445,4.985988156693537,0.004467445388397409,0.003909014714847733,6,0.0,0.0,5225.315588214827,0.0,0.0,536.0804901897649,-0.18569533817705186,-0.4278457041669987,True
2026-10-05T15:36:57.030573+00:00,2,4294967294,0,0,0,0,0.0,0.0,0.0,0.0,6,0.0,0.0,5219.044920082805,0.0,0.0,503.68849804792046,-0.18569533817705186,-0.33185561320218226,True
2026-10-05T15:36:57.030573+00:00,2,1,4310,2321,246912,147462,1736.359100608145,873.1633594332577,0.7536157330896651,0.40833743661971017,6,0.0,0.0,5219.044920082805,0.0,0.0,503.68849804792046,-0.18569533817705186,-0.33185561320218226,True
2026-10-05T15:36:57.030573+00:00,2,4,8,11,656,782,0.0,0.0,0.0,0.0,6,0.0,0.0,5219.044920082805,0.0,0.0,503.68849804792046,-0.18569533817705186,-0.33185561320218226,True
2026-10-05T15:36:57.030573+00:00,2,6,2321,4309,147462,246842,873.1633594332577,1736.359100608145,0.40833743661971017,0.7536157330896651,6,0.0,0.0,5219.044920082805,0.0,0.0,503.68849804792046,-0.18569533817705186,-0.33185561320218226,True
2026-10-05T15:36:57.030573+00:00,2,2,9,12,726,852,0.0,0.0,0.0,0.0,6,0.0,0.0,5219.044920082805,0.0,0.0,503.68849804792046,-0.18569533817705186,-0.33185561320218226,True
2026-10-05T15:36:57.030573+00:00,2,5,9,12,726,852,0.0,0.0,0.0,0.0,6,0.0,0.0,5219.044920082805,0.0,0.0,503.68849804792046,-0.18569533817705186,-0.33185561320218226,True
2026-10-05T15:36:57.030573+00:00,2,3,9,12,726,852,0.0,0.0,0.0,0.0,6,0.0,0.0,5219.044920082805,0.0,0.0,503.68849804792046,-0.18569533817705186,-0.33185561320218226,True
2026-10-05T15:36:57.030573+00:00,3,4294967294,0,0,0,0,0.0,0.0,0.0,0.0,6,0.0,0.0,5219.007537731611,0.0,0.0,654.3169734102577,-0.18569533817705186,-0.2984606788277703,True
2026-10-05T15:36:57.030573+00:00,3,1,4309,2321,246842,147462,1736.3466636227017,873.1571052431037,0.7536103351809612,0.40833451182912195,6,0.0,0.0,5219.007537731611,0.0,0.0,654.3169734102577,-0.18569533817705186,-0.2984606788277703,True
2026-10-05T15:36:57.030573+00:00,3,2,2321,4310,147462,246912,873.1571052431037,1736.3466636227017,0.40833451182912195,0.7536103351809612,6,0.0,0.0,5219.007537731611,0.0,0.0,654.3169734102577,-0.18569533817705186,-0.2984606788277703,True
2026-10-05T15:36:58.032542+00:00,1,4294967294,0,0,0,0,0.0,0.0,0.0,0.0,6,0.0,0.0,5106.524866850183,0.0,0.0,523.7978662727336,-0.18569533817705186,-0.4278457041669987,True
2026-10-05T15:36:58.032542+00:00,1,4,175,177,16882,16966,4.996599674021705,4.996599674021705,0.0039173341444330165,0.0039173341444330165,6,0.0,0.0,5106.524866850183,0.0,0.0,523.7978662727336,-0.18569533817705186,-0.4278457041669987,True
2026-10-05T15:36:58.032542+00:00,1,1,3176,6009,197452,339082,854.4185442577116,1698.8438891673798,0.39964802832695207,0.7374181662908192,6,0.0,0.0,5106.524866850183,0.0,0.0,523.7978662727336,-0.18569533817705186,-0.4278457041669987,True
2026-10-05T15:36:58.032542+00:00,1,6,9,12,726,852,0.0,0.0,0.0,0.0,6,0.0,0.0,5106.524866850183,0.0,0.0,523.7978662727336,-0.18569533817705186,-0.4278457041669987,True
2026-10-05T15:36:58.032542+00:00,1,2,5678,2846,306840,165224,1688.8506898193364,844.4253449096682,0.7295834980019532,0.39181336003808603,6,0.0,0.0,5106.524866850183,0.0,0.0,523.7978662727336,-0.18569533817705186,-0.4278457041669987,True
2026-10-05T15:36:58.032542+00:00,1,5,9,12,726,852,0.0,0.0,0.0,0.0,6,0.0,0.0,5106.524866850183,0.0,0.0,523.7978662727336,-0.18569533817705186,-0.4278457041669987,True
2026-10-05T15:36:58.032542+00:00,1,3,175,177,16882,16966,4.996599674021705,4.996599674021705,0.0039173341444330165,0.0039173341444330165,6,0.0,0.0,5106.524866850183,0.0,0.0,523.7978662727336,-0.18569533817705186,-0.4278457041669987,True
2026-10-05T15:36:58.032542+00:00,2,4294967294,0,0,0,0,0.0,0.0,0.0,0.0,6,0.0,1.0001253317068446,5110.640445021976,0.0,1.0001253317068446,493.1437610364186,-0.18569533817705186,-0.24207953646532115,True
2026-10-05T15:36:58.032542+00:00,2,1,6010,3176,339152,197452,1700.213063901636,855.1071586093522,0.7380124847731148,0.3999701226562013,6,0.0,1.0001253317068446,5110.640445021976,0.0,1.0001253317068446,493.1437610364186,-0.18569533817705186,-0.24207953646532115,True
2026-10-05T15:36:58.032542+00:00,2,4,8,11,656,782,0.0,0.0,0.0,0.0,6,0.0,1.0001253317068446,5110.640445021976,0.0,1.0001253317068446,493.1437610364186,-0.18569533817705186,-0.24207953646532115,True
2026-10-05T15:36:58.032542+00:00,2,6,3176,6009,197452,339082,855.1071586093522,1700.213063901636,0.3999701226562013,0.7380124847731148,6,0.0,1.0001253317068446,5110.640445021976,0.0,1.0001253317068446,493.1437610364186,-0.18569533817705186,-0.24207953646532115,True
2026-10-05T15:36:58.032542+00:00,2,2,9,12,726,852,0.0,0.0,0.0,0.0,6,0.0,1.0001253317068446,5110.640445021976,0.0,1.0001253317068446,493.1437610364186,-0.18569533817705186,-0.24207953646532115,True
2026-10-05T15:36:58.032542+00:00,2,5,9,12,726,852,0.0,0.0,0.0,0.0,6,0.0,1.0001253317068446,5110.640445021976,0.0,1.0001253317068446,493.1437610364186,-0.18569533817705186,-0.24207953646532115,True
2026-10-05T15:36:58.032542+00:00,2,3,9,12,726,852,0.0,0.0,0.0,0.0,6,0.0,1.0001253317068446,5110.640445021976,0.0,1.0001253317068446,493.1437610364186,-0.18569533817705186,-0.24207953646532115,True
2026-10-05T15:36:58.032542+00:00,3,4294967294,0,0,0,0,0.0,0.0,0.0,0.0,6,0.0,1.0001354973572107,5110.692391495347,0.0,1.0001354973572107,640.6350243510752,-0.18569533817705186,-0.12612891288514233,True
2026-10-05T15:36:58.032542+00:00,3,1,6009,3176,339082,197452,1700.230345507258,855.1158502404152,0.738019986209833,0.3999741881030957,6,0.0,1.0001354973572107,5110.692391495347,0.0,1.0001354973572107,640.6350243510752,-0.18569533817705186,-0.12612891288514233,True
2026-10-05T15:36:58.032542+00:00,3,2,3176,6010,197452,339152,855.1158502404152,1700.230345507258,0.3999741881030957,0.738019986209833,6,0.0,1.0001354973572107,5110.692391495347,0.0,1.0001354973572107,640.6350243510752,-0.18569533817705186,-0.12612891288514233,True
2026-10-05T15:36:59.035489+00:00,1,4294967294,0,0,0,0,0.0,0.0,0.0,0.0,6,0.0,0.0,5152.372770994831,0.0,0.0,528.5384096209316,-0.18569533817705186,-0.4278457041669987,True
2026-10-05T15:36:59.035489+00:00,1,4,180,182,17372,17456,4.981988755554855,4.981988755554855,0.0039058791843550066,0.0039058791843550066,6,0.0,0.0,5152.372770994831,0.0,0.0,528.5384096209316,-0.18569533817705186,-0.4278457041669987,True
2026-10-05T15:36:59.035489+00:00,1,1,4041,7730,248022,432472,861.88405471099,1714.800529661981,0.4031026741894544,0.7444286878100287,6,0.0,0.0,5152.372770994831,0.0,0.0,528.5384096209316,-0.18569533817705186,-0.4278457041669987,True
2026-10-05T15:36:59.035489+00:00,1,6,9,12,726,852,0.0,0.0,0.0,0.0,6,0.0,0.0,5152.372770994831,0.0,0.0,528.5384096209316,-0.18569533817705186,-0.4278457041669987,True
2026-10-05T15:36:59.035489+00:00,1,2,7388,3701,399180,214814,1703.8401543997604,851.9200771998802,0.7360589467006965,0.39529091582074444,6,0.0,0.0,5152.372770994831,0.0,0.0,528.5384096209316,-0.18569533817705186,-0.4278457041669987,True
2026-10-05T15:36:59.035489+00:00,1,5,9,12,726,852,0.0,0.0,0.0,0.0,6,0.0,0.0,5152.372770994831,0.0,0.0,528.5384096209316,-0.18569533817705186,-0.4278457041669987,True
2026-10-05T15:36:59.035489+00:00,1,3,180,182,17372,17456,4.981988755554855,4.981988755554855,0.0039058791843550066,0.0039058791843550066,6,0.0,0.0,5152.372770994831,0.0,0.0,528.5384096209316,-0.18569533817705186,-0.4278457041669987,True
2026-10-05T15:36:59.035489+00:00,2,4294967294,0,0,0,0,0.0,0.0,0.0,0.0,6,0.0,0.0,5158.029407321243,0.0,0.0,497.75338757087064,-0.18569533817705186,-0.33185561320218226,True
2026-10-05T15:36:59.035489+00:00,2,1,7732,4042,432580,248080,1715.0273487945897,862.4934286040155,0.7443975616407941,0.4033839935645644,6,0.0,0.0,5158.029407321243,0.0,0.0,497.75338757087064,-0.18569533817705186,-0.33185561320218226,True
2026-10-05T15:36:59.035489+00:00,2,4,9,12,726,852,0.9959508413441287,0.9959508413441287,0.0005577324711527121,0.0005577324711527121,6,0.0,0.0,5158.029407321243,0.0,0.0,497.75338757087064,-0.18569533817705186,-0.33185561320218226,True
2026-10-05T15:36:59.035489+00:00,2,6,4042,7732,248080,432580,862.4934286040155,1716.0232996359339,0.4033839935645644,0.7449552941119468,6,0.0,0.0,5158.029407321243,0.0,0.0,497.75338757087064,-0.18569533817705186,-0.33185561320218226,True
2026-10-05T15:36:59.035489+00:00,2,2,9,12,726,852,0.0,0.0,0.0,0.0,6,0.0,0.0,5158.029407321243,0.0,0.0,497.75338757087064,-0.18569533817705186,-0.33185561320218226,True
2026-10-05T15:36:59.035489+00:00,2,5,9,12,726,852,0.0,0.0,0.0,0.0,6,0.0,0.0,5158.029407321243,0.0,0.0,497.75338757087064,-0.18569533817705186,-0.33185561320218226,True
2026-10-05T15:36:59.035489+00:00,2,3,9,12,726,852,0.0,0.0,0.0,0.0,6,0.0,0.0,5158.029407321243,0.0,0.0,497.75338757087064,-0.18569533817705186,-0.33185561320218226,True
2026-10-05T15:36:59.035489+00:00,3,4294967294,0,0,0,0,0.0,0.0,0.0,0.0,6,0.0,0.0,5156.661754763252,0.0,0.0,646.4416959789068,-0.18569533817705186,-0.2984606788277703,True
2026-10-05T15:36:59.035489+00:00,3,1,7732,4042,432580,248080,1716.2310611275032,862.5978519654195,0.7450454869567001,0.40343283186425183,6,0.0,0.0,5156.661754763252,0.0,0.0,646.4416959789068,-0.18569533817705186,-0.2984606788277703,True
2026-10-05T15:36:59.035489+00:00,3,2,4042,7732,248080,432580,862.5978519654195,1715.2349897049103,0.40343283186425183,0.7444876869600482,6,0.0,0.0,5156.661754763252,0.0,0.0,646.4416959789068,-0.18569533817705186,-0.2984606788277703,True
2026-10-05T15:37:00.037912+00:00,1,4294967294,0,0,0,0,0.0,0.0,0.0,0.0,6,0.0,0.0,5175.418379688123,0.0,0.0,530.9212602448443,-0.18569533817705186,-0.4278457041669987,True
2026-10-05T15:37:00.037912+00:00,1,4,184,186,17764,17848,3.9856899342996717,3.9856899342996717,0.003124780908490943,0.003124780908490943,6,0.0,0.0,5175.418379688123,0.0,0.0,530.9212602448443,-0.18569533817705186,-0.4278457041669987,True
2026-10-05T15:37:00.037912+00:00,1,1,4910,9458,298768,526168,865.8911382266036,1721.8180516174582,0.40451564281194224,0.7468864081682841,6,0.0,0.0,5175.418379688123,0.0,0.0,530.9212602448443,-0.18569533817705186,-0.4278457041669987,True
2026-10-05T15:37:00.037912+00:00,1,6,9,12,726,852,0.0,0.0,0.0,0.0,6,0.0,0.0,5175.418379688123,0.0,0.0,530.9212602448443,-0.18569533817705186,-0.4278457041669987,True
2026-10-05T15:37:00.037912+00:00,1,2,9107,4561,491994,264678,1712.850249265284,856.9233358744294,0.7398556511241795,0.39748488576783764,6,0.0,0.0,5175.418379688123,0.0,0.0,530.9212602448443,-0.18569533817705186,-0.4278457041669987,True
2026-10-05T15:37:00.037912+00:00,1,5,9,12,726,852,0.0,0.0,0.0,0.0,6,0.0,0.0,5175.418379688123,0.0,0.0,530.9212602448443,-0.18569533817705186,-0.4278457041669987,True
2026-10-05T15:37:00.037912+00:00,1,3,185,187,17862,17946,4.98211241787459,4.98211241787459,0.003905976135613678,0.003905976135613678,6,0.0,0.0,5175.418379688123,0.0,0.0,530.9212602448443,-0.18569533817705186,-0.4278457041669987,True
2026-10-05T15:37:00.037912+00:00,2,4294967294,0,0,0,0,0.0,0.0,0.0,0.0,6,0.0,0.0,5173.184635496334,0.0,0.0,499.2275692904534,-0.18569533817705186,-0.33185561320218226,True
2026-10-05T15:37:00.037912+00:00,2,1,9458,4910,526168,298768,1721.0710641608853,865.5212535872818,0.7465659270113044,0.40434600278186306,6,0.0,0.0,5173.184635496334,0.0,0.0,499.2275692904534,-0.18569533817705186,-0.33185561320218226,True
2026-10-05T15:37:00.037912+00:00,2,4,9,12,726,852,0.0,0.0,0.0,0.0,6,0.0,0.0,5173.184635496334,0.0,0.0,499.2275692904534,-0.18569533817705186,-0.33185561320218226,True
2026-10-05T15:37:00.037912+00:00,2,6,4910,9458,298768,526168,865.5212535872818,1721.0710641608853,0.40434600278186306,0.7465659270113044,6,0.0,0.0,5173.184635496334,0.0,0.0,499.2275692904534,-0.18569533817705186,-0.33185561320218226,True
2026-10-05T15:37:00.037912+00:00,2,2,9,12,726,852,0.0,0.0,0.0,0.0,6,0.0,0.0,5173.184635496334,0.0,0.0,499.2275692904534,-0.18569533817705186,-0.33185561320218226,True
2026-10-05T15:37:00.037912+00:00,2,5,9,12,726,852,0.0,0.0,0.0,0.0,6,0.0,0.0,5173.184635496334,0.0,0.0,499.2275692904534,-0.18569533817705186,-0.33185561320218226,True
2026-10-05T15:37:00.037912+00:00,2,3,9,12,726,852,0.0,0.0,0.0,0.0,6,0.0,0.0,5173.184635496334,0.0,0.0,499.2275692904534,-0.18569533817705186,-0.33185561320218226,True
2026-10-05T15:37:00.037912+00:00,3,4294967294,0,0,0,0,0.0,0.0,0.0,0.0,6,0.0,0.0,5176.890956300382,0.0,0.0,648.9969702369982,-0.18569533817705186,-0.2984606788277703,True
2026-10-05T15:37:00.037912+00:00,3,1,9458,4910,526168,298768,1722.3041230868268,866.1413550633637,0.7471008031121668,0.40463569590278137,6,0.0,0.0,5176.890956300382,0.0,0.0,648.9969702369982,-0.18569533817705186,-0.2984606788277703,True
2026-10-05T15:37:00.037912+00:00,3,2,4910,9458,298768,526168,866.1413550633637,1722.3041230868268,0.40463569590278137,0.7471008031121668,6,0.0,0.0,5176.890956300382,0.0,0.0,648.9969702369982,-0.18569533817705186,-0.2984606788277703,True
2026-10-05T15:37:01.040245+00:00,1,4294967294,0,0,0,0,0.0,0.0,0.0,0.0,6,0.0,0.0,5078.116099375362,0.0,0.0,520.8604802308682,-0.18569533817705186,-0.4278457041669987,True
2026-10-05T15:37:01.040245+00:00,1,4,189,191,18254,18338,4.996178767586936,4.996178767586936,0.003917004153788158,0.003917004153788158,6,0.0,0.0,5078.116099375362,0.0,0.0,520.8604802308682,-0.18569533817705186,-0.4278457041669987,True
2026-10-05T15:37:01.040245+00:00,1,1,5760,11149,348428,617878,849.3503904897791,1689.7076591979019,0.39697638015738757,0.7331192876406367,6,0.0,0.0,5078.116099375362,0.0,0.0,520.8604802308682,-0.18569533817705186,-0.4278457041669987,True
2026-10-05T15:37:01.040245+00:00,1,6,9,12,726,852,0.0,0.0,0.0,0.0,6,0.0,0.0,5078.116099375362,0.0,0.0,520.8604802308682,-0.18569533817705186,-0.4278457041669987,True
2026-10-05T15:37:01.040245+00:00,1,2,10789,5402,582822,313456,1680.7145374162453,840.3572687081227,0.726068680163818,0.38992577268056894,6,0.0,0.0,5078.116099375362,0.0,0.0,520.8604802308682,-0.18569533817705186,-0.4278457041669987,True
2026-10-05T15:37:01.040245+00:00,1,5,9,12,726,852,0.0,0.0,0.0,0.0,6,0.0,0.0,5078.116099375362,0.0,0.0,520.8604802308682,-0.18569533817705186,-0.4278457041669987,True
2026-10-05T15:37:01.040245+00:00,1,3,189,191,18254,18338,3.996943014069549,3.996943014069549,0.0031336033230305264,0.0031336033230305264,6,0.0,0.0,5078.116099375362,0.0,0.0,520.8604802308682,-0.18569533817705186,-0.4278457041669987,True
2026-10-05T15:37:01.040245+00:00,2,4294967294,0,0,0,0,0.0,0.0,0.0,0.0,6,0.0,0.0,5079.366905549847,0.0,0.0,490.1017164255538,-0.18569533817705186,-0.33185561320218226,True
2026-10-05T15:37:01.040245+00:00,2,1,11150,5760,617932,348428,1689.7933158062015,848.8914411555977,0.7331545807642567,0.3967618726379951,6,0.0,0.0,5079.366905549847,0.0,0.0,490.1017164255538,-0.18569533817705186,-0.33185561320218226,True
2026-10-05T15:37:01.040245+00:00,2,4,9,12,726,852,0.0,0.0,0.0,0.0,6,0.0,0.0,5079.366905549847,0.0,0.0,490.1017164255538,-0.18569533817705186,-0.33185561320218226,True
2026-10-05T15:37:01.040245+00:00,2,6,5761,11151,348486,617986,849.8901369687219,1690.7920116193259,0.3972252674952848,0.7335860173555263,6,0.0,0.0,5079.366905549847,0.0,0.0,490.1017164255538,-0.18569533817705186,-0.33185561320218226,True
2026-10-05T15:37:01.040245+00:00,2,2,9,12,726,852,0.0,0.0,0.0,0.0,6,0.0,0.0,5079.366905549847,0.0,0.0,490.1017164255538,-0.18569533817705186,-0.33185561320218226,True
2026-10-05T15:37:01.040245+00:00,2,5,9,12,726,852,0.0,0.0,0.0,0.0,6,0.0,0.0,5079.366905549847,0.0,0.0,490.1017164255538,-0.18569533817705186,-0.33185561320218226,True
2026-10-05T15:37:01.040245+00:00,2,3,9,12,726,852,0.0,0.0,0.0,0.0,6,0.0,0.0,5079.366905549847,0.0,0.0,490.1017164255538,-0.18569533817705186,-0.33185561320218226,True
2026-10-05T15:37:01.040245+00:00,3,4294967294,0,0,0,0,0.0,0.0,0.0,0.0,6,0.0,0.0,5071.064877394061,0.0,0.0,635.6294305064879,-0.18569533817705186,-0.2984606788277703,True
2026-10-05T15:37:01.040245+00:00,3,1,11149,5760,617878,348428,1687.3614143395037,848.171024357527,0.7321013142948593,0.3964251583020686,6,0.0,0.0,5071.064877394061,0.0,0.0,635.6294305064879,-0.18569533817705186,-0.2984606788277703,True
2026-10-05T15:37:01.040245+00:00,3,2,5760,11149,348428,617878,848.171024357527,1687.3614143395037,0.3964251583020686,0.7321013142948593,6,0.0,0.0,5071.064877394061,0.0,0.0,635.6294305064879,-0.18569533817705186,-0.2984606788277703,True
2026-10-05T15:37:02.041273+00:00,1,4294967294,0,0,0,0,0.0,0.0,0.0,0.0,6,0.0,0.0,5319.4717421335245,0.0,0.0,545.8159696512246,-0.18569533817705186,-0.4278457041669987,True
2026-10-05T15:37:02.041273+00:00,1,4,194,196,18744,18828,4.993871331330759,4.993871331330759,0.003915195123763315,0.003915195123763315,6,0.0,0.0,5319.4717421335245,0.0,0.0,545.8159696512246,-0.18569533817705186,-0.4278457041669987,True
2026-10-05T15:37:02.041273+00:00,1,1,6651,12921,400506,714006,889.9078712431412,1769.827999823621,0.41611332990886923,0.7680813813410611,6,0.0,0.0,5319.4717421335245,0.0,0.0,545.8159696512246,-0.18569533817705186,-0.4278457041669987,True
2026-10-05T15:37:02.041273+00:00,1,6,9,12,726,852,0.0,0.0,0.0,0.0,6,0.0,0.0,5319.4717421335245,0.0,0.0,545.8159696512246,-0.18569533817705186,-0.4278457041669987,True
2026-10-05T15:37:02.041273+00:00,1,2,12551,6283,677970,364554,1759.8402571609595,879.9201285804797,0.7602509910935346,0.4082829396613426,6,0.0,0.0,5319.4717421335245,0.0,0.0,545.8159696512246,-0.18569533817705186,-0.4278457041669987,True
2026-10-05T15:37:02.041273+00:00,1,5,9,12,726,852,0.0,0.0,0.0,0.0,6,0.0,0.0,5319.4717421335245,0.0,0.0,545.8159696512246,-0.18569533817705186,-0.4278457041669987,True
2026-10-05T15:37:02.041273+00:00,1,3,194,196,18744,18828,4.993871331330759,4.993871331330759,0.003915195123763315,0.003915195123763315,6,0.0,0.0,5319.4717421335245,0.0,0.0,545.8159696512246,-0.18569533817705186,-0.4278457041669987,True
2026-10-05T15:37:02.041273+00:00,2,4294967294,0,0,0,0,0.0,0.0,0.0,0.0,6,0.0,0.0,5319.347847636198,0.0,0.0,513.4451800662666,-0.18569533817705186,-0.33185561320218226,True
2026-10-05T15:37:02.041273+00:00,2,1,12921,6651,714006,400506,1770.1174442246725,890.5559812558911,0.7682089817569336,0.41641638062261993,6,0.0,0.0,5319.347847636198,0.0,0.0,513.4451800662666,-0.18569533817705186,-0.33185561320218226,True
2026-10-05T15:37:02.041273+00:00,2,4,9,12,726,852,0.0,0.0,0.0,0.0,6,0.0,0.0,5319.347847636198,0.0,0.0,513.4451800662666,-0.18569533817705186,-0.33185561320218226,True
2026-10-05T15:37:02.041273+00:00,2,6,6651,12921,400506,714006,889.5564795934265,1769.1179425622079,0.4159526118512364,0.7677771970387489,6,0.0,0.0,5319.347847636198,0.0,0.0,513.4451800662666,-0.18569533817705186,-0.33185561320218226,True
2026-10-05T15:37:02.041273+00:00,2,2,9,12,726,852,0.0,0.0,0.0,0.0,6,0.0,0.0,5319.347847636198,0.0,0.0,513.4451800662666,-0.18569533817705186,-0.33185561320218226,True
2026-10-05T15:37:02.041273+00:00,2,5,9,12,726,852,0.0,0.0,0.0,0.0,6,0.0,0.0,5319.347847636198,0.0,0.0,513.4451800662666,-0.18569533817705186,-0.33185561320218226,True
2026-10-05T15:37:02.041273+00:00,2,3,9,12,726,852,0.0,0.0,0.0,0.0,6,0.0,0.0,5319.347847636198,0.0,0.0,513.4451800662666,-0.18569533817705186,-0.33185561320218226,True
2026-10-05T15:37:02.041273+00:00,3,4294967294,0,0,0,0,0.0,0.0,0.0,0.0,6,0.0,0.0,5323.83685055162,0.0,0.0,667.558605515743,-0.18569533817705186,-0.2984606788277703,True
2026-10-05T15:37:02.041273+00:00,3,1,12921,6651,714006,400506,1771.2803040137949,890.6381212620154,0.7687116616895624,0.4164547885888506,6,0.0,0.0,5323.83685055162,0.0,0.0,667.558605515743,-0.18569533817705186,-0.2984606788277703,True
2026-10-05T15:37:02.041273+00:00,3,2,6651,12921,400506,714006,890.6381212620154,1771.2803040137949,0.4164547885888506,0.7687116616895624,6,0.0,0.0,5323.83685055162,0.0,0.0,667.558605515743,-0.18569533817705186,-0.2984606788277703,True
2026-10-05T15:37:03.043489+00:00,1,4294967294,0,0,0,0,0.0,0.0,0.0,0.0,6,0.0,0.0,5205.793509262728,0.0,0.0,534.0619625548397,-0.18569533817705186,-0.4278457041669987,True
2026-10-05T15:37:03.043489+00:00,1,4,200,202,19276,19360,5.983670700301986,5.983670700301986,0.004244417083414209,0.004244417083414209,6,0.0,0.0,5205.793509262728,0.0,0.0,534.0619625548397,-0.18569533817705186,-0.4278457041669987,True
2026-10-05T15:37:03.043489+00:00,1,1,7525,14657,451566,808166,871.6213653439893,1731.2753892873748,0.40736830127655926,0.7512299108539134,6,0.0,0.0,5205.793509262728,0.0,0.0,534.0619625548397,-0.18569533817705186,-0.4278457041669987,True
2026-10-05T15:37:03.043489+00:00,1,6,9,12,726,852,0.0,0.0,0.0,0.0,6,0.0,0.0,5205.793509262728,0.0,0.0,534.0619625548397,-0.18569533817705186,-0.4278457041669987,True
2026-10-05T15:37:03.043489+00:00,1,2,14275,7145,771066,414550,1719.3080478867707,859.6540239433854,0.742741076687085,0.3988794671097308,6,0.0,0.0,5205.793509262728,0.0,0.0,534.0619625548397,-0.18569533817705186,-0.4278457041669987,True
2026-10-05T15:37:03.043489+00:00,1,5,9,12,726,852,0.0,0.0,0.0,0.0,6,0.0,0.0,5205.793509262728,0.0,0.0,534.0619625548397,-0.18569533817705186,-0.4278457041669987,True
2026-10-05T15:37:03.043489+00:00,1,3,200,202,19276,19360,5.983670700301986,5.983670700301986,0.004244417083414209,0.004244417083414209,6,0.0,0.0,5205.793509262728,0.0,0.0,534.0619625548397,-0.18569533817705186,-0.4278457041669987,True
2026-10-05T15:37:03.043489+00:00,2,4294967294,0,0,0,0,0.0,0.0,0.0,0.0,6,0.0,0.0,5206.833567547278,0.0,0.0,502.50067345885606,-0.18569533817705186,-0.33185561320218226,True
2026-10-05T15:37:03.043489+00:00,2,1,14659,7526,808274,451624,1731.625859241709,871.7909245319305,0.751378165703095,0.4074441918191838,6,0.0,0.0,5206.833567547278,0.0,0.0,502.50067345885606,-0.18569533817705186,-0.33185561320218226,True
2026-10-05T15:37:03.043489+00:00,2,4,9,12,726,852,0.0,0.0,0.0,0.0,6,0.0,0.0,5206.833567547278,0.0,0.0,502.50067345885606,-0.18569533817705186,-0.33185561320218226,True
2026-10-05T15:37:03.043489+00:00,2,6,7526,14659,451624,808274,871.7909245319305,1731.625859241709,0.4074441918191838,0.751378165703095,6,0.0,0.0,5206.833567547278,0.0,0.0,502.50067345885606,-0.18569533817705186,-0.33185561320218226,True
2026-10-05T15:37:03.043489+00:00,2,2,9,12,726,852,0.0,0.0,0.0,0.0,6,0.0,0.0,5206.833567547278,0.0,0.0,502.50067345885606,-0.18569533817705186,-0.33185561320218226,True
2026-10-05T15:37:03.043489+00:00,2,5,9,12,726,852,0.0,0.0,0.0,0.0,6,0.0,0.0,5206.833567547278,0.0,0.0,502.50067345885606,-0.18569533817705186,-0.33185561320218226,True
2026-10-05T15:37:03.043489+00:00,2,3,9,12,726,852,0.0,0.0,0.0,0.0,6,0.0,0.0,5206.833567547278,0.0,0.0,502.50067345885606,-0.18569533817705186,-0.33185561320218226,True
2026-10-05T15:37:03.043489+00:00,3,4294967294,0,0,0,0,0.0,0.0,0.0,0.0,6,0.0,0.0,5201.0896442333005,0.0,0.0,652.0536546168084,-0.18569533817705186,-0.2984606788277703,True
2026-10-05T15:37:03.043489+00:00,3,1,14657,7525,808166,451566,1729.711038771841,870.8337833448094,0.7505511124919656,0.407000210321153,6,0.0,0.0,5201.0896442333005,0.0,0.0,652.0536546168084,-0.18569533817705186,-0.2984606788277703,True
2026-10-05T15:37:03.043489+00:00,3,2,7525,14657,451566,808166,870.8337833448094,1729.711038771841,0.407000210321153,0.7505511124919656,6,0.0,0.0,5201.0896442333005,0.0,0.0,652.0536546168084,-0.18569533817705186,-0.2984606788277703,True
2026-10-05T15:37:04.046509+00:00,1,4294967294,0,0,0,0,0.0,0.0,0.0,0.0,6,0.0,0.0,5078.077789590001,0.0,0.0,520.8565191076381,-0.18569533817705186,-0.4278457041669987,True
2026-10-05T15:37:04.046509+00:00,1,4,205,207,19766,19850,4.986329329919482,4.986329329919482,0.003909282194656874,0.003909282194656874,6,0.0,0.0,5078.077789590001,0.0,0.0,520.8565191076381,-0.18569533817705186,-0.4278457041669987,True
2026-10-05T15:37:04.046509+00:00,1,1,8377,16351,501382,900082,849.6705178182799,1689.3683769767208,0.39743837103883034,0.7333175147022067,6,0.0,0.0,5078.077789590001,0.0,0.0,520.8565191076381,-0.18569533817705186,-0.4278457041669987,True
2026-10-05T15:37:04.046509+00:00,1,6,9,12,726,852,0.0,0.0,0.0,0.0,6,0.0,0.0,5078.077789590001,0.0,0.0,520.8565191076381,-0.18569533817705186,-0.4278457041669987,True
2026-10-05T15:37:04.046509+00:00,1,2,15959,7987,862002,463386,1679.3957183168818,839.6978591584409,0.7254989503128929,0.38961980664951656,6,0.0,0.0,5078.077789590001,0.0,0.0,520.8565191076381,-0.18569533817705186,-0.4278457041669987,True
2026-10-05T15:37:04.046509+00:00,1,5,9,12,726,852,0.0,0.0,0.0,0.0,6,0.0,0.0,5078.077789590001,0.0,0.0,520.8565191076381,-0.18569533817705186,-0.4278457041669987,True
2026-10-05T15:37:04.046509+00:00,1,3,205,207,19766,19850,4.986329329919482,4.986329329919482,0.003909282194656874,0.003909282194656874,6,0.0,0.0,5078.077789590001,0.0,0.0,520.8565191076381,-0.18569533817705186,-0.4278457041669987,True
2026-10-05T15:37:04.046509+00:00,2,4294967294,0,0,0,0,0.0,0.0,0.0,0.0,6,0.0,0.0,5077.117587376221,0.0,0.0,489.8829203972278,-0.18569533817705186,-0.33185561320218226,True
2026-10-05T15:37:04.046509+00:00,2,1,16353,8378,900190,501440,1689.0489381412644,849.5098555468461,0.7331788533562809,0.39736322031851345,6,0.0,0.0,5077.117587376221,0.0,0.0,489.8829203972278,-0.18569533817705186,-0.33185561320218226,True
2026-10-05T15:37:04.046509+00:00,2,4,9,12,726,852,0.0,0.0,0.0,0.0,6,0.0,0.0,5077.117587376221,0.0,0.0,489.8829203972278,-0.18569533817705186,-0.33185561320218226,True
2026-10-05T15:37:04.046509+00:00,2,6,8378,16353,501440,900190,849.5098555468461,1689.0489381412644,0.39736322031851345,0.7331788533562809,6,0.0,0.0,5077.117587376221,0.0,0.0,489.8829203972278,-0.18569533817705186,-0.33185561320218226,True
2026-10-05T15:37:04.046509+00:00,2,2,9,12,726,852,0.0,0.0,0.0,0.0,6,0.0,0.0,5077.117587376221,0.0,0.0,489.8829203972278,-0.18569533817705186,-0.33185561320218226,True
2026-10-05T15:37:04.046509+00:00,2,5,9,12,726,852,0.0,0.0,0.0,0.0,6,0.0,0.0,5077.117587376221,0.0,0.0,489.8829203972278,-0.18569533817705186,-0.33185561320218226,True
2026-10-05T15:37:04.046509+00:00,2,3,9,12,726,852,0.0,0.0,0.0,0.0,6,0.0,0.0,5077.117587376221,0.0,0.0,489.8829203972278,-0.18569533817705186,-0.33185561320218226,True
2026-10-05T15:37:04.046509+00:00,3,4294967294,0,0,0,0,0.0,0.0,0.0,0.0,6,0.0,0.0,5083.07846558974,0.0,0.0,637.1469403601212,-0.18569533817705186,-0.2984606788277703,True
2026-10-05T15:37:04.046509+00:00,3,1,16353,8378,900190,501440,1691.035911659513,850.5033211353565,0.734037211012052,0.3978241748023894,6,0.0,0.0,5083.07846558974,0.0,0.0,637.1469403601212,-0.18569533817705186,-0.2984606788277703,True
2026-10-05T15:37:04.046509+00:00,3,2,8378,16353,501440,900190,850.5033211353565,1691.035911659513,0.3978241748023894,0.734037211012052,6,0.0,0.0,5083.07846558974,0.0,0.0,637.1469403601212,-0.18569533817705186,-0.2984606788277703,True
2026-10-05T15:37:05.049163+00:00,1,4294967294,0,0,0,0,0.0,0.0,0.0,0.0,6,0.0,0.0,5317.93830436103,0.0,0.0,545.6574165315586,-0.18569533817705186,-0.4278457041669987,True
2026-10-05T15:37:05.049163+00:00,1,4,211,213,20298,20382,5.986422106222547,5.986422106222547,0.004246368747347194,0.004246368747347194,6,0.0,0.0,5317.93830436103,0.0,0.0,545.6574165315586,-0.18569533817705186,-0.4278457041669987,True
2026-10-05T15:37:05.049163+00:00,1,1,9269,18124,553502,996252,889.981419791752,1768.9877323887629,0.41601642690175894,0.7676189519405633,6,0.0,0.0,5317.93830436103,0.0,0.0,545.6574165315586,-0.18569533817705186,-0.4278457041669987,True
2026-10-05T15:37:05.049163+00:00,1,6,9,12,726,852,0.0,0.0,0.0,0.0,6,0.0,0.0,5317.93830436103,0.0,0.0,545.6574165315586,-0.18569533817705186,-0.4278457041669987,True
2026-10-05T15:37:05.049163+00:00,1,2,17721,8868,957150,514484,1758.0126251940214,879.0063125970107,0.7594614540838173,0.407858929045013,6,0.0,0.0,5317.93830436103,0.0,0.0,545.6574165315586,-0.18569533817705186,-0.4278457041669987,True
2026-10-05T15:37:05.049163+00:00,1,5,9,12,726,852,0.0,0.0,0.0,0.0,6,0.0,0.0,5317.93830436103,0.0,0.0,545.6574165315586,-0.18569533817705186,-0.4278457041669987,True
2026-10-05T15:37:05.049163+00:00,1,3,210,212,20256,20340,4.98868508851879,4.98868508851879,0.003911129109398731,0.003911129109398731,6,0.0,0.0,5317.93830436103,0.0,0.0,545.6574165315586,-0.18569533817705186,-0.4278457041669987,True
2026-10-05T15:37:05.049163+00:00,2,4294967294,0,0,0,0,0.0,0.0,0.0,0.0,6,0.0,0.0,5320.358579192067,0.0,0.0,513.5434961038646,-0.18569533817705186,-0.33185561320218226,True
2026-10-05T15:37:05.049163+00:00,2,1,18126,9270,996360,553560,1769.7928256862167,890.3864639098168,0.7679683070332475,0.41620576232268747,6,0.0,0.0,5320.358579192067,0.0,0.0,513.5434961038646,-0.18569533817705186,-0.33185561320218226,True
2026-10-05T15:37:05.049163+00:00,2,4,9,12,726,852,0.0,0.0,0.0,0.0,6,0.0,0.0,5320.358579192067,0.0,0.0,513.5434961038646,-0.18569533817705186,-0.33185561320218226,True
2026-10-05T15:37:05.049163+00:00,2,6,9270,18126,553560,996360,890.3864639098168,1769.7928256862167,0.41620576232268747,0.7679683070332475,6,0.0,0.0,5320.358579192067,0.0,0.0,513.5434961038646,-0.18569533817705186,-0.33185561320218226,True
2026-10-05T15:37:05.049163+00:00,2,2,9,12,726,852,0.0,0.0,0.0,0.0,6,0.0,0.0,5320.358579192067,0.0,0.0,513.5434961038646,-0.18569533817705186,-0.33185561320218226,True
2026-10-05T15:37:05.049163+00:00,2,5,9,12,726,852,0.0,0.0,0.0,0.0,6,0.0,0.0,5320.358579192067,0.0,0.0,513.5434961038646,-0.18569533817705186,-0.33185561320218226,True
2026-10-05T15:37:05.049163+00:00,2,3,9,12,726,852,0.0,0.0,0.0,0.0,6,0.0,0.0,5320.358579192067,0.0,0.0,513.5434961038646,-0.18569533817705186,-0.33185561320218226,True
2026-10-05T15:37:05.049163+00:00,3,4294967294,0,0,0,0,0.0,0.0,0.0,0.0,6,0.0,0.0,5319.673747219696,0.0,0.0,667.0327384537973,-0.18569533817705186,-0.2984606788277703,True
2026-10-05T15:37:05.049163+00:00,3,1,18126,9270,996360,553560,1769.565019478522,890.2718541313263,0.7678694548144364,0.4161521886755581,6,0.0,0.0,5319.673747219696,0.0,0.0,667.0327384537973,-0.18569533817705186,-0.2984606788277703,True
2026-10-05T15:37:05.049163+00:00,3,2,9270,18126,553560,996360,890.2718541313263,1769.565019478522,0.4161521886755581,0.7678694548144364,6,0.0,0.0,5319.673747219696,0.0,0.0,667.0327384537973,-0.18569533817705186,-0.2984606788277703,True
2026-10-05T15:37:06.050945+00:00,1,4294967294,0,0,0,0,0.0,0.0,0.0,0.0,6,0.0,0.0,5117.277934230752,0.0,0.0,524.9097029639563,-0.18569533817705186,-0.4278457041669987,True
2026-10-05T15:37:06.050945+00:00,1,4,216,218,20788,20872,4.98565659999099,4.98565659999099,0.003908754774392936,0.003908754774392936,6,0.0,0.0,5117.277934230752,0.0,0.0,524.9097029639563,-0.18569533817705186,-0.4278457041669987,True
2026-10-05T15:37:06.050945+00:00,1,1,10128,19831,603708,1088858,856.535803878452,1702.1031632369238,0.4004958004146362,0.7387227441580249,6,0.0,0.0,5117.277934230752,0.0,0.0,524.9097029639563,-0.18569533817705186,-0.4278457041669987,True
2026-10-05T15:37:06.050945+00:00,1,6,9,12,726,852,0.0,0.0,0.0,0.0,6,0.0,0.0,5117.277934230752,0.0,0.0,524.9097029639563,-0.18569533817705186,-0.4278457041669987,True
2026-10-05T15:37:06.050945+00:00,1,2,19417,9716,1048734,563668,1691.1347187169438,845.5673593584719,0.7305701984857197,0.39234325474233095,6,0.0,0.0,5117.277934230752,0.0,0.0,524.9097029639563,-0.18569533817705186,-0.4278457041669987,True
2026-10-05T15:37:06.050945+00:00,1,5,9,12,726,852,0.0,0.0,0.0,0.0,6,0.0,0.0,5117.277934230752,0.0,0.0,524.9097029639563,-0.18569533817705186,-0.4278457041669987,True
2026-10-05T15:37:06.050945+00:00,1,3,216,218,20788,20872,5.982787919989188,5.982787919989188,0.00424379089791233,0.00424379089791233,6,0.0,0.0,5117.277934230752,0.0,0.0,524.9097029639563,-0.18569533817705186,-0.4278457041669987,True
2026-10-05T15:37:06.050945+00:00,2,4294967294,0,0,0,0,0.0,0.0,0.0,0.0,6,0.0,0.0,5114.627477471259,0.0,0.0,493.53158827888643,-0.18569533817705186,-0.33185561320218226,True
2026-10-05T15:37:06.050945+00:00,2,1,19831,10128,1088858,603708,1701.2172940086807,856.096444726949,0.7383422745394249,0.40029393482673226,6,0.0,0.0,5114.627477471259,0.0,0.0,493.53158827888643,-0.18569533817705186,-0.33185561320218226,True
2026-10-05T15:37:06.050945+00:00,2,4,9,12,726,852,0.0,0.0,0.0,0.0,6,0.0,0.0,5114.627477471259,0.0,0.0,493.53158827888643,-0.18569533817705186,-0.33185561320218226,True
2026-10-05T15:37:06.050945+00:00,2,6,10128,19831,603708,1088858,856.096444726949,1701.2172940086807,0.40029393482673226,0.7383422745394249,6,0.0,0.0,5114.627477471259,0.0,0.0,493.53158827888643,-0.18569533817705186,-0.33185561320218226,True
2026-10-05T15:37:06.050945+00:00,2,2,9,12,726,852,0.0,0.0,0.0,0.0,6,0.0,0.0,5114.627477471259,0.0,0.0,493.53158827888643,-0.18569533817705186,-0.33185561320218226,True
2026-10-05T15:37:06.050945+00:00,2,5,9,12,726,852,0.0,0.0,0.0,0.0,6,0.0,0.0,5114.627477471259,0.0,0.0,493.53158827888643,-0.18569533817705186,-0.33185561320218226,True
2026-10-05T15:37:06.050945+00:00,2,3,9,12,726,852,0.0,0.0,0.0,0.0,6,0.0,0.0,5114.627477471259,0.0,0.0,493.53158827888643,-0.18569533817705186,-0.33185561320218226,True
2026-10-05T15:37:06.050945+00:00,3,4294967294,0,0,0,0,0.0,0.0,0.0,0.0,6,0.0,0.0,5118.2047080815855,0.0,0.0,641.5839510378858,-0.18569533817705186,-0.2984606788277703,True
2026-10-05T15:37:06.050945+00:00,3,1,19831,10128,1088858,603708,1702.4071453919437,856.6952086488491,0.7388586798098018,0.4005739051125639,6,0.0,0.0,5118.2047080815855,0.0,0.0,641.5839510378858,-0.18569533817705186,-0.2984606788277703,True
2026-10-05T15:37:06.050945+00:00,3,2,10128,19831,603708,1088858,856.6952086488491,1702.4071453919437,0.4005739051125639,0.7388586798098018,6,0.0,0.0,5118.2047080815855,0.0,0.0,641.5839510378858,-0.18569533817705186,-0.2984606788277703,True
2026-10-05T15:37:07.052715+00:00,1,4294967294,0,0,0,0,0.0,0.0,0.0,0.0,6,0.0,0.0,5252.079949870554,0.0,0.0,538.8478493304473,-0.18569533817705186,-0.4278457041669987,True
2026-10-05T15:37:07.052715+00:00,1,4,221,223,21278,21362,4.998172773002049,4.998172773002049,0.003918567454033607,0.003918567454033607,6,0.0,0.0,5252.079949870554,0.0,0.0,538.8478493304473,-0.18569533817705186,-0.4278457041669987,True
2026-10-05T15:37:07.052715+00:00,1,1,11007,21579,655090,1183690,878.6787734937603,1747.3612014415166,0.4109057814758261,0.7583787526549286,6,0.0,0.0,5252.079949870554,0.0,0.0,538.8478493304473,-0.18569533817705186,-0.4278457041669987,True
2026-10-05T15:37:07.052715+00:00,1,6,9,12,726,852,0.0,0.0,0.0,0.0,6,0.0,0.0,5252.079949870554,0.0,0.0,538.8478493304473,-0.18569533817705186,-0.4278457041669987,True
2026-10-05T15:37:07.052715+00:00,1,2,21155,10585,1142586,614070,1737.3648558955124,868.6824279477562,0.7505416177468615,0.40306864656775887,6,0.0,0.0,5252.079949870554,0.0,0.0,538.8478493304473,-0.18569533817705186,-0.4278457041669987,True
2026-10-05T15:37:07.052715+00:00,1,5,9,12,726,852,0.0,0.0,0.0,0.0,6,0.0,0.0,5252.079949870554,0.0,0.0,538.8478493304473,-0.18569533817705186,-0.4278457041669987,True
2026-10-05T15:37:07.052715+00:00,1,3,221,223,21278,21362,4.998172773002049,4.998172773002049,0.003918567454033607,0.003918567454033607,6,0.0,0.0,5252.079949870554,0.0,0.0,538.8478493304473,-0.18569533817705186,-0.4278457041669987,True
2026-10-05T15:37:07.052715+00:00,2,4294967294,0,0,0,0,0.0,0.0,0.0,0.0,6,0.0,0.0,5256.627085230582,0.0,0.0,507.3441962797856,-0.18569533817705186,-0.33185561320218226,True
2026-10-05T15:37:07.052715+00:00,2,1,21581,11008,1183798,655148,1748.8778325386918,879.4357100765993,0.7590329664970212,0.41125611751218427,6,0.0,0.0,5256.627085230582,0.0,0.0,507.3441962797856,-0.18569533817705186,-0.33185561320218226,True
2026-10-05T15:37:07.052715+00:00,2,4,9,12,726,852,0.0,0.0,0.0,0.0,6,0.0,0.0,5256.627085230582,0.0,0.0,507.3441962797856,-0.18569533817705186,-0.33185561320218226,True
2026-10-05T15:37:07.052715+00:00,2,6,11008,21581,655148,1183798,879.4357100765993,1748.8778325386918,0.41125611751218427,0.7590329664970212,6,0.0,0.0,5256.627085230582,0.0,0.0,507.3441962797856,-0.18569533817705186,-0.33185561320218226,True
2026-10-05T15:37:07.052715+00:00,2,2,9,12,726,852,0.0,0.0,0.0,0.0,6,0.0,0.0,5256.627085230582,0.0,0.0,507.3441962797856,-0.18569533817705186,-0.33185561320218226,True
2026-10-05T15:37:07.052715+00:00,2,5,9,12,726,852,0.0,0.0,0.0,0.0,6,0.0,0.0,5256.627085230582,0.0,0.0,507.3441962797856,-0.18569533817705186,-0.33185561320218226,True
2026-10-05T15:37:07.052715+00:00,2,3,9,12,726,852,0.0,0.0,0.0,0.0,6,0.0,0.0,5256.627085230582,0.0,0.0,507.3441962797856,-0.18569533817705186,-0.33185561320218226,True
2026-10-05T15:37:07.052715+00:00,3,4294967294,0,0,0,0,0.0,0.0,0.0,0.0,6,0.0,0.0,5253.035808781377,0.0,0.0,658.6152925950872,-0.18569533817705186,-0.2984606788277703,True
2026-10-05T15:37:07.052715+00:00,3,1,21581,11008,1183798,655148,1747.6830162295457,878.834888161143,0.7585144025638084,0.41097515133644724,6,0.0,0.0,5253.035808781377,0.0,0.0,658.6152925950872,-0.18569533817705186,-0.2984606788277703,True
2026-10-05T15:37:07.052715+00:00,3,2,11008,21581,655148,1183798,878.834888161143,1747.6830162295457,0.41097515133644724,0.7585144025638084,6,0.0,0.0,5253.035808781377,0.0,0.0,658.6152925950872,-0.18569533817705186,-0.2984606788277703,True
2026-10-05T15:37:08.054227+00:00,1,4294967294,0,0,0,0,0.0,0.0,0.0,0.0,6,0.0,0.0,5363.104631174601,0.0,0.0,550.3274867154236,-0.18569533817705186,-0.4278457041669987,True
2026-10-05T15:37:08.054227+00:00,1,4,226,228,21768,21852,4.986151572308109,4.986151572308109,0.003909142832689557,0.003909142832689557,6,0.0,0.0,5363.104631174601,0.0,0.0,550.3274867154236,-0.18569533817705186,-0.4278457041669987,True
2026-10-05T15:37:08.054227+00:00,1,1,11906,23368,707632,1280736,896.5100527009979,1784.0450325718411,0.4191718014595402,0.7742177047779403,6,0.0,0.0,5363.104631174601,0.0,0.0,550.3274867154236,-0.18569533817705186,-0.4278457041669987,True
2026-10-05T15:37:08.054227+00:00,1,6,9,12,726,852,0.0,0.0,0.0,0.0,6,0.0,0.0,5363.104631174601,0.0,0.0,550.3274867154236,-0.18569533817705186,-0.4278457041669987,True
2026-10-05T15:37:08.054227+00:00,1,2,22935,11475,1238706,665690,1775.0699597416867,887.5349798708434,0.7668302226084086,0.4118162306600713,6,0.0,0.0,5363.104631174601,0.0,0.0,550.3274867154236,-0.18569533817705186,-0.4278457041669987,True
2026-10-05T15:37:08.054227+00:00,1,5,9,12,726,852,0.0,0.0,0.0,0.0,6,0.0,0.0,5363.104631174601,0.0,0.0,550.3274867154236,-0.18569533817705186,-0.4278457041669987,True
2026-10-05T15:37:08.054227+00:00,1,3,226,228,21768,21852,4.986151572308109,4.986151572308109,0.003909142832689557,0.003909142832689557,6,0.0,0.0,5363.104631174601,0.0,0.0,550.3274867154236,-0.18569533817705186,-0.4278457041669987,True
2026-10-05T15:37:08.054227+00:00,2,4294967294,0,0,0,0,0.0,0.0,0.0,0.0,6,0.0,0.0,5354.988857794697,0.0,0.0,516.9120579671536,-0.18569533817705186,-0.33185561320218226,True
2026-10-05T15:37:08.054227+00:00,2,1,23369,11907,1280790,707690,1781.6747446477332,895.8196842496152,0.7731910372835478,0.4188490131243006,6,0.0,0.0,5354.988857794697,0.0,0.0,516.9120579671536,-0.18569533817705186,-0.33185561320218226,True
2026-10-05T15:37:08.054227+00:00,2,4,9,12,726,852,0.0,0.0,0.0,0.0,6,0.0,0.0,5354.988857794697,0.0,0.0,516.9120579671536,-0.18569533817705186,-0.33185561320218226,True
2026-10-05T15:37:08.054227+00:00,2,6,11907,23369,707690,1280790,895.8196842496152,1781.6747446477332,0.4188490131243006,0.7731910372835478,6,0.0,0.0,5354.988857794697,0.0,0.0,516.9120579671536,-0.18569533817705186,-0.33185561320218226,True
2026-10-05T15:37:08.054227+00:00,2,2,9,12,726,852,0.0,0.0,0.0,0.0,6,0.0,0.0,5354.988857794697,0.0,0.0,516.9120579671536,-0.18569533817705186,-0.33185561320218226,True
2026-10-05T15:37:08.054227+00:00,2,5,9,12,726,852,0.0,0.0,0.0,0.0,6,0.0,0.0,5354.988857794697,0.0,0.0,516.9120579671536,-0.18569533817705186,-0.33185561320218226,True
2026-10-05T15:37:08.054227+00:00,2,3,9,12,726,852,0.0,0.0,0.0,0.0,6,0.0,0.0,5354.988857794697,0.0,0.0,516.9120579671536,-0.18569533817705186,-0.33185561320218226,True
2026-10-05T15:37:08.054227+00:00,3,4294967294,0,0,0,0,0.0,0.0,0.0,0.0,6,0.0,0.0,5354.799221468673,0.0,0.0,671.4696520901028,-0.18569533817705186,-0.2984606788277703,True
2026-10-05T15:37:08.054227+00:00,3,1,23369,11907,1280790,707690,1781.6116501648653,895.7879605694709,0.7731636562540968,0.41883418041593895,6,0.0,0.0,5354.799221468673,0.0,0.0,671.4696520901028,-0.18569533817705186,-0.2984606788277703,True
2026-10-05T15:37:08.054227+00:00,3,2,11907,23369,707690,1280790,895.7879605694709,1781.6116501648653,0.41883418041593895,0.7731636562540968,6,0.0,0.0,5354.799221468673,0.0,0.0,671.4696520901028,-0.18569533817705186,-0.2984606788277703,True
2026-10-05T15:37:09.056028+00:00,1,4294967294,0,0,0,0,0.0,0.0,0.0,0.0,6,0.0,0.0,5232.674338596057,0.0,0.0,536.841364123298,-0.18569533817705186,-0.4278457041669987,True
2026-10-05T15:37:09.056028+00:00,1,4,230,232,22160,22244,3.9989868846740984,3.9989868846740984,0.003135205717584493,0.003135205717584493,6,0.0,0.0,5232.674338596057,0.0,0.0,536.841364123298,-0.18569533817705186,-0.4278457041669987,True
2026-10-05T15:37:09.056028+00:00,1,1,12782,25110,758800,1375200,875.7781277436275,1741.5587882755697,0.4092403218300085,0.755520594147708,6,0.0,0.0,5232.674338596057,0.0,0.0,536.841364123298,-0.18569533817705186,-0.4278457041669987,True
2026-10-05T15:37:09.056028+00:00,1,6,9,12,726,852,0.0,0.0,0.0,0.0,6,0.0,0.0,5232.674338596057,0.0,0.0,536.841364123298,-0.18569533817705186,-0.4278457041669987,True
2026-10-05T15:37:09.056028+00:00,1,2,24667,12341,1332234,715918,1731.5613210638844,865.7806605319422,0.7480344906995982,0.4017222264868212,6,0.0,0.0,5232.674338596057,0.0,0.0,536.841364123298,-0.18569533817705186,-0.4278457041669987,True
2026-10-05T15:37:09.056028+00:00,1,5,9,12,726,852,0.0,0.0,0.0,0.0,6,0.0,0.0,5232.674338596057,0.0,0.0,536.841364123298,-0.18569533817705186,-0.4278457041669987,True
2026-10-05T15:37:09.056028+00:00,1,3,231,233,22258,22342,4.998733605842623,4.998733605842623,0.0039190071469806164,0.0039190071469806164,6,0.0,0.0,5232.674338596057,0.0,0.0,536.841364123298,-0.18569533817705186,-0.4278457041669987,True
2026-10-05T15:37:09.056028+00:00,2,4294967294,0,0,0,0,0.0,0.0,0.0,0.0,6,0.0,0.0,5236.9885300755295,0.0,0.0,505.4339116787144,-0.18569533817705186,-0.33185561320218226,True
2026-10-05T15:37:09.056028+00:00,2,1,25110,12782,1375200,758800,1742.6599829628244,875.8342820749405,0.7560001332177841,0.40926985286263046,6,0.0,0.0,5236.9885300755295,0.0,0.0,505.4339116787144,-0.18569533817705186,-0.33185561320218226,True
2026-10-05T15:37:09.056028+00:00,2,4,9,12,726,852,0.0,0.0,0.0,0.0,6,0.0,0.0,5236.9885300755295,0.0,0.0,505.4339116787144,-0.18569533817705186,-0.33185561320218226,True
2026-10-05T15:37:09.056028+00:00,2,6,12782,25110,758800,1375200,875.8342820749405,1742.6599829628244,0.40926985286263046,0.7560001332177841,6,0.0,0.0,5236.9885300755295,0.0,0.0,505.4339116787144,-0.18569533817705186,-0.33185561320218226,True
2026-10-05T15:37:09.056028+00:00,2,2,9,12,726,852,0.0,0.0,0.0,0.0,6,0.0,0.0,5236.9885300755295,0.0,0.0,505.4339116787144,-0.18569533817705186,-0.33185561320218226,True
2026-10-05T15:37:09.056028+00:00,2,5,9,12,726,852,0.0,0.0,0.0,0.0,6,0.0,0.0,5236.9885300755295,0.0,0.0,505.4339116787144,-0.18569533817705186,-0.33185561320218226,True
2026-10-05T15:37:09.056028+00:00,2,3,9,12,726,852,0.0,0.0,0.0,0.0,6,0.0,0.0,5236.9885300755295,0.0,0.0,505.4339116787144,-0.18569533817705186,-0.33185561320218226,True
2026-10-05T15:37:09.056028+00:00,3,4294967294,0,0,0,0,0.0,0.0,0.0,0.0,6,0.0,0.0,5237.56320870486,0.0,0.0,656.6608537800553,-0.18569533817705186,-0.2984606788277703,True
2026-10-05T15:37:09.056028+00:00,3,1,25110,12782,1375200,758800,1742.8512129883718,875.9303913640582,0.7560830925593667,0.4093147639096412,6,0.0,0.0,5237.56320870486,0.0,0.0,656.6608537800553,-0.18569533817705186,-0.2984606788277703,True
2026-10-05T15:37:09.056028+00:00,3,2,12782,25110,758800,1375200,875.9303913640582,1742.8512129883718,0.4093147639096412,0.7560830925593667,6,0.0,0.0,5237.56320870486,0.0,0.0,656.6608537800553,-0.18569533817705186,-0.2984606788277703,True
2026-10-05T15:37:10.057109+00:00,1,4294967294,0,0,0,0,0.0,0.0,0.0,0.0,6,0.0,0.0,5494.646609759533,0.0,0.0,563.928554489912,-0.18569533817705186,-0.4278457041669987,True
2026-10-05T15:37:10.057109+00:00,1,4,235,237,22650,22734,4.995133281599576,4.995133281599576,0.003916184492774067,0.003916184492774067,6,0.0,0.0,5494.646609759533,0.0,0.0,563.928554489912,-0.18569533817705186,-0.4278457041669987,True
2026-10-05T15:37:10.057109+00:00,1,1,13702,26940,812560,1474460,919.1045238143219,1828.2187810654445,0.4296613843500691,0.7933070872505181,6,0.0,0.0,5494.646609759533,0.0,0.0,563.928554489912,-0.18569533817705186,-0.4278457041669987,True
2026-10-05T15:37:10.057109+00:00,1,6,9,12,726,852,0.0,0.0,0.0,0.0,6,0.0,0.0,5494.646609759533,0.0,0.0,563.928554489912,-0.18569533817705186,-0.4278457041669987,True
2026-10-05T15:37:10.057109+00:00,1,2,26487,13251,1430514,768698,1818.2285145022454,909.1142572511227,0.78547471826497,0.42182901536452094,6,0.0,0.0,5494.646609759533,0.0,0.0,563.928554489912,-0.18569533817705186,-0.4278457041669987,True
2026-10-05T15:37:10.057109+00:00,1,5,9,12,726,852,0.0,0.0,0.0,0.0,6,0.0,0.0,5494.646609759533,0.0,0.0,563.928554489912,-0.18569533817705186,-0.4278457041669987,True
2026-10-05T15:37:10.057109+00:00,1,3,236,238,22748,22832,4.995133281599576,4.995133281599576,0.003916184492774067,0.003916184492774067,6,0.0,0.0,5494.646609759533,0.0,0.0,563.928554489912,-0.18569533817705186,-0.4278457041669987,True
2026-10-05T15:37:10.057109+00:00,2,4294967294,0,0,0,0,0.0,0.0,0.0,0.0,6,0.0,0.0,5494.779135609954,0.0,0.0,530.5097596810315,-0.18569533817705186,-0.33185561320218226,True
2026-10-05T15:37:10.057109+00:00,2,1,26940,13702,1474460,812560,1828.2628760302212,919.126691774756,0.7933262210918459,0.4296717473896598,6,0.0,0.0,5494.779135609954,0.0,0.0,530.5097596810315,-0.18569533817705186,-0.33185561320218226,True
2026-10-05T15:37:10.057109+00:00,2,4,9,12,726,852,0.0,0.0,0.0,0.0,6,0.0,0.0,5494.779135609954,0.0,0.0,530.5097596810315,-0.18569533817705186,-0.33185561320218226,True
2026-10-05T15:37:10.057109+00:00,2,6,13702,26940,812560,1474460,919.126691774756,1828.2628760302212,0.4296717473896598,0.7933262210918459,6,0.0,0.0,5494.779135609954,0.0,0.0,530.5097596810315,-0.18569533817705186,-0.33185561320218226,True
2026-10-05T15:37:10.057109+00:00,2,2,9,12,726,852,0.0,0.0,0.0,0.0,6,0.0,0.0,5494.779135609954,0.0,0.0,530.5097596810315,-0.18569533817705186,-0.33185561320218226,True
2026-10-05T15:37:10.057109+00:00,2,5,9,12,726,852,0.0,0.0,0.0,0.0,6,0.0,0.0,5494.779135609954,0.0,0.0,530.5097596810315,-0.18569533817705186,-0.33185561320218226,True
2026-10-05T15:37:10.057109+00:00,2,3,9,12,726,852,0.0,0.0,0.0,0.0,6,0.0,0.0,5494.779135609954,0.0,0.0,530.5097596810315,-0.18569533817705186,-0.33185561320218226,True
2026-10-05T15:37:10.057109+00:00,3,4294967294,0,0,0,0,0.0,0.0,0.0,0.0,6,0.0,0.0,5494.768282757342,0.0,0.0,689.1500008959468,-0.18569533817705186,-0.2984606788277703,True
2026-10-05T15:37:10.057109+00:00,3,1,26940,13702,1474460,812560,1828.2592649901699,919.1248763885008,0.793324654176718,0.4296708987360504,6,0.0,0.0,5494.768282757342,0.0,0.0,689.1500008959468,-0.18569533817705186,-0.2984606788277703,True
2026-10-05T15:37:10.057109+00:00,3,2,13702,26940,812560,1474460,919.1248763885008,1828.2592649901699,0.4296708987360504,0.793324654176718,6,0.0,0.0,5494.768282757342,0.0,0.0,689.1500008959468,-0.18569533817705186,-0.2984606788277703,True
2026-10-05T15:37:11.058727+00:00,1,4294967294,0,0,0,0,0.0,0.0,0.0,0.0,6,0.0,0.0,5316.782816403897,0.0,0.0,545.5379423516305,-0.18569533817705186,-0.4278457041669987,True
2026-10-05T15:37:11.058727+00:00,1,4,240,242,23140,23224,4.983860907765183,4.983860907765183,0.003907346951687904,0.003907346951687904,6,0.0,0.0,5316.782816403897,0.0,0.0,545.5379423516305,-0.18569533817705186,-0.4278457041669987,True
2026-10-05T15:37:11.058727+00:00,1,1,14594,28715,864656,1570706,889.1207859453086,1769.2706222566399,0.41542274856149597,0.7674826830860284,6,0.0,0.0,5316.782816403897,0.0,0.0,545.5379423516305,-0.18569533817705186,-0.4278457041669987,True
2026-10-05T15:37:11.058727+00:00,1,6,9,12,726,852,0.0,0.0,0.0,0.0,6,0.0,0.0,5316.782816403897,0.0,0.0,545.5379423516305,-0.18569533817705186,-0.4278457041669987,True
2026-10-05T15:37:11.058727+00:00,1,2,28253,14134,1525878,819912,1760.2996726226627,880.1498363113313,0.7604494585729903,0.40838952404845774,6,0.0,0.0,5316.782816403897,0.0,0.0,545.5379423516305,-0.18569533817705186,-0.4278457041669987,True
2026-10-05T15:37:11.058727+00:00,1,5,9,12,726,852,0.0,0.0,0.0,0.0,6,0.0,0.0,5316.782816403897,0.0,0.0,545.5379423516305,-0.18569533817705186,-0.4278457041669987,True
2026-10-05T15:37:11.058727+00:00,1,3,240,242,23140,23224,3.9870887262121464,3.9870887262121464,0.0031258775613503226,0.0031258775613503226,6,0.0,0.0,5316.782816403897,0.0,0.0,545.5379423516305,-0.18569533817705186,-0.4278457041669987,True
2026-10-05T15:37:11.058727+00:00,2,4294967294,0,0,0,0,0.0,0.0,0.0,0.0,6,0.0,0.0,5315.178331655684,0.0,0.0,513.0396022572777,-0.18569533817705186,-0.33185561320218226,True
2026-10-05T15:37:11.058727+00:00,2,1,28715,14594,1570706,864656,1768.7366964171051,888.8524694107367,0.7672510741785271,0.4152973833759797,6,0.0,0.0,5315.178331655684,0.0,0.0,513.0396022572777,-0.18569533817705186,-0.33185561320218226,True
2026-10-05T15:37:11.058727+00:00,2,4,9,12,726,852,0.0,0.0,0.0,0.0,6,0.0,0.0,5315.178331655684,0.0,0.0,513.0396022572777,-0.18569533817705186,-0.33185561320218226,True
2026-10-05T15:37:11.058727+00:00,2,6,14594,28715,864656,1570706,888.8524694107367,1768.7366964171051,0.4152973833759797,0.7672510741785271,6,0.0,0.0,5315.178331655684,0.0,0.0,513.0396022572777,-0.18569533817705186,-0.33185561320218226,True
2026-10-05T15:37:11.058727+00:00,2,2,9,12,726,852,0.0,0.0,0.0,0.0,6,0.0,0.0,5315.178331655684,0.0,0.0,513.0396022572777,-0.18569533817705186,-0.33185561320218226,True
2026-10-05T15:37:11.058727+00:00,2,5,9,12,726,852,0.0,0.0,0.0,0.0,6,0.0,0.0,5315.178331655684,0.0,0.0,513.0396022572777,-0.18569533817705186,-0.33185561320218226,True
2026-10-05T15:37:11.058727+00:00,2,3,9,12,726,852,0.0,0.0,0.0,0.0,6,0.0,0.0,5315.178331655684,0.0,0.0,513.0396022572777,-0.18569533817705186,-0.33185561320218226,True
2026-10-05T15:37:11.058727+00:00,3,4294967294,0,0,0,0,0.0,0.0,0.0,0.0,6,0.0,0.0,5315.195772835121,0.0,0.0,666.4670981020366,-0.18569533817705186,-0.2984606788277703,True
2026-10-05T15:37:11.058727+00:00,3,1,28715,14594,1570706,864656,1768.7425003341468,888.8553860834135,0.7672535918294547,0.4152987461291615,6,0.0,0.0,5315.195772835121,0.0,0.0,666.4670981020366,-0.18569533817705186,-0.2984606788277703,True
2026-10-05T15:37:11.058727+00:00,3,2,14594,28715,864656,1570706,888.8553860834135,1768.7425003341468,0.4152987461291615,0.7672535918294547,6,0.0,0.0,5315.195772835121,0.0,0.0,666.4670981020366,-0.18569533817705186,-0.2984606788277703,True
2026-10-05T15:37:12.060160+00:00,1,4294967294,0,0,0,0,0.0,0.0,0.0,0.0,6,0.0,0.0,5307.51822063402,0.0,0.0,544.5800094063845,-0.18569533817705186,-0.4278457041669987,True
2026-10-05T15:37:12.060160+00:00,1,4,245,247,23630,23714,4.999546176181254,4.999546176181254,0.003919644202126103,0.003919644202126103,6,0.0,0.0,5307.51822063402,0.0,0.0,544.5800094063845,-0.18569533817705186,-0.4278457041669987,True
2026-10-05T15:37:12.060160+00:00,1,1,15482,30481,916560,1666510,887.9194008897907,1765.839709427219,0.4151943115656189,0.7663624349805902,6,0.0,0.0,5307.51822063402,0.0,0.0,544.5800094063845,-0.18569533817705186,-0.4278457041669987,True
2026-10-05T15:37:12.060160+00:00,1,6,9,12,726,852,0.0,0.0,0.0,0.0,6,0.0,0.0,5307.51822063402,0.0,0.0,544.5800094063845,-0.18569533817705186,-0.4278457041669987,True
2026-10-05T15:37:12.060160+00:00,1,2,30009,15012,1620702,870836,1755.8406170748565,877.9203085374282,0.758523146576338,0.4073550231613667,6,0.0,0.0,5307.51822063402,0.0,0.0,544.5800094063845,-0.18569533817705186,-0.4278457041669987,True
2026-10-05T15:37:12.060160+00:00,1,5,9,12,726,852,0.0,0.0,0.0,0.0,6,0.0,0.0,5307.51822063402,0.0,0.0,544.5800094063845,-0.18569533817705186,-0.4278457041669987,True
2026-10-05T15:37:12.060160+00:00,1,3,245,247,23630,23714,4.999546176181254,4.999546176181254,0.003919644202126103,0.003919644202126103,6,0.0,0.0,5307.51822063402,0.0,0.0,544.5800094063845,-0.18569533817705186,-0.4278457041669987,True
2026-10-05T15:37:12.060160+00:00,2,4294967294,0,0,0,0,0.0,0.0,0.0,0.0,6,0.0,0.0,5307.839676686717,0.0,0.0,512.3257554661513,-0.18569533817705186,-0.33185561320218226,True
2026-10-05T15:37:12.060160+00:00,2,1,30481,15482,1666510,916560,1765.9466595758745,887.9731787674839,0.7664088506183786,0.4152194582950224,6,0.0,0.0,5307.839676686717,0.0,0.0,512.3257554661513,-0.18569533817705186,-0.33185561320218226,True
2026-10-05T15:37:12.060160+00:00,2,4,9,12,726,852,0.0,0.0,0.0,0.0,6,0.0,0.0,5307.839676686717,0.0,0.0,512.3257554661513,-0.18569533817705186,-0.33185561320218226,True
2026-10-05T15:37:12.060160+00:00,2,6,15482,30481,916560,1666510,887.9731787674839,1765.9466595758745,0.4152194582950224,0.7664088506183786,6,0.0,0.0,5307.839676686717,0.0,0.0,512.3257554661513,-0.18569533817705186,-0.33185561320218226,True
2026-10-05T15:37:12.060160+00:00,2,2,9,12,726,852,0.0,0.0,0.0,0.0,6,0.0,0.0,5307.839676686717,0.0,0.0,512.3257554661513,-0.18569533817705186,-0.33185561320218226,True
2026-10-05T15:37:12.060160+00:00,2,5,9,12,726,852,0.0,0.0,0.0,0.0,6,0.0,0.0,5307.839676686717,0.0,0.0,512.3257554661513,-0.18569533817705186,-0.33185561320218226,True
2026-10-05T15:37:12.060160+00:00,2,3,9,12,726,852,0.0,0.0,0.0,0.0,6,0.0,0.0,5307.839676686717,0.0,0.0,512.3257554661513,-0.18569533817705186,-0.33185561320218226,True
2026-10-05T15:37:12.060160+00:00,3,4294967294,0,0,0,0,0.0,0.0,0.0,0.0,6,0.0,0.0,5307.488087466527,0.0,0.0,665.4934931885808,-0.18569533817705186,-0.2984606788277703,True
2026-10-05T15:37:12.060160+00:00,3,1,30481,15482,1666510,916560,1765.8296839611694,887.9143597720941,0.7663580839964479,0.41519195432081785,6,0.0,0.0,5307.488087466527,0.0,0.0,665.4934931885808,-0.18569533817705186,-0.2984606788277703,True
2026-10-05T15:37:12.060160+00:00,3,2,15482,30481,916560,1666510,887.9143597720941,1765.8296839611694,0.41519195432081785,0.7663580839964479,6,0.0,0.0,5307.488087466527,0.0,0.0,665.4934931885808,-0.18569533817705186,-0.2984606788277703,True
2026-10-05T15:37:13.061478+00:00,1,4294967294,0,0,0,0,0.0,0.0,0.0,0.0,6,0.0,0.0,5344.894129534878,0.0,0.0,548.4445724573764,-0.18569533817705186,-0.4278457041669987,True
2026-10-05T15:37:13.061478+00:00,1,4,250,252,24120,24204,4.995228158443811,4.995228158443811,0.003916258876219948,0.003916258876219948,6,0.0,0.0,5344.894129534878,0.0,0.0,548.4445724573764,-0.18569533817705186,-0.4278457041669987,True
2026-10-05T15:37:13.061478+00:00,1,1,16377,32261,968870,1763070,894.1458403614421,1778.3012244059967,0.4180806159491132,0.771742769566935,6,0.0,0.0,5344.894129534878,0.0,0.0,548.4445724573764,-0.18569533817705186,-0.4278457041669987,True
2026-10-05T15:37:13.061478+00:00,1,6,9,12,726,852,0.0,0.0,0.0,0.0,6,0.0,0.0,5344.894129534878,0.0,0.0,548.4445724573764,-0.18569533817705186,-0.4278457041669987,True
2026-10-05T15:37:13.061478+00:00,1,2,31779,15897,1716282,922166,1768.310768089109,884.1553840445545,0.7639102518144951,0.41024809819667324,6,0.0,0.0,5344.894129534878,0.0,0.0,548.4445724573764,-0.18569533817705186,-0.4278457041669987,True
2026-10-05T15:37:13.061478+00:00,1,5,9,12,726,852,0.0,0.0,0.0,0.0,6,0.0,0.0,5344.894129534878,0.0,0.0,548.4445724573764,-0.18569533817705186,-0.4278457041669987,True
2026-10-05T15:37:13.061478+00:00,1,3,250,252,24120,24204,4.995228158443811,4.995228158443811,0.003916258876219948,0.003916258876219948,6,0.0,0.0,5344.894129534878,0.0,0.0,548.4445724573764,-0.18569533817705186,-0.4278457041669987,True
2026-10-05T15:37:13.061478+00:00,2,4294967294,0,0,0,0,0.0,0.0,0.0,0.0,6,0.0,0.0,5345.951339980213,0.0,0.0,516.0329591242597,-0.18569533817705186,-0.33185561320218226,True
2026-10-05T15:37:13.061478+00:00,2,1,32261,16377,1763070,968870,1778.652969189678,894.322700800428,0.7718954188986756,0.41816331154297554,6,0.0,0.0,5345.951339980213,0.0,0.0,516.0329591242597,-0.18569533817705186,-0.33185561320218226,True
2026-10-05T15:37:13.061478+00:00,2,4,9,12,726,852,0.0,0.0,0.0,0.0,6,0.0,0.0,5345.951339980213,0.0,0.0,516.0329591242597,-0.18569533817705186,-0.33185561320218226,True
2026-10-05T15:37:13.061478+00:00,2,6,16377,32261,968870,1763070,894.322700800428,1778.652969189678,0.41816331154297554,0.7718954188986756,6,0.0,0.0,5345.951339980213,0.0,0.0,516.0329591242597,-0.18569533817705186,-0.33185561320218226,True
2026-10-05T15:37:13.061478+00:00,2,2,9,12,726,852,0.0,0.0,0.0,0.0,6,0.0,0.0,5345.951339980213,0.0,0.0,516.0329591242597,-0.18569533817705186,-0.33185561320218226,True
2026-10-05T15:37:13.061478+00:00,2,5,9,12,726,852,0.0,0.0,0.0,0.0,6,0.0,0.0,5345.951339980213,0.0,0.0,516.0329591242597,-0.18569533817705186,-0.33185561320218226,True
2026-10-05T15:37:13.061478+00:00,2,3,9,12,726,852,0.0,0.0,0.0,0.0,6,0.0,0.0,5345.951339980213,0.0,0.0,516.0329591242597,-0.18569533817705186,-0.33185561320218226,True
2026-10-05T15:37:13.061478+00:00,3,4294967294,0,0,0,0,0.0,0.0,0.0,0.0,6,0.0,0.0,5346.290481692751,0.0,0.0,670.3948610916393,-0.18569533817705186,-0.2984606788277703,True
2026-10-05T15:37:13.061478+00:00,3,1,32261,16377,1763070,968870,1778.7658051239434,894.3794357224323,0.7719443871585079,0.4181898393979033,6,0.0,0.0,5346.290481692751,0.0,0.0,670.3948610916393,-0.18569533817705186,-0.2984606788277703,True
2026-10-05T15:37:13.061478+00:00,3,2,16377,32261,968870,1763070,894.3794357224323,1778.7658051239434,0.4181898393979033,0.7719443871585079,6,0.0,0.0,5346.290481692751,0.0,0.0,670.3948610916393,-0.18569533817705186,-0.2984606788277703,True
2026-10-05T15:37:14.063835+00:00,1,4294967294,0,0,0,0,0.0,0.0,0.0,0.0,6,0.0,0.0,5441.134349832604,0.0,0.0,558.3955384758472,-0.18569533817705186,-0.4278457041669987,True
2026-10-05T15:37:14.063835+00:00,1,4,255,257,24610,24694,4.984549605929465,4.984549605929465,0.003907886891048701,0.003907886891048701,6,0.0,0.0,5441.134349832604,0.0,0.0,558.3955384758472,-0.18569533817705186,-0.4278457041669987,True
2026-10-05T15:37:14.063835+00:00,1,1,17290,34077,1022224,1861574,910.1787580427203,1810.3884168735817,0.4255130554796171,0.7855969190119617,6,0.0,0.0,5441.134349832604,0.0,0.0,558.3955384758472,-0.18569533817705186,-0.4278457041669987,True
2026-10-05T15:37:14.063835+00:00,1,6,9,12,726,852,0.0,0.0,0.0,0.0,6,0.0,0.0,5441.134349832604,0.0,0.0,558.3955384758472,-0.18569533817705186,-0.4278457041669987,True
2026-10-05T15:37:14.063835+00:00,1,2,33585,16800,1813806,974540,1800.4193176617227,900.2096588308614,0.7777811452298643,0.4176972816975197,6,0.0,0.0,5441.134349832604,0.0,0.0,558.3955384758472,-0.18569533817705186,-0.4278457041669987,True
2026-10-05T15:37:14.063835+00:00,1,5,9,12,726,852,0.0,0.0,0.0,0.0,6,0.0,0.0,5441.134349832604,0.0,0.0,558.3955384758472,-0.18569533817705186,-0.4278457041669987,True
2026-10-05T15:37:14.063835+00:00,1,3,255,257,24610,24694,4.984549605929465,4.984549605929465,0.003907886891048701,0.003907886891048701,6,0.0,0.0,5441.134349832604,0.0,0.0,558.3955384758472,-0.18569533817705186,-0.4278457041669987,True
2026-10-05T15:37:14.063835+00:00,2,4294967294,0,0,0,0,0.0,0.0,0.0,0.0,6,0.0,0.0,5446.2563853539405,0.0,0.0,525.789847147556,-0.18569533817705186,-0.33185561320218226,True
2026-10-05T15:37:14.063835+00:00,2,1,34079,17291,1861682,1022282,1812.0962863421419,911.0319063348281,0.7863341649670904,0.42590841296416493,6,0.0,0.0,5446.2563853539405,0.0,0.0,525.789847147556,-0.18569533817705186,-0.33185561320218226,True
2026-10-05T15:37:14.063835+00:00,2,4,9,12,726,852,0.0,0.0,0.0,0.0,6,0.0,0.0,5446.2563853539405,0.0,0.0,525.789847147556,-0.18569533817705186,-0.33185561320218226,True
2026-10-05T15:37:14.063835+00:00,2,6,17291,34079,1022282,1861682,911.0319063348281,1812.0962863421419,0.42590841296416493,0.7863341649670904,6,0.0,0.0,5446.2563853539405,0.0,0.0,525.789847147556,-0.18569533817705186,-0.33185561320218226,True
2026-10-05T15:37:14.063835+00:00,2,2,9,12,726,852,0.0,0.0,0.0,0.0,6,0.0,0.0,5446.2563853539405,0.0,0.0,525.789847147556,-0.18569533817705186,-0.33185561320218226,True
2026-10-05T15:37:14.063835+00:00,2,5,9,12,726,852,0.0,0.0,0.0,0.0,6,0.0,0.0,5446.2563853539405,0.0,0.0,525.789847147556,-0.18569533817705186,-0.33185561320218226,True
2026-10-05T15:37:14.063835+00:00,2,3,9,12,726,852,0.0,0.0,0.0,0.0,6,0.0,0.0,5446.2563853539405,0.0,0.0,525.789847147556,-0.18569533817705186,-0.33185561320218226,True
2026-10-05T15:37:14.063835+00:00,3,4294967294,0,0,0,0,0.0,0.0,0.0,0.0,6,0.0,0.0,5445.920714108139,0.0,0.0,682.9797655304744,-0.18569533817705186,-0.2984606788277703,True
2026-10-05T15:37:14.063835+00:00,3,1,34079,17291,1861682,1022282,1811.9846007043552,910.9757563497143,0.7862857005265472,0.425882162784691,6,0.0,0.0,5445.920714108139,0.0,0.0,682.9797655304744,-0.18569533817705186,-0.2984606788277703,True
2026-10-05T15:37:14.063835+00:00,3,2,17291,34079,1022282,1861682,910.9757563497143,1811.9846007043552,0.425882162784691,0.7862857005265472,6,0.0,0.0,5445.920714108139,0.0,0.0,682.9797655304744,-0.18569533817705186,-0.2984606788277703,True
2026-10-05T15:37:15.065236+00:00,1,4294967294,0,0,0,0,0.0,0.0,0.0,0.0,6,0.0,0.0,5430.163236718967,0.0,0.0,557.261156473802,-0.18569533817705186,-0.4278457041669987,True
2026-10-05T15:37:15.065236+00:00,1,4,260,262,25100,25184,4.9964696694138455,4.9964696694138455,0.0039172322208204545,0.0039172322208204545,6,0.0,0.0,5430.163236718967,0.0,0.0,557.261156473802,-0.18569533817705186,-0.4278457041669987,True
2026-10-05T15:37:15.065236+00:00,1,1,18199,35885,1075346,1959646,908.3581858994371,1806.7234324600465,0.42467593884576366,0.7840220374700074,6,0.0,0.0,5430.163236718967,0.0,0.0,557.261156473802,-0.18569533817705186,-0.4278457041669987,True
2026-10-05T15:37:15.065236+00:00,1,6,9,12,726,852,0.0,0.0,0.0,0.0,6,0.0,0.0,5430.163236718967,0.0,0.0,557.261156473802,-0.18569533817705186,-0.4278457041669987,True
2026-10-05T15:37:15.065236+00:00,1,2,35383,17699,1910898,1026682,1796.7304931212188,898.3652465606094,0.7761875730283665,0.4168414744041227,6,0.0,0.0,5430.163236718967,0.0,0.0,557.261156473802,-0.18569533817705186,-0.4278457041669987,True
2026-10-05T15:37:15.065236+00:00,1,5,9,12,726,852,0.0,0.0,0.0,0.0,6,0.0,0.0,5430.163236718967,0.0,0.0,557.261156473802,-0.18569533817705186,-0.4278457041669987,True
2026-10-05T15:37:15.065236+00:00,1,3,260,262,25100,25184,4.9964696694138455,4.9964696694138455,0.0039172322208204545,0.0039172322208204545,6,0.0,0.0,5430.163236718967,0.0,0.0,557.261156473802,-0.18569533817705186,-0.4278457041669987,True
2026-10-05T15:37:15.065236+00:00,2,4294967294,0,0,0,0,0.0,0.0,0.0,0.0,6,0.0,0.0,5425.3856694078595,0.0,0.0,523.7597076097768,-0.18569533817705186,-0.33185561320218226,True
2026-10-05T15:37:15.065236+00:00,2,1,35885,18199,1959646,1075346,1805.1301619289968,907.562672774933,0.7833345345878726,0.4243075389262471,6,0.0,0.0,5425.3856694078595,0.0,0.0,523.7597076097768,-0.18569533817705186,-0.33185561320218226,True
2026-10-05T15:37:15.065236+00:00,2,4,9,12,726,852,0.0,0.0,0.0,0.0,6,0.0,0.0,5425.3856694078595,0.0,0.0,523.7597076097768,-0.18569533817705186,-0.33185561320218226,True
2026-10-05T15:37:15.065236+00:00,2,6,18199,35885,1075346,1959646,907.562672774933,1805.1301619289968,0.4243075389262471,0.7833345345878726,6,0.0,0.0,5425.3856694078595,0.0,0.0,523.7597076097768,-0.18569533817705186,-0.33185561320218226,True
2026-10-05T15:37:15.065236+00:00,2,2,9,12,726,852,0.0,0.0,0.0,0.0,6,0.0,0.0,5425.3856694078595,0.0,0.0,523.7597076097768,-0.18569533817705186,-0.33185561320218226,True
2026-10-05T15:37:15.065236+00:00,2,5,9,12,726,852,0.0,0.0,0.0,0.0,6,0.0,0.0,5425.3856694078595,0.0,0.0,523.7597076097768,-0.18569533817705186,-0.33185561320218226,True
2026-10-05T15:37:15.065236+00:00,2,3,9,12,726,852,0.0,0.0,0.0,0.0,6,0.0,0.0,5425.3856694078595,0.0,0.0,523.7597076097768,-0.18569533817705186,-0.33185561320218226,True
2026-10-05T15:37:15.065236+00:00,3,4294967294,0,0,0,0,0.0,0.0,0.0,0.0,6,0.0,0.0,5425.447961501696,0.0,0.0,680.3937268461744,-0.18569533817705186,-0.2984606788277703,True
2026-10-05T15:37:15.065236+00:00,3,1,35885,18199,1959646,1075346,1805.1508877067176,907.5730930441305,0.7833435285196053,0.42431241065457037,6,0.0,0.0,5425.447961501696,0.0,0.0,680.3937268461744,-0.18569533817705186,-0.2984606788277703,True
2026-10-05T15:37:15.065236+00:00,3,2,18199,35885,1075346,1959646,907.5730930441305,1805.1508877067176,0.42431241065457037,0.7833435285196053,6,0.0,0.0,5425.447961501696,0.0,0.0,680.3937268461744,-0.18569533817705186,-0.2984606788277703,True
2026-10-05T15:37:16.067513+00:00,1,4294967294,0,0,0,0,0.0,0.0,0.0,0.0,6,0.0,0.0,5374.7957142773885,0.0,0.0,551.5363115738357,-0.18569533817705186,-0.4278457041669987,True
2026-10-05T15:37:16.067513+00:00,1,4,265,267,25590,25674,4.984046470954552,4.984046470954552,0.003907492433228368,0.003907492433228368,6,0.0,0.0,5374.7957142773885,0.0,0.0,551.5363115738357,-0.18569533817705186,-0.4278457041669987,True
2026-10-05T15:37:16.067513+00:00,1,1,19101,37679,1128062,2056962,899.1219833602012,1788.2758737784932,0.4203823900205442,0.776043946187861,6,0.0,0.0,5374.7957142773885,0.0,0.0,551.5363115738357,-0.18569533817705186,-0.4278457041669987,True
2026-10-05T15:37:16.067513+00:00,1,6,9,12,726,852,0.0,0.0,0.0,0.0,6,0.0,0.0,5374.7957142773885,0.0,0.0,551.5363115738357,-0.18569533817705186,-0.4278457041669987,True
2026-10-05T15:37:16.067513+00:00,1,2,37167,18591,2007234,1078418,1778.3077808365842,889.1538904182921,0.7682289613214043,0.4125674051540875,6,0.0,0.0,5374.7957142773885,0.0,0.0,551.5363115738357,-0.18569533817705186,-0.4278457041669987,True
2026-10-05T15:37:16.067513+00:00,1,5,9,12,726,852,0.0,0.0,0.0,0.0,6,0.0,0.0,5374.7957142773885,0.0,0.0,551.5363115738357,-0.18569533817705186,-0.4278457041669987,True
2026-10-05T15:37:16.067513+00:00,1,3,265,267,25590,25674,4.984046470954552,4.984046470954552,0.003907492433228368,0.003907492433228368,6,0.0,0.0,5374.7957142773885,0.0,0.0,551.5363115738357,-0.18569533817705186,-0.4278457041669987,True
2026-10-05T15:37:16.067513+00:00,2,4294967294,0,0,0,0,0.0,0.0,0.0,0.0,6,0.0,0.0,5374.686649767958,0.0,0.0,518.8281046612477,-0.18569533817705186,-0.33185561320218226,True
2026-10-05T15:37:16.067513+00:00,2,1,37680,19102,2057016,1128120,1787.5787541844518,899.2666378989192,0.7757394687239668,0.4204464899089928,6,0.0,0.0,5374.686649767958,0.0,0.0,518.8281046612477,-0.18569533817705186,-0.33185561320218226,True
2026-10-05T15:37:16.067513+00:00,2,4,9,12,726,852,0.0,0.0,0.0,0.0,6,0.0,0.0,5374.686649767958,0.0,0.0,518.8281046612477,-0.18569533817705186,-0.33185561320218226,True
2026-10-05T15:37:16.067513+00:00,2,6,19102,37681,1128120,2057070,899.2666378989192,1788.5746197856686,0.4204464899089928,0.7761696826636926,6,0.0,0.0,5374.686649767958,0.0,0.0,518.8281046612477,-0.18569533817705186,-0.33185561320218226,True
2026-10-05T15:37:16.067513+00:00,2,2,9,12,726,852,0.0,0.0,0.0,0.0,6,0.0,0.0,5374.686649767958,0.0,0.0,518.8281046612477,-0.18569533817705186,-0.33185561320218226,True
2026-10-05T15:37:16.067513+00:00,2,5,9,12,726,852,0.0,0.0,0.0,0.0,6,0.0,0.0,5374.686649767958,0.0,0.0,518.8281046612477,-0.18569533817705186,-0.33185561320218226,True
2026-10-05T15:37:16.067513+00:00,2,3,9,12,726,852,0.0,0.0,0.0,0.0,6,0.0,0.0,5374.686649767958,0.0,0.0,518.8281046612477,-0.18569533817705186,-0.33185561320218226,True
2026-10-05T15:37:16.067513+00:00,3,4294967294,0,0,0,0,0.0,0.0,0.0,0.0,6,0.0,0.0,5370.1793074645775,0.0,0.0,673.4124048853843,-0.18569533817705186,-0.2984606788277703,True
2026-10-05T15:37:16.067513+00:00,3,1,37679,19101,2056962,1128062,1786.7399253693347,898.3497283629542,0.7753774027970666,0.42002132399451436,6,0.0,0.0,5370.1793074645775,0.0,0.0,673.4124048853843,-0.18569533817705186,-0.2984606788277703,True
2026-10-05T15:37:16.067513+00:00,3,2,19101,37679,1128062,2056962,898.3497283629542,1786.7399253693347,0.42002132399451436,0.7753774027970666,6,0.0,0.0,5370.1793074645775,0.0,0.0,673.4124048853843,-0.18569533817705186,-0.2984606788277703,True
2026-10-05T15:37:17.069568+00:00,1,4294967294,0,0,0,0,0.0,0.0,0.0,0.0,6,0.0,0.0,5380.150102740582,0.0,0.0,552.089940165729,-0.18569533817705186,-0.4278457041669987,True
2026-10-05T15:37:17.069568+00:00,1,4,269,271,25982,26066,3.994172310869029,3.994172310869029,0.003131431091721319,0.003131431091721319,6,0.0,0.0,5380.150102740582,0.0,0.0,552.089940165729,-0.18569533817705186,-0.4278457041669987,True
2026-10-05T15:37:17.069568+00:00,1,1,20002,39472,1180680,2154180,899.6873130232487,1790.3877383470422,0.4203307173066131,0.7766108874361306,6,0.0,0.0,5380.150102740582,0.0,0.0,552.089940165729,-0.18569533817705186,-0.4278457041669987,True
2026-10-05T15:37:17.069568+00:00,1,6,9,12,726,852,0.0,0.0,0.0,0.0,6,0.0,0.0,5380.150102740582,0.0,0.0,552.089940165729,-0.18569533817705186,-0.4278457041669987,True
2026-10-05T15:37:17.069568+00:00,1,2,38951,19483,2103570,1130154,1781.4008506475868,890.7004253237934,0.7695651674797576,0.4132849973502401,6,0.0,0.0,5380.150102740582,0.0,0.0,552.089940165729,-0.18569533817705186,-0.4278457041669987,True
2026-10-05T15:37:17.069568+00:00,1,5,9,12,726,852,0.0,0.0,0.0,0.0,6,0.0,0.0,5380.150102740582,0.0,0.0,552.089940165729,-0.18569533817705186,-0.4278457041669987,True
2026-10-05T15:37:17.069568+00:00,1,3,270,272,26080,26164,4.992715388586286,4.992715388586286,0.003914288864651648,0.003914288864651648,6,0.0,0.0,5380.150102740582,0.0,0.0,552.089940165729,-0.18569533817705186,-0.4278457041669987,True
2026-10-05T15:37:17.069568+00:00,2,4294967294,0,0,0,0,0.0,0.0,0.0,0.0,6,0.0,0.0,5377.3622121354865,0.0,0.0,519.0883623813062,-0.18569533817705186,-0.33185561320218226,True
2026-10-05T15:37:17.069568+00:00,2,1,39472,20002,2154180,1180680,1790.1231811530358,899.0574012487345,0.7764978963105071,0.42003961786340877,6,0.0,0.0,5377.3622121354865,0.0,0.0,519.0883623813062,-0.18569533817705186,-0.33185561320218226,True
2026-10-05T15:37:17.069568+00:00,2,4,9,12,726,852,0.0,0.0,0.0,0.0,6,0.0,0.0,5377.3622121354865,0.0,0.0,519.0883623813062,-0.18569533817705186,-0.33185561320218226,True
2026-10-05T15:37:17.069568+00:00,2,6,20002,39472,1180680,2154180,899.0574012487345,1789.1242284849818,0.42003961786340877,0.7760663487579076,6,0.0,0.0,5377.3622121354865,0.0,0.0,519.0883623813062,-0.18569533817705186,-0.33185561320218226,True
2026-10-05T15:37:17.069568+00:00,2,2,9,12,726,852,0.0,0.0,0.0,0.0,6,0.0,0.0,5377.3622121354865,0.0,0.0,519.0883623813062,-0.18569533817705186,-0.33185561320218226,True
2026-10-05T15:37:17.069568+00:00,2,5,9,12,726,852,0.0,0.0,0.0,0.0,6,0.0,0.0,5377.3622121354865,0.0,0.0,519.0883623813062,-0.18569533817705186,-0.33185561320218226,True
2026-10-05T15:37:17.069568+00:00,2,3,9,12,726,852,0.0,0.0,0.0,0.0,6,0.0,0.0,5377.3622121354865,0.0,0.0,519.0883623813062,-0.18569533817705186,-0.33185561320218226,True
2026-10-05T15:37:17.069568+00:00,3,4294967294,0,0,0,0,0.0,0.0,0.0,0.0,6,0.0,0.0,5381.740228842287,0.0,0.0,674.8727356227126,-0.18569533817705186,-0.2984606788277703,True
2026-10-05T15:37:17.069568+00:00,3,1,39472,20002,2154180,1180680,1790.9168950100632,899.9532194110803,0.7768404180662055,0.4204549478266124,6,0.0,0.0,5381.740228842287,0.0,0.0,674.8727356227126,-0.18569533817705186,-0.2984606788277703,True
2026-10-05T15:37:17.069568+00:00,3,2,20002,39472,1180680,2154180,899.9532194110803,1790.9168950100632,0.4204549478266124,0.7768404180662055,6,0.0,0.0,5381.740228842287,0.0,0.0,674.8727356227126,-0.18569533817705186,-0.2984606788277703,True
2026-10-05T15:37:18.071769+00:00,1,4294967294,0,0,0,0,0.0,0.0,0.0,0.0,6,0.0,0.0,5319.750174044981,0.0,0.0,545.8447587217481,-0.18569533817705186,-0.4278457041669987,True
2026-10-05T15:37:18.071769+00:00,1,4,274,276,26472,26556,4.988512916396268,4.988512916396268,0.003910994126454674,0.003910994126454674,6,0.0,0.0,5319.750174044981,0.0,0.0,545.8447587217481,-0.18569533817705186,-0.4278457041669987,True
2026-10-05T15:37:18.071769+00:00,1,1,20894,41246,1232816,2250416,889.9507042850943,1769.924382737396,0.41612977505477733,0.768119246435698,6,0.0,0.0,5319.750174044981,0.0,0.0,545.8447587217481,-0.18569533817705186,-0.4278457041669987,True
2026-10-05T15:37:18.071769+00:00,1,6,9,12,726,852,0.0,0.0,0.0,0.0,6,0.0,0.0,5319.750174044981,0.0,0.0,545.8447587217481,-0.18569533817705186,-0.4278457041669987,True
2026-10-05T15:37:18.071769+00:00,1,2,40715,20365,2198826,1181310,1759.9473569046033,879.9736784523017,0.7602972581827886,0.408307786801868,6,0.0,0.0,5319.750174044981,0.0,0.0,545.8447587217481,-0.18569533817705186,-0.4278457041669987,True
2026-10-05T15:37:18.071769+00:00,1,5,9,12,726,852,0.0,0.0,0.0,0.0,6,0.0,0.0,5319.750174044981,0.0,0.0,545.8447587217481,-0.18569533817705186,-0.4278457041669987,True
2026-10-05T15:37:18.071769+00:00,1,3,275,277,26570,26654,4.988512916396268,4.988512916396268,0.003910994126454674,0.003910994126454674,6,0.0,0.0,5319.750174044981,0.0,0.0,545.8447587217481,-0.18569533817705186,-0.4278457041669987,True
2026-10-05T15:37:18.071769+00:00,2,4294967294,0,0,0,0,0.0,0.0,0.0,0.0,6,0.0,0.0,5326.81985741454,0.0,0.0,514.1719985672166,-0.18569533817705186,-0.33185561320218226,True
2026-10-05T15:37:18.071769+00:00,2,1,41248,20895,2250524,1232874,1772.2802672851674,891.1296614221028,0.7691377030239738,0.41667746067874784,6,0.0,0.0,5326.81985741454,0.0,0.0,514.1719985672166,-0.18569533817705186,-0.33185561320218226,True
2026-10-05T15:37:18.071769+00:00,2,4,9,12,726,852,0.0,0.0,0.0,0.0,6,0.0,0.0,5326.81985741454,0.0,0.0,514.1719985672166,-0.18569533817705186,-0.33185561320218226,True
2026-10-05T15:37:18.071769+00:00,2,6,20895,41248,1232874,2250524,891.1296614221028,1772.2802672851674,0.41667746067874784,0.7691377030239738,6,0.0,0.0,5326.81985741454,0.0,0.0,514.1719985672166,-0.18569533817705186,-0.33185561320218226,True
2026-10-05T15:37:18.071769+00:00,2,2,9,12,726,852,0.0,0.0,0.0,0.0,6,0.0,0.0,5326.81985741454,0.0,0.0,514.1719985672166,-0.18569533817705186,-0.33185561320218226,True
2026-10-05T15:37:18.071769+00:00,2,5,9,12,726,852,0.0,0.0,0.0,0.0,6,0.0,0.0,5326.81985741454,0.0,0.0,514.1719985672166,-0.18569533817705186,-0.33185561320218226,True
2026-10-05T15:37:18.071769+00:00,2,3,9,12,726,852,0.0,0.0,0.0,0.0,6,0.0,0.0,5326.81985741454,0.0,0.0,514.1719985672166,-0.18569533817705186,-0.33185561320218226,True
2026-10-05T15:37:18.071769+00:00,3,4294967294,0,0,0,0,0.0,0.0,0.0,0.0,6,0.0,0.0,5321.289016803473,0.0,0.0,667.2367730411104,-0.18569533817705186,-0.2984606788277703,True
2026-10-05T15:37:18.071769+00:00,3,1,41246,20894,2250416,1232816,1770.4363683063316,890.2081400954046,0.7683414400916714,0.4162501488073006,6,0.0,0.0,5321.289016803473,0.0,0.0,667.2367730411104,-0.18569533817705186,-0.2984606788277703,True
2026-10-05T15:37:18.071769+00:00,3,2,20894,41246,1232816,2250416,890.2081400954046,1770.4363683063316,0.4162501488073006,0.7683414400916714,6,0.0,0.0,5321.289016803473,0.0,0.0,667.2367730411104,-0.18569533817705186,-0.2984606788277703,True
2026-10-05T15:37:19.073960+00:00,1,4294967294,0,0,0,0,0.0,0.0,0.0,0.0,6,0.0,0.0,5361.496924824146,0.0,0.0,550.1612544352857,-0.18569533817705186,-0.4278457041669987,True
2026-10-05T15:37:19.073960+00:00,1,4,279,281,26962,27046,4.98836706812816,4.98836706812816,0.003910879781412477,0.003910879781412477,6,0.0,0.0,5361.496924824146,0.0,0.0,550.1612544352857,-0.18569533817705186,-0.4278457041669987,True
2026-10-05T15:37:19.073960+00:00,1,1,21793,43034,1285358,2347408,896.9083988494432,1783.84006356263,0.4193580519897437,0.7741307178750184,6,0.0,0.0,5361.496924824146,0.0,0.0,550.1612544352857,-0.18569533817705186,-0.4278457041669987,True
2026-10-05T15:37:19.073960+00:00,1,6,9,12,726,852,0.0,0.0,0.0,0.0,6,0.0,0.0,5361.496924824146,0.0,0.0,550.1612544352857,-0.18569533817705186,-0.4278457041669987,True
2026-10-05T15:37:19.073960+00:00,1,2,42493,21254,2294838,1232872,1773.8633294263736,886.9316647131868,0.7663089583121934,0.4115362924269187,6,0.0,0.0,5361.496924824146,0.0,0.0,550.1612544352857,-0.18569533817705186,-0.4278457041669987,True
2026-10-05T15:37:19.073960+00:00,1,5,9,12,726,852,0.0,0.0,0.0,0.0,6,0.0,0.0,5361.496924824146,0.0,0.0,550.1612544352857,-0.18569533817705186,-0.4278457041669987,True
2026-10-05T15:37:19.073960+00:00,1,3,280,282,27060,27144,4.98836706812816,4.98836706812816,0.003910879781412477,0.003910879781412477,6,0.0,0.0,5361.496924824146,0.0,0.0,550.1612544352857,-0.18569533817705186,-0.4278457041669987,True
2026-10-05T15:37:19.073960+00:00,2,4294967294,0,0,0,0,0.0,0.0,0.0,0.0,6,0.0,0.0,5352.638905878352,0.0,0.0,516.6834730777048,-0.18569533817705186,-0.33185561320218226,True
2026-10-05T15:37:19.073960+00:00,2,1,43034,21793,2347408,1285358,1780.8891739751743,895.4302789640014,0.7728540503086709,0.4186704923042018,6,0.0,0.0,5352.638905878352,0.0,0.0,516.6834730777048,-0.18569533817705186,-0.33185561320218226,True
2026-10-05T15:37:19.073960+00:00,2,4,9,12,726,852,0.0,0.0,0.0,0.0,6,0.0,0.0,5352.638905878352,0.0,0.0,516.6834730777048,-0.18569533817705186,-0.33185561320218226,True
2026-10-05T15:37:19.073960+00:00,2,6,21793,43034,1285358,2347408,895.4302789640014,1780.8891739751743,0.4186704923042018,0.7728540503086709,6,0.0,0.0,5352.638905878352,0.0,0.0,516.6834730777048,-0.18569533817705186,-0.33185561320218226,True
2026-10-05T15:37:19.073960+00:00,2,2,9,12,726,852,0.0,0.0,0.0,0.0,6,0.0,0.0,5352.638905878352,0.0,0.0,516.6834730777048,-0.18569533817705186,-0.33185561320218226,True
2026-10-05T15:37:19.073960+00:00,2,5,9,12,726,852,0.0,0.0,0.0,0.0,6,0.0,0.0,5352.638905878352,0.0,0.0,516.6834730777048,-0.18569533817705186,-0.33185561320218226,True
2026-10-05T15:37:19.073960+00:00,2,3,9,12,726,852,0.0,0.0,0.0,0.0,6,0.0,0.0,5352.638905878352,0.0,0.0,516.6834730777048,-0.18569533817705186,-0.33185561320218226,True
2026-10-05T15:37:19.073960+00:00,3,4294967294,0,0,0,0,0.0,0.0,0.0,0.0,6,0.0,0.0,5358.127479647263,0.0,0.0,671.8900647510981,-0.18569533817705186,-0.2984606788277703,True
2026-10-05T15:37:19.073960+00:00,3,1,43034,21793,2347408,1285358,1782.7190051375708,896.3447346860605,0.7736442136299923,0.41909450544938814,6,0.0,0.0,5358.127479647263,0.0,0.0,671.8900647510981,-0.18569533817705186,-0.2984606788277703,True
2026-10-05T15:37:19.073960+00:00,3,2,21793,43034,1285358,2347408,896.3447346860605,1782.7190051375708,0.41909450544938814,0.7736442136299923,6,0.0,0.0,5358.127479647263,0.0,0.0,671.8900647510981,-0.18569533817705186,-0.2984606788277703,True
2026-10-05T15:37:20.076530+00:00,1,4294967294,0,0,0,0,0.0,0.0,0.0,0.0,6,0.0,0.0,5194.130658300697,0.0,0.0,532.8560568197673,-0.18569533817705186,-0.4278457041669987,True
2026-10-05T15:37:20.076530+00:00,1,4,284,286,27452,27536,4.986684579781775,4.986684579781775,0.003909560710548912,0.003909560710548912,6,0.0,0.0,5194.130658300697,0.0,0.0,532.8560568197673,-0.18569533817705186,-0.4278457041669987,True
2026-10-05T15:37:20.076530+00:00,1,1,22664,44767,1336236,2441386,868.6804537979853,1728.3848753523632,0.40594006088021944,0.7498218295019706,6,0.0,0.0,5194.130658300697,0.0,0.0,532.8560568197673,-0.18569533817705186,-0.4278457041669987,True
2026-10-05T15:37:20.076530+00:00,1,6,9,12,726,852,0.0,0.0,0.0,0.0,6,0.0,0.0,5194.130658300697,0.0,0.0,532.8560568197673,-0.18569533817705186,-0.4278457041669987,True
2026-10-05T15:37:20.076530+00:00,1,2,44217,22116,2387934,1282868,1719.4088431087562,859.7044215543781,0.7427846202229826,0.39890285160123146,6,0.0,0.0,5194.130658300697,0.0,0.0,532.8560568197673,-0.18569533817705186,-0.4278457041669987,True
2026-10-05T15:37:20.076530+00:00,1,5,9,12,726,852,0.0,0.0,0.0,0.0,6,0.0,0.0,5194.130658300697,0.0,0.0,532.8560568197673,-0.18569533817705186,-0.4278457041669987,True
2026-10-05T15:37:20.076530+00:00,1,3,284,286,27452,27536,3.9893476638254204,3.9893476638254204,0.0031276485684391298,0.0031276485684391298,6,0.0,0.0,5194.130658300697,0.0,0.0,532.8560568197673,-0.18569533817705186,-0.4278457041669987,True
2026-10-05T15:37:20.076530+00:00,2,4294967294,0,0,0,0,0.0,0.0,0.0,0.0,6,0.0,0.0,5198.726370666443,0.0,0.0,501.7120689389697,-0.18569533817705186,-0.33185561320218226,True
2026-10-05T15:37:20.076530+00:00,2,1,44769,22665,2441494,1336294,1729.9175782712462,869.445607061975,0.7504831136333301,0.40629432514962166,6,0.0,0.0,5198.726370666443,0.0,0.0,501.7120689389697,-0.18569533817705186,-0.33185561320218226,True
2026-10-05T15:37:20.076530+00:00,2,4,9,12,726,852,0.0,0.0,0.0,0.0,6,0.0,0.0,5198.726370666443,0.0,0.0,501.7120689389697,-0.18569533817705186,-0.33185561320218226,True
2026-10-05T15:37:20.076530+00:00,2,6,22665,44769,1336294,2441494,869.445607061975,1729.9175782712462,0.40629432514962166,0.7504831136333301,6,0.0,0.0,5198.726370666443,0.0,0.0,501.7120689389697,-0.18569533817705186,-0.33185561320218226,True
2026-10-05T15:37:20.076530+00:00,2,2,9,12,726,852,0.0,0.0,0.0,0.0,6,0.0,0.0,5198.726370666443,0.0,0.0,501.7120689389697,-0.18569533817705186,-0.33185561320218226,True
2026-10-05T15:37:20.076530+00:00,2,5,9,12,726,852,0.0,0.0,0.0,0.0,6,0.0,0.0,5198.726370666443,0.0,0.0,501.7120689389697,-0.18569533817705186,-0.33185561320218226,True
2026-10-05T15:37:20.076530+00:00,2,3,9,12,726,852,0.0,0.0,0.0,0.0,6,0.0,0.0,5198.726370666443,0.0,0.0,501.7120689389697,-0.18569533817705186,-0.33185561320218226,True
2026-10-05T15:37:20.076530+00:00,3,4294967294,0,0,0,0,0.0,0.0,0.0,0.0,6,0.0,0.0,5194.365892208495,0.0,0.0,651.2043363461272,-0.18569533817705186,-0.2984606788277703,True
2026-10-05T15:37:20.076530+00:00,3,1,44767,22664,2441386,1336236,1728.1313286998122,868.5530220989823,0.7497118338536686,0.4058805112133366,6,0.0,0.0,5194.365892208495,0.0,0.0,651.2043363461272,-0.18569533817705186,-0.2984606788277703,True
2026-10-05T15:37:20.076530+00:00,3,2,22664,44768,1336236,2441440,868.5530220989823,1729.128519310718,0.4058805112133366,0.7501426201975798,6,0.0,0.0,5194.365892208495,0.0,0.0,651.2043363461272,-0.18569533817705186,-0.2984606788277703,True
2026-10-05T15:37:21.078436+00:00,1,4294967294,0,0,0,0,0.0,0.0,0.0,0.0,6,0.0,0.0,5218.320053379547,0.0,0.0,535.3571717142714,-0.18569533817705186,-0.4278457041669987,True
2026-10-05T15:37:21.078436+00:00,1,4,289,291,27942,28026,4.98883370303972,4.98883370303972,0.00391124562318314,0.00391124562318314,6,0.0,0.0,5218.320053379547,0.0,0.0,535.3571717142714,-0.18569533817705186,-0.4278457041669987,True
2026-10-05T15:37:21.078436+00:00,1,1,23539,46507,1387386,2535786,873.0458980319511,1736.1141286578227,0.40828615025677073,0.7535134425071194,6,0.0,0.0,5218.320053379547,0.0,0.0,535.3571717142714,-0.18569533817705186,-0.4278457041669987,True
2026-10-05T15:37:21.078436+00:00,1,6,9,12,726,852,0.0,0.0,0.0,0.0,6,0.0,0.0,5218.320053379547,0.0,0.0,535.3571717142714,-0.18569533817705186,-0.4278457041669987,True
2026-10-05T15:37:21.078436+00:00,1,2,45947,22981,2481354,1333038,1726.1364612517432,863.0682306258716,0.7456909512607531,0.4004636590104044,6,0.0,0.0,5218.320053379547,0.0,0.0,535.3571717142714,-0.18569533817705186,-0.4278457041669987,True
2026-10-05T15:37:21.078436+00:00,1,5,9,12,726,852,0.0,0.0,0.0,0.0,6,0.0,0.0,5218.320053379547,0.0,0.0,535.3571717142714,-0.18569533817705186,-0.4278457041669987,True
2026-10-05T15:37:21.078436+00:00,1,3,289,291,27942,28026,4.98883370303972,4.98883370303972,0.00391124562318314,0.00391124562318314,6,0.0,0.0,5218.320053379547,0.0,0.0,535.3571717142714,-0.18569533817705186,-0.4278457041669987,True
2026-10-05T15:37:21.078436+00:00,2,4294967294,0,0,0,0,0.0,0.0,0.0,0.0,6,0.0,1.9953466003115685,5211.8453200138165,0.0,1.9953466003115685,502.9881774267203,-0.18569533817705186,-0.15274367210127032,True
2026-10-05T15:37:21.078436+00:00,2,1,46507,23539,2535786,1387386,1733.956195670753,871.9664643361555,0.7525808865463136,0.4077849940124746,6,0.0,1.9953466003115685,5211.8453200138165,0.0,1.9953466003115685,502.9881774267203,-0.18569533817705186,-0.15274367210127032,True
2026-10-05T15:37:21.078436+00:00,2,4,9,12,726,852,0.0,0.0,0.0,0.0,6,0.0,1.9953466003115685,5211.8453200138165,0.0,1.9953466003115685,502.9881774267203,-0.18569533817705186,-0.15274367210127032,True
2026-10-05T15:37:21.078436+00:00,2,6,23539,46507,1387386,2535786,871.9664643361555,1733.956195670753,0.4077849940124746,0.7525808865463136,6,0.0,1.9953466003115685,5211.8453200138165,0.0,1.9953466003115685,502.9881774267203,-0.18569533817705186,-0.15274367210127032,True
2026-10-05T15:37:21.078436+00:00,2,2,9,12,726,852,0.0,0.0,0.0,0.0,6,0.0,1.9953466003115685,5211.8453200138165,0.0,1.9953466003115685,502.9881774267203,-0.18569533817705186,-0.15274367210127032,True
2026-10-05T15:37:21.078436+00:00,2,5,9,12,726,852,0.0,0.0,0.0,0.0,6,0.0,1.9953466003115685,5211.8453200138165,0.0,1.9953466003115685,502.9881774267203,-0.18569533817705186,-0.15274367210127032,True
2026-10-05T15:37:21.078436+00:00,2,3,9,12,726,852,0.0,0.0,0.0,0.0,6,0.0,1.9953466003115685,5211.8453200138165,0.0,1.9953466003115685,502.9881774267203,-0.18569533817705186,-0.15274367210127032,True
2026-10-05T15:37:21.078436+00:00,3,4294967294,0,0,0,0,0.0,0.0,0.0,0.0,6,0.0,0.997547067670734,5216.1736168502675,0.0,0.997547067670734,653.9590035188472,-0.18569533817705186,-0.1265749211110953,True
2026-10-05T15:37:21.078436+00:00,3,1,46507,23539,2535786,1387386,1735.731897747077,872.8536842118922,0.7533475455049382,0.40819626009086435,6,0.0,0.997547067670734,5216.1736168502675,0.0,0.997547067670734,653.9590035188472,-0.18569533817705186,-0.1265749211110953,True
2026-10-05T15:37:21.078436+00:00,3,2,23539,46507,1387386,2535786,872.8536842118922,1734.7343506794064,0.40819626009086435,0.7529166051717046,6,0.0,0.997547067670734,5216.1736168502675,0.0,0.997547067670734,653.9590035188472,-0.18569533817705186,-0.1265749211110953,True
2026-10-05T15:37:22.081306+00:00,1,4294967294,0,0,0,0,0.0,0.0,0.0,0.0,6,0.0,0.0,5032.857394613281,0.0,0.0,516.1808584289415,-0.18569533817705186,-0.4278457041669987,True
2026-10-05T15:37:22.081306+00:00,1,4,294,296,28432,28516,4.98204058069024,4.98204058069024,0.0039059198152611484,0.0039059198152611484,6,0.0,0.0,5032.857394613281,0.0,0.0,516.1808584289415,-0.18569533817705186,-0.4278457041669987,True
2026-10-05T15:37:22.081306+00:00,1,1,24384,48187,1436796,2626946,841.9648581366506,1673.9656351119208,0.39386020014704765,0.7266605109371557,6,0.0,0.0,5032.857394613281,0.0,0.0,516.1808584289415,-0.18569533817705186,-0.4278457041669987,True
2026-10-05T15:37:22.081306+00:00,1,6,9,12,726,852,0.0,0.0,0.0,0.0,6,0.0,0.0,5032.857394613281,0.0,0.0,516.1808584289415,-0.18569533817705186,-0.4278457041669987,True
2026-10-05T15:37:22.081306+00:00,1,2,47617,23816,2571534,1381468,1664.0015539505403,832.0007769752701,0.7188486713066334,0.38604836051652536,6,0.0,0.0,5032.857394613281,0.0,0.0,516.1808584289415,-0.18569533817705186,-0.4278457041669987,True
2026-10-05T15:37:22.081306+00:00,1,5,9,12,726,852,0.0,0.0,0.0,0.0,6,0.0,0.0,5032.857394613281,0.0,0.0,516.1808584289415,-0.18569533817705186,-0.4278457041669987,True
2026-10-05T15:37:22.081306+00:00,1,3,294,297,28432,28586,4.98204058069024,5.978448696828289,0.0039059198152611484,0.004463908360298456,6,0.0,0.0,5032.857394613281,0.0,0.0,516.1808584289415,-0.18569533817705186,-0.4278457041669987,True
2026-10-05T15:37:22.081306+00:00,2,4294967294,0,0,0,0,0.0,0.0,0.0,0.0,6,0.0,0.0,5034.439361242914,0.0,0.0,485.73151732608517,-0.18569533817705186,-0.33185561320218226,True
2026-10-05T15:37:22.081306+00:00,2,1,48187,24385,2626946,1436866,1673.8290375792787,842.8924796381368,0.7266012145987003,0.39438600371153676,6,0.0,0.0,5034.439361242914,0.0,0.0,485.73151732608517,-0.18569533817705186,-0.33185561320218226,True
2026-10-05T15:37:22.081306+00:00,2,4,9,12,726,852,0.0,0.0,0.0,0.0,6,0.0,0.0,5034.439361242914,0.0,0.0,485.73151732608517,-0.18569533817705186,-0.33185561320218226,True
2026-10-05T15:37:22.081306+00:00,2,6,24384,48187,1436796,2626946,841.8961528300539,1673.8290375792787,0.39382806069901033,0.7266012145987003,6,0.0,0.0,5034.439361242914,0.0,0.0,485.73151732608517,-0.18569533817705186,-0.33185561320218226,True
2026-10-05T15:37:22.081306+00:00,2,2,9,12,726,852,0.0,0.0,0.0,0.0,6,0.0,0.0,5034.439361242914,0.0,0.0,485.73151732608517,-0.18569533817705186,-0.33185561320218226,True
2026-10-05T15:37:22.081306+00:00,2,5,10,12,796,852,0.9963268080829041,0.0,0.0005579430125264263,0.0,6,0.0,0.0,5034.439361242914,0.0,0.0,485.73151732608517,-0.18569533817705186,-0.33185561320218226,True
2026-10-05T15:37:22.081306+00:00,2,3,10,12,796,852,0.9963268080829041,0.0,0.0005579430125264263,0.0,6,0.0,0.0,5034.439361242914,0.0,0.0,485.73151732608517,-0.18569533817705186,-0.33185561320218226,True
2026-10-05T15:37:22.081306+00:00,3,4294967294,0,0,0,0,0.0,0.0,0.0,0.0,6,0.0,0.0,5033.113788299679,0.0,0.0,630.8355961650079,-0.18569533817705186,-0.2984606788277703,True
2026-10-05T15:37:22.081306+00:00,3,1,48187,24384,2626946,1436796,1674.0509135504774,842.0077511608056,0.7266975299012454,0.3938802649453766,6,0.0,0.0,5033.113788299679,0.0,0.0,630.8355961650079,-0.18569533817705186,-0.2984606788277703,True
2026-10-05T15:37:22.081306+00:00,3,2,24385,48187,1436866,2626946,843.0042100379189,1674.0509135504774,0.39443828191656016,0.7266975299012454,6,0.0,0.0,5033.113788299679,0.0,0.0,630.8355961650079,-0.18569533817705186,-0.2984606788277703,True
2026-10-05T15:37:23.083107+00:00,1,4294967294,0,0,0,0,0.0,0.0,0.0,0.0,6,0.0,0.9993055535909293,5202.3847119943775,0.0,0.9993055535909293,533.7095025783739,-0.18569533817705186,-0.24954155965378733,True
2026-10-05T15:37:23.083107+00:00,1,4,299,301,28922,29006,4.996527767954646,4.996527767954646,0.003917277770076443,0.003917277770076443,6,0.0,0.9993055535909293,5202.3847119943775,0.0,0.9993055535909293,533.7095025783739,-0.18569533817705186,-0.24954155965378733,True
2026-10-05T15:37:23.083107+00:00,1,1,25255,49919,1487714,2720914,870.3951371776994,1730.7972188194894,0.40706112142194345,0.7512219540786595,6,0.0,0.9993055535909293,5202.3847119943775,0.0,0.9993055535909293,533.7095025783739,-0.18569533817705186,-0.24954155965378733,True
2026-10-05T15:37:23.083107+00:00,1,6,9,12,726,852,0.0,0.0,0.0,0.0,6,0.0,0.9993055535909293,5202.3847119943775,0.0,0.9993055535909293,533.7095025783739,-0.18569533817705186,-0.24954155965378733,True
2026-10-05T15:37:23.083107+00:00,1,2,49339,24677,2664522,1431406,1720.8041632835802,860.4020816417901,0.7433873985385067,0.3992265658817906,6,0.0,0.9993055535909293,5202.3847119943775,0.0,0.9993055535909293,533.7095025783739,-0.18569533817705186,-0.24954155965378733,True
2026-10-05T15:37:23.083107+00:00,1,5,9,12,726,852,0.0,0.0,0.0,0.0,6,0.0,0.9993055535909293,5202.3847119943775,0.0,0.9993055535909293,533.7095025783739,-0.18569533817705186,-0.24954155965378733,True
2026-10-05T15:37:23.083107+00:00,1,3,299,302,28922,29076,4.996527767954646,4.996527767954646,0.003917277770076443,0.003917277770076443,6,0.0,0.9993055535909293,5202.3847119943775,0.0,0.9993055535909293,533.7095025783739,-0.18569533817705186,-0.24954155965378733,True
2026-10-05T15:37:23.083107+00:00,2,4294967294,0,0,0,0,0.0,0.0,0.0,0.0,6,0.0,0.9999373549246228,5205.673869737586,0.0,0.9999373549246228,502.38786715257436,-0.18569533817705186,-0.2420964101685366,True
2026-10-05T15:37:23.083107+00:00,2,1,49919,25256,2720914,1487784,1731.8914987294465,870.9454361393464,0.7516969069404555,0.40731848190441555,6,0.0,0.9999373549246228,5205.673869737586,0.0,0.9999373549246228,502.38786715257436,-0.18569533817705186,-0.2420964101685366,True
2026-10-05T15:37:23.083107+00:00,2,4,9,12,726,852,0.0,0.0,0.0,0.0,6,0.0,0.9999373549246228,5205.673869737586,0.0,0.9999373549246228,502.38786715257436,-0.18569533817705186,-0.2420964101685366,True
2026-10-05T15:37:23.083107+00:00,2,6,25255,49919,1487714,2720914,870.9454361393464,1731.8914987294465,0.40731848190441555,0.7516969069404555,6,0.0,0.9999373549246228,5205.673869737586,0.0,0.9999373549246228,502.38786715257436,-0.18569533817705186,-0.2420964101685366,True
2026-10-05T15:37:23.083107+00:00,2,2,9,12,726,852,0.0,0.0,0.0,0.0,6,0.0,0.9999373549246228,5205.673869737586,0.0,0.9999373549246228,502.38786715257436,-0.18569533817705186,-0.2420964101685366,True
2026-10-05T15:37:23.083107+00:00,2,5,10,12,796,852,0.0,0.0,0.0,0.0,6,0.0,0.9999373549246228,5205.673869737586,0.0,0.9999373549246228,502.38786715257436,-0.18569533817705186,-0.2420964101685366,True
2026-10-05T15:37:23.083107+00:00,2,3,10,12,796,852,0.0,0.0,0.0,0.0,6,0.0,0.9999373549246228,5205.673869737586,0.0,0.9999373549246228,502.38786715257436,-0.18569533817705186,-0.2420964101685366,True
2026-10-05T15:37:23.083107+00:00,3,4294967294,0,0,0,0,0.0,0.0,0.0,0.0,6,0.0,0.0,5205.599845534321,0.0,0.0,652.6233657476286,-0.18569533817705186,-0.2984606788277703,True
2026-10-05T15:37:23.083107+00:00,3,1,49919,25255,2720914,1487714,1731.8668713917486,870.9330513754118,0.7516862178796299,0.40731268987309494,6,0.0,0.0,5205.599845534321,0.0,0.0,652.6233657476286,-0.18569533817705186,-0.2984606788277703,True
2026-10-05T15:37:23.083107+00:00,3,2,25256,49919,1487784,2720914,870.9330513754118,1731.8668713917486,0.40731268987309494,0.7516862178796299,6,0.0,0.0,5205.599845534321,0.0,0.0,652.6233657476286,-0.18569533817705186,-0.2984606788277703,True
2026-10-05T15:37:24.084813+00:00,1,4294967294,0,0,0,0,0.0,0.0,0.0,0.0,6,0.0,0.0,5301.104624146879,0.0,0.0,543.9168617067816,-0.18569533817705186,-0.4278457041669987,True
2026-10-05T15:37:24.084813+00:00,1,4,304,307,29412,29566,4.990684074700508,5.98882088964061,0.003912696314565198,0.004471652930931655,6,0.0,0.0,5301.104624146879,0.0,0.0,543.9168617067816,-0.18569533817705186,-0.4278457041669987,True
2026-10-05T15:37:24.084813+00:00,1,1,26143,51685,1539618,2816718,886.3454916668102,1762.7096151842193,0.41445834594120823,0.7650039953481719,6,0.0,0.0,5301.104624146879,0.0,0.0,543.9168617067816,-0.18569533817705186,-0.4278457041669987,True
2026-10-05T15:37:24.084813+00:00,1,6,10,12,796,852,0.9981368149401015,0.0,0.0005589566163664569,0.0,6,0.0,0.0,5301.104624146879,0.0,0.0,543.9168617067816,-0.18569533817705186,-0.4278457041669987,True
2026-10-05T15:37:24.084813+00:00,1,2,51095,25556,2759346,1482400,1752.7282470348184,877.3622603323493,0.7571786027190415,0.4071919099284443,6,0.0,0.0,5301.104624146879,0.0,0.0,543.9168617067816,-0.18569533817705186,-0.4278457041669987,True
2026-10-05T15:37:24.084813+00:00,1,5,9,12,726,852,0.0,0.0,0.0,0.0,6,0.0,0.0,5301.104624146879,0.0,0.0,543.9168617067816,-0.18569533817705186,-0.4278457041669987,True
2026-10-05T15:37:24.084813+00:00,1,3,304,307,29412,29566,4.990684074700508,4.990684074700508,0.003912696314565198,0.003912696314565198,6,0.0,0.0,5301.104624146879,0.0,0.0,543.9168617067816,-0.18569533817705186,-0.4278457041669987,True
2026-10-05T15:37:24.084813+00:00,2,4294967294,0,0,0,0,0.0,0.0,0.0,0.0,6,0.0,0.0,5301.792064911013,0.0,0.0,511.73749122995,-0.18569533817705186,-0.33185561320218226,True
2026-10-05T15:37:24.084813+00:00,2,1,51685,26144,2816718,1539688,1762.938201211231,886.460431866123,0.765103200130649,0.41451209239260584,6,0.0,0.0,5301.792064911013,0.0,0.0,511.73749122995,-0.18569533817705186,-0.33185561320218226,True
2026-10-05T15:37:24.084813+00:00,2,4,9,12,726,852,0.0,0.0,0.0,0.0,6,0.0,0.0,5301.792064911013,0.0,0.0,511.73749122995,-0.18569533817705186,-0.33185561320218226,True
2026-10-05T15:37:24.084813+00:00,2,6,26143,51685,1539618,2816718,886.460431866123,1762.938201211231,0.41451209239260584,0.765103200130649,6,0.0,0.0,5301.792064911013,0.0,0.0,511.73749122995,-0.18569533817705186,-0.33185561320218226,True
2026-10-05T15:37:24.084813+00:00,2,2,10,13,796,922,0.9982662521014899,0.9982662521014899,0.0005590291011768342,0.0005590291011768342,6,0.0,0.0,5301.792064911013,0.0,0.0,511.73749122995,-0.18569533817705186,-0.33185561320218226,True
2026-10-05T15:37:24.084813+00:00,2,5,10,13,796,922,0.0,0.9982662521014899,0.0,0.0005590291011768342,6,0.0,0.0,5301.792064911013,0.0,0.0,511.73749122995,-0.18569533817705186,-0.33185561320218226,True
2026-10-05T15:37:24.084813+00:00,2,3,10,12,796,852,0.0,0.0,0.0,0.0,6,0.0,0.0,5301.792064911013,0.0,0.0,511.73749122995,-0.18569533817705186,-0.33185561320218226,True
2026-10-05T15:37:24.084813+00:00,3,4294967294,0,0,0,0,0.0,0.0,0.0,0.0,6,0.0,0.0,5298.293245964824,0.0,0.0,664.3320364818784,-0.18569533817705186,-0.2984606788277703,True
2026-10-05T15:37:24.084813+00:00,3,1,51685,26143,2816718,1539618,1762.7705109973394,886.3761119850722,0.7650304237172779,0.41447266411237105,6,0.0,0.0,5298.293245964824,0.0,0.0,664.3320364818784,-0.18569533817705186,-0.2984606788277703,True
2026-10-05T15:37:24.084813+00:00,3,2,26144,51685,1539688,2816718,886.3761119850722,1762.7705109973394,0.41447266411237105,0.7650304237172779,6,0.0,0.0,5298.293245964824,0.0,0.0,664.3320364818784,-0.18569533817705186,-0.2984606788277703,True
