timestamp,switch_id,port,rx_packets,tx_packets,rx_bytes,tx_bytes,rx_pps,tx_pps,rx_mbps,tx_mbps,active_flows,new_flows_per_second,packet_in_per_second,packet_rate,new_flow_rate,packet_in_rate,packet_rate_z,new_flow_rate_z,packet_in_rate_z,anomaly
2026-10-05T15:52:05.817515+00:00,1,4294967294,0,0,0,0,0.0,0.0,0.0,0.0,4,4.0,29.0,0.0,4.0,29.0,0.0,0.0,0.0,False
2026-10-05T15:52:05.817515+00:00,1,4,8,9,700,742,0.0,0.0,0.0,0.0,4,4.0,29.0,0.0,4.0,29.0,0.0,0.0,0.0,False
2026-10-05T15:52:05.817515+00:00,1,1,12,13,1044,1134,0.0,0.0,0.0,0.0,4,4.0,29.0,0.0,4.0,29.0,0.0,0.0,0.0,False
2026-10-05T15:52:05.817515+00:00,1,6,3,5,266,350,0.0,0.0,0.0,0.0,4,4.0,29.0,0.0,4.0,29.0,0.0,0.0,0.0,False
2026-10-05T15:52:05.817515+00:00,1,5,2,4,180,264,0.0,0.0,0.0,0.0,4,4.0,29.0,0.0,4.0,29.0,0.0,0.0,0.0,False
2026-10-05T15:52:05.817515+00:00,1,2,3,4,266,264,0.0,0.0,0.0,0.0,4,4.0,29.0,0.0,4.0,29.0,0.0,0.0,0.0,False
2026-10-05T15:52:05.817515+00:00,1,3,8,9,700,742,0.0,0.0,0.0,0.0,4,4.0,29.0,0.0,4.0,29.0,0.0,0.0,0.0,False
2026-10-05T15:52:05.817515+00:00,2,4294967294,0,0,0,0,0.0,0.0,0.0,0.0,4,4.0,30.0,0.0,4.0,30.0,0.0,0.0,0.0,False
2026-10-05T15:52:05.817515+00:00,2,1,13,12,1134,1044,0.0,0.0,0.0,0.0,4,4.0,30.0,0.0,4.0,30.0,0.0,0.0,0.0,False
2026-10-05T15:52:05.817515+00:00,2,4,2,4,176,264,0.0,0.0,0.0,0.0,4,4.0,30.0,0.0,4.0,30.0,0.0,0.0,0.0,False
2026-10-05T15:52:05.817515+00:00,2,6,13,12,1134,1044,0.0,0.0,0.0,0.0,4,4.0,30.0,0.0,4.0,30.0,0.0,0.0,0.0,False
2026-10-05T15:52:05.817515+00:00,2,5,3,5,266,350,0.0,0.0,0.0,0.0,4,4.0,30.0,0.0,4.0,30.0,0.0,0.0,0.0,False
2026-10-05T15:52:05.817515+00:00,2,2,3,4,266,260,0.0,0.0,0.0,0.0,4,4.0,30.0,0.0,4.0,30.0,0.0,0.0,0.0,False
2026-10-05T15:52:05.817515+00:00,2,3,3,4,266,264,0.0,0.0,0.0,0.0,4,4.0,30.0,0.0,4.0,30.0,0.0,0.0,0.0,False
2026-10-05T15:52:05.817515+00:00,3,4294967294,0,0,0,0,0.0,0.0,0.0,0.0,4,4.0,15.0,0.0,4.0,15.0,0.0,0.0,0.0,False
2026-10-05T15:52:05.817515+00:00,3,1,13,12,1134,1044,0.0,0.0,0.0,0.0,4,4.0,15.0,0.0,4.0,15.0,0.0,0.0,0.0,False
2026-10-05T15:52:05.817515+00:00,3,2,12,13,1044,1134,0.0,0.0,0.0,0.0,4,4.0,15.0,0.0,4.0,15.0,0.0,0.0,0.0,False
2026-10-05T15:52:06.820391+00:00,1,4294967294,0,0,0,0,0.0,0.0,0.0,0.0,4,0.0,5.975047544199495,66.72136424356103,0.0,5.975047544199495,0.0,0.0,0.0,False
2026-10-05T15:52:06.820391+00:00,1,4,16,17,1440,1482,7.966730058932661,7.966730058932661,0.005895380243610169,0.005895380243610169,4,0.0,5.975047544199495,66.72136424356103,0.0,5.975047544199495,0.0,0.0,0.0,False
2026-10-05T15:52:06.820391+00:00,1,1,25,26,2274,2364,12.945936345765574,12.945936345765574,0.009799077972487172,0.009799077972487172,4,0.0,5.975047544199495,66.72136424356103,0.0,5.975047544199495,0.0,0.0,0.0,False
2026-10-05T15:52:06.820391+00:00,1,6,5,7,426,510,1.9916825147331652,1.9916825147331652,0.0012746768094292257,0.0012746768094292257,4,0.0,5.975047544199495,66.72136424356103,0.0,5.975047544199495,0.0,0.0,0.0,False
2026-10-05T15:52:06.820391+00:00,1,5,3,5,266,350,0.9958412573665826,0.9958412573665826,0.0006851387850682088,0.0006851387850682088,4,0.0,5.975047544199495,66.72136424356103,0.0,5.975047544199495,0.0,0.0,0.0,False
2026-10-05T15:52:06.820391+00:00,1,2,5,5,426,350,1.9916825147331652,0.9958412573665826,0.0012746768094292257,0.0006851387850682088,4,0.0,5.975047544199495,66.72136424356103,0.0,5.975047544199495,0.0,0.0,0.0,False
2026-10-05T15:52:06.820391+00:00,1,3,16,17,1440,1482,7.966730058932661,7.966730058932661,0.005895380243610169,0.005895380243610169,4,0.0,5.975047544199495,66.72136424356103,0.0,5.975047544199495,0.0,0.0,0.0,False
2026-10-05T15:52:06.820391+00:00,2,4294967294,0,0,0,0,0.0,0.0,0.0,0.0,4,0.0,5.966499958325507,69.60916618046424,0.0,5.966499958325507,0.0,0.0,0.0,False
2026-10-05T15:52:06.820391+00:00,2,1,25,26,2274,2364,11.932999916651013,13.92183323609285,0.00906907993665477,0.010501039926652892,4,0.0,5.966499958325507,69.60916618046424,0.0,5.966499958325507,0.0,0.0,0.0,False
2026-10-05T15:52:06.820391+00:00,2,4,6,5,516,350,3.977666638883671,0.9944166597209178,0.002704813314440896,0.0006841586618879915,4,0.0,5.966499958325507,69.60916618046424,0.0,5.966499958325507,0.0,0.0,0.0,False
2026-10-05T15:52:06.820391+00:00,2,6,25,25,2274,2274,11.932999916651013,12.92741657637193,0.00906907993665477,0.00978505993165383,4,0.0,5.966499958325507,69.60916618046424,0.0,5.966499958325507,0.0,0.0,0.0,False
2026-10-05T15:52:06.820391+00:00,2,5,6,7,516,510,2.9832499791627534,1.9888333194418355,0.0019888333194418356,0.0012728533244427747,4,0.0,5.966499958325507,69.60916618046424,0.0,5.966499958325507,0.0,0.0,0.0,False
2026-10-05T15:52:06.820391+00:00,2,2,5,8,426,600,1.9888333194418355,3.977666638883671,0.0012728533244427747,0.002704813314440896,4,0.0,5.966499958325507,69.60916618046424,0.0,5.966499958325507,0.0,0.0,0.0,False
2026-10-05T15:52:06.820391+00:00,2,3,5,5,426,350,1.9888333194418355,0.9944166597209178,0.0012728533244427747,0.0006841586618879915,4,0.0,5.966499958325507,69.60916618046424,0.0,5.966499958325507,0.0,0.0,0.0,False
2026-10-05T15:52:06.820391+00:00,3,4294967294,0,0,0,0,0.0,0.0,0.0,0.0,4,0.0,0.0,51.70856052141242,0.0,0.0,0.0,0.0,0.0,False
2026-10-05T15:52:06.820391+00:00,3,1,26,25,2364,2274,12.927140130353106,12.927140130353106,0.009784850683282659,0.009784850683282659,4,0.0,0.0,51.70856052141242,0.0,0.0,0.0,0.0,0.0,False
2026-10-05T15:52:06.820391+00:00,3,2,26,25,2364,2274,13.921535524995653,11.932744735710559,0.010500815367425292,0.009068885999140026,4,0.0,0.0,51.70856052141242,0.0,0.0,0.0,0.0,0.0,False
2026-10-05T15:52:07.823393+00:00,1,4294967294,0,0,0,0,0.0,0.0,0.0,0.0,4,0.0,0.0,51.89715017566939,0.0,0.0,0.0,0.0,0.0,False
2026-10-05T15:52:07.823393+00:00,1,4,21,22,1930,1972,4.990110593814364,4.990110593814364,0.003912246705550461,0.003912246705550461,4,0.0,0.0,51.89715017566939,0.0,0.0,0.0,0.0,0.0,False
2026-10-05T15:52:07.823393+00:00,1,1,36,36,3344,3344,10.978243306391601,9.980221187628729,0.008543069336610191,0.007824493411100922,4,0.0,0.0,51.89715017566939,0.0,0.0,0.0,0.0,0.0,False
2026-10-05T15:52:07.823393+00:00,1,6,6,8,516,600,0.9980221187628728,0.9980221187628728,0.0007185759255092685,0.0007185759255092685,4,0.0,0.0,51.89715017566939,0.0,0.0,0.0,0.0,0.0,False
2026-10-05T15:52:07.823393+00:00,1,5,6,7,516,510,2.9940663562886183,1.9960442375257457,0.0019960442375257454,0.0012774683120164772,4,0.0,0.0,51.89715017566939,0.0,0.0,0.0,0.0,0.0,False
2026-10-05T15:52:07.823393+00:00,1,2,6,8,516,600,0.9980221187628728,2.9940663562886183,0.0007185759255092685,0.0019960442375257454,4,0.0,0.0,51.89715017566939,0.0,0.0,0.0,0.0,0.0,False
2026-10-05T15:52:07.823393+00:00,1,3,21,22,1930,1972,4.990110593814364,4.990110593814364,0.003912246705550461,0.003912246705550461,4,0.0,0.0,51.89715017566939,0.0,0.0,0.0,0.0,0.0,False
2026-10-05T15:52:07.823393+00:00,2,4294967294,0,0,0,0,0.0,0.0,0.0,0.0,4,0.0,0.0,51.933831727956246,0.0,0.0,0.0,0.0,0.0,False
2026-10-05T15:52:07.823393+00:00,2,1,36,36,3344,3344,10.986002865529205,9.987275332299278,0.00854910768444818,0.007830023860522633,4,0.0,0.0,51.933831727956246,0.0,0.0,0.0,0.0,0.0,False
2026-10-05T15:52:07.823393+00:00,2,4,6,8,516,600,0.0,2.9961825996897833,0.0,0.0019974550664598554,4,0.0,0.0,51.933831727956246,0.0,0.0,0.0,0.0,0.0,False
2026-10-05T15:52:07.823393+00:00,2,6,36,36,3344,3344,10.986002865529205,10.986002865529205,0.00854910768444818,0.00854910768444818,4,0.0,0.0,51.933831727956246,0.0,0.0,0.0,0.0,0.0,False
2026-10-05T15:52:07.823393+00:00,2,5,6,8,516,600,0.0,0.9987275332299278,0.0,0.000719083823925548,4,0.0,0.0,51.933831727956246,0.0,0.0,0.0,0.0,0.0,False
2026-10-05T15:52:07.823393+00:00,2,2,6,8,516,600,0.9987275332299278,0.0,0.000719083823925548,0.0,4,0.0,0.0,51.933831727956246,0.0,0.0,0.0,0.0,0.0,False
2026-10-05T15:52:07.823393+00:00,2,3,6,8,516,600,0.9987275332299278,2.9961825996897833,0.000719083823925548,0.0019974550664598554,4,0.0,0.0,51.933831727956246,0.0,0.0,0.0,0.0,0.0,False
2026-10-05T15:52:07.823393+00:00,3,4294967294,0,0,0,0,0.0,0.0,0.0,0.0,4,0.0,0.0,41.94680608075597,0.0,0.0,0.0,0.0,0.0,False
2026-10-05T15:52:07.823393+00:00,3,1,36,36,3344,3344,9.987334781132374,10.98606825924561,0.00783007046840778,0.008549158572649311,4,0.0,0.0,41.94680608075597,0.0,0.0,0.0,0.0,0.0,False
2026-10-05T15:52:07.823393+00:00,3,2,36,36,3344,3344,9.987334781132374,10.98606825924561,0.00783007046840778,0.008549158572649311,4,0.0,0.0,41.94680608075597,0.0,0.0,0.0,0.0,0.0,False
2026-10-05T15:52:08.826598+00:00,1,4294967294,0,0,0,0,0.0,0.0,0.0,0.0,4,0.0,0.0,40.89539612021069,0.0,0.0,0.0,0.0,0.0,False
2026-10-05T15:52:08.826598+00:00,1,4,26,27,2420,2462,4.987243429293987,4.987243429293987,0.003909998848566486,0.003909998848566486,4,0.0,0.0,40.89539612021069,0.0,0.0,0.0,0.0,0.0,False
2026-10-05T15:52:08.826598+00:00,1,1,46,46,4324,4324,9.974486858587975,9.974486858587975,0.007819997697132972,0.007819997697132972,4,0.0,0.0,40.89539612021069,0.0,0.0,0.0,0.0,0.0,False
2026-10-05T15:52:08.826598+00:00,1,6,6,8,516,600,0.0,0.0,0.0,0.0,4,0.0,0.0,40.89539612021069,0.0,0.0,0.0,0.0,0.0,False
2026-10-05T15:52:08.826598+00:00,1,5,6,8,516,600,0.0,0.9974486858587974,0.0,0.0007181630538183341,4,0.0,0.0,40.89539612021069,0.0,0.0,0.0,0.0,0.0,False
2026-10-05T15:52:08.826598+00:00,1,2,6,8,516,600,0.0,0.0,0.0,0.0,4,0.0,0.0,40.89539612021069,0.0,0.0,0.0,0.0,0.0,False
2026-10-05T15:52:08.826598+00:00,1,3,26,27,2420,2462,4.987243429293987,4.987243429293987,0.003909998848566486,0.003909998848566486,4,0.0,0.0,40.89539612021069,0.0,0.0,0.0,0.0,0.0,False
2026-10-05T15:52:08.826598+00:00,2,4294967294,0,0,0,0,0.0,0.0,0.0,0.0,4,0.0,0.0,39.908052883877204,0.0,0.0,0.0,0.0,0.0,False
2026-10-05T15:52:08.826598+00:00,2,1,46,46,4324,4324,9.977013220969301,9.977013220969301,0.007821978365239932,0.007821978365239932,4,0.0,0.0,39.908052883877204,0.0,0.0,0.0,0.0,0.0,False
2026-10-05T15:52:08.826598+00:00,2,4,6,8,516,600,0.0,0.0,0.0,0.0,4,0.0,0.0,39.908052883877204,0.0,0.0,0.0,0.0,0.0,False
2026-10-05T15:52:08.826598+00:00,2,6,46,46,4324,4324,9.977013220969301,9.977013220969301,0.007821978365239932,0.007821978365239932,4,0.0,0.0,39.908052883877204,0.0,0.0,0.0,0.0,0.0,False
2026-10-05T15:52:08.826598+00:00,2,5,6,8,516,600,0.0,0.0,0.0,0.0,4,0.0,0.0,39.908052883877204,0.0,0.0,0.0,0.0,0.0,False
2026-10-05T15:52:08.826598+00:00,2,2,6,8,516,600,0.0,0.0,0.0,0.0,4,0.0,0.0,39.908052883877204,0.0,0.0,0.0,0.0,0.0,False
2026-10-05T15:52:08.826598+00:00,2,3,6,8,516,600,0.0,0.0,0.0,0.0,4,0.0,0.0,39.908052883877204,0.0,0.0,0.0,0.0,0.0,False
2026-10-05T15:52:08.826598+00:00,3,4294967294,0,0,0,0,0.0,0.0,0.0,0.0,4,0.0,0.0,39.91220671549068,0.0,0.0,0.0,0.0,0.0,False
2026-10-05T15:52:08.826598+00:00,3,1,46,46,4324,4324,9.97805167887267,9.97805167887267,0.007822792516236174,0.007822792516236174,4,0.0,0.0,39.91220671549068,0.0,0.0,0.0,0.0,0.0,False
2026-10-05T15:52:08.826598+00:00,3,2,46,46,4324,4324,9.97805167887267,9.97805167887267,0.007822792516236174,0.007822792516236174,4,0.0,0.0,39.91220671549068,0.0,0.0,0.0,0.0,0.0,False
2026-10-05T15:52:09.827825+00:00,1,4294967294,0,0,0,0,0.0,0.0,0.0,0.0,4,0.0,3.9873708918615702,39.873708918615705,0.0,3.9873708918615702,0.0,0.0,0.0,False
2026-10-05T15:52:09.827825+00:00,1,4,31,32,2910,2952,4.984213614826963,4.984213614826963,0.003907623474024339,0.003907623474024339,4,0.0,3.9873708918615702,39.873708918615705,0.0,3.9873708918615702,0.0,0.0,0.0,False
2026-10-05T15:52:09.827825+00:00,1,1,56,56,5304,5304,9.968427229653926,9.968427229653926,0.007815246948048677,0.007815246948048677,4,0.0,3.9873708918615702,39.873708918615705,0.0,3.9873708918615702,0.0,0.0,0.0,False
2026-10-05T15:52:09.827825+00:00,1,6,6,8,516,600,0.0,0.0,0.0,0.0,4,0.0,3.9873708918615702,39.873708918615705,0.0,3.9873708918615702,0.0,0.0,0.0,False
2026-10-05T15:52:09.827825+00:00,1,5,6,8,516,600,0.0,0.0,0.0,0.0,4,0.0,3.9873708918615702,39.873708918615705,0.0,3.9873708918615702,0.0,0.0,0.0,False
2026-10-05T15:52:09.827825+00:00,1,2,6,8,516,600,0.0,0.0,0.0,0.0,4,0.0,3.9873708918615702,39.873708918615705,0.0,3.9873708918615702,0.0,0.0,0.0,False
2026-10-05T15:52:09.827825+00:00,1,3,31,32,2910,2952,4.984213614826963,4.984213614826963,0.003907623474024339,0.003907623474024339,4,0.0,3.9873708918615702,39.873708918615705,0.0,3.9873708918615702,0.0,0.0,0.0,False
2026-10-05T15:52:09.827825+00:00,2,4294967294,0,0,0,0,0.0,0.0,0.0,0.0,4,0.0,3.986086858778592,39.86086858778592,0.0,3.986086858778592,0.0,0.0,0.0,False
2026-10-05T15:52:09.827825+00:00,2,1,56,56,5304,5304,9.96521714694648,9.96521714694648,0.00781273024320604,0.00781273024320604,4,0.0,3.986086858778592,39.86086858778592,0.0,3.986086858778592,0.0,0.0,0.0,False
2026-10-05T15:52:09.827825+00:00,2,4,6,8,516,600,0.0,0.0,0.0,0.0,4,0.0,3.986086858778592,39.86086858778592,0.0,3.986086858778592,0.0,0.0,0.0,False
2026-10-05T15:52:09.827825+00:00,2,6,56,56,5304,5304,9.96521714694648,9.96521714694648,0.00781273024320604,0.00781273024320604,4,0.0,3.986086858778592,39.86086858778592,0.0,3.986086858778592,0.0,0.0,0.0,False
2026-10-05T15:52:09.827825+00:00,2,5,6,8,516,600,0.0,0.0,0.0,0.0,4,0.0,3.986086858778592,39.86086858778592,0.0,3.986086858778592,0.0,0.0,0.0,False
2026-10-05T15:52:09.827825+00:00,2,2,6,8,516,600,0.0,0.0,0.0,0.0,4,0.0,3.986086858778592,39.86086858778592,0.0,3.986086858778592,0.0,0.0,0.0,False
2026-10-05T15:52:09.827825+00:00,2,3,6,8,516,600,0.0,0.0,0.0,0.0,4,0.0,3.986086858778592,39.86086858778592,0.0,3.986086858778592,0.0,0.0,0.0,False
2026-10-05T15:52:09.827825+00:00,3,4294967294,0,0,0,0,0.0,0.0,0.0,0.0,4,0.0,1.9931625713939436,39.86325142787887,0.0,1.9931625713939436,0.0,0.0,0.0,False
2026-10-05T15:52:09.827825+00:00,3,1,56,56,5304,5304,9.965812856969718,9.965812856969718,0.00781319727986426,0.00781319727986426,4,0.0,1.9931625713939436,39.86325142787887,0.0,1.9931625713939436,0.0,0.0,0.0,False
2026-10-05T15:52:09.827825+00:00,3,2,56,56,5304,5304,9.965812856969718,9.965812856969718,0.00781319727986426,0.00781319727986426,4,0.0,1.9931625713939436,39.86325142787887,0.0,1.9931625713939436,0.0,0.0,0.0,False
2026-10-05T15:52:10.829775+00:00,1,4294967294,0,0,0,0,0.0,0.0,0.0,0.0,4,0.0,1.9989503531689259,47.97480847605422,0.0,1.9989503531689259,0.0,0.0,0.0,False
2026-10-05T15:52:10.829775+00:00,1,4,37,38,3414,3456,5.996851059506778,5.996851059506778,0.004029883911988555,0.004029883911988555,4,0.0,1.9989503531689259,47.97480847605422,0.0,1.9989503531689259,0.0,0.0,0.0,False
2026-10-05T15:52:10.829775+00:00,1,1,67,67,6242,6242,10.994226942429092,10.994226942429092,0.00750006172508981,0.00750006172508981,4,0.0,1.9989503531689259,47.97480847605422,0.0,1.9989503531689259,0.0,0.0,0.0,False
2026-10-05T15:52:10.829775+00:00,1,6,7,9,586,670,0.9994751765844629,0.9994751765844629,0.0005597060988872993,0.0005597060988872993,4,0.0,1.9989503531689259,47.97480847605422,0.0,1.9989503531689259,0.0,0.0,0.0,False
2026-10-05T15:52:10.829775+00:00,1,5,6,8,516,600,0.0,0.0,0.0,0.0,4,0.0,1.9989503531689259,47.97480847605422,0.0,1.9989503531689259,0.0,0.0,0.0,False
2026-10-05T15:52:10.829775+00:00,1,2,6,8,516,600,0.0,0.0,0.0,0.0,4,0.0,1.9989503531689259,47.97480847605422,0.0,1.9989503531689259,0.0,0.0,0.0,False
2026-10-05T15:52:10.829775+00:00,1,3,37,38,3414,3456,5.996851059506778,5.996851059506778,0.004029883911988555,0.004029883911988555,4,0.0,1.9989503531689259,47.97480847605422,0.0,1.9989503531689259,0.0,0.0,0.0,False
2026-10-05T15:52:10.829775+00:00,2,4294967294,0,0,0,0,0.0,0.0,0.0,0.0,4,0.0,2.0004084053923914,48.00980172941739,0.0,2.0004084053923914,0.0,0.0,0.0,False
2026-10-05T15:52:10.829775+00:00,2,1,67,67,6242,6242,11.002246229658152,11.002246229658152,0.0075055323370322525,0.0075055323370322525,4,0.0,2.0004084053923914,48.00980172941739,0.0,2.0004084053923914,0.0,0.0,0.0,False
2026-10-05T15:52:10.829775+00:00,2,4,7,8,586,600,1.0002042026961957,0.0,0.0005601143535098696,0.0,4,0.0,2.0004084053923914,48.00980172941739,0.0,2.0004084053923914,0.0,0.0,0.0,False
2026-10-05T15:52:10.829775+00:00,2,6,66,67,6172,6242,10.002042026961956,11.002246229658152,0.006945417983522382,0.0075055323370322525,4,0.0,2.0004084053923914,48.00980172941739,0.0,2.0004084053923914,0.0,0.0,0.0,False
2026-10-05T15:52:10.829775+00:00,2,5,7,9,586,670,1.0002042026961957,1.0002042026961957,0.0005601143535098696,0.0005601143535098696,4,0.0,2.0004084053923914,48.00980172941739,0.0,2.0004084053923914,0.0,0.0,0.0,False
2026-10-05T15:52:10.829775+00:00,2,2,7,9,586,670,1.0002042026961957,1.0002042026961957,0.0005601143535098696,0.0005601143535098696,4,0.0,2.0004084053923914,48.00980172941739,0.0,2.0004084053923914,0.0,0.0,0.0,False
2026-10-05T15:52:10.829775+00:00,2,3,6,8,516,600,0.0,0.0,0.0,0.0,4,0.0,2.0004084053923914,48.00980172941739,0.0,2.0004084053923914,0.0,0.0,0.0,False
2026-10-05T15:52:10.829775+00:00,3,4294967294,0,0,0,0,0.0,0.0,0.0,0.0,4,0.0,0.0,44.00583645009534,0.0,0.0,0.0,0.0,0.0,False
2026-10-05T15:52:10.829775+00:00,3,1,67,67,6242,6242,11.001459112523834,11.001459112523834,0.007504995380034441,0.007504995380034441,4,0.0,0.0,44.00583645009534,0.0,0.0,0.0,0.0,0.0,False
2026-10-05T15:52:10.829775+00:00,3,2,67,67,6242,6242,11.001459112523834,11.001459112523834,0.007504995380034441,0.007504995380034441,4,0.0,0.0,44.00583645009534,0.0,0.0,0.0,0.0,0.0,False
2026-10-05T15:52:11.831399+00:00,1,4294967294,0,0,0,0,0.0,0.0,0.0,0.0,4,0.0,0.0,43.8810476949369,0.0,0.0,0.0,0.0,0.0,False
2026-10-05T15:52:11.831399+00:00,1,4,42,43,3904,3946,4.986482692606466,4.986482692606466,0.00390940243100347,0.00390940243100347,4,0.0,0.0,43.8810476949369,0.0,0.0,0.0,0.0,0.0,False
2026-10-05T15:52:11.831399+00:00,1,1,77,77,7222,7222,9.972965385212932,9.972965385212932,0.00781880486200694,0.00781880486200694,4,0.0,0.0,43.8810476949369,0.0,0.0,0.0,0.0,0.0,False
2026-10-05T15:52:11.831399+00:00,1,6,7,9,586,670,0.0,0.0,0.0,0.0,4,0.0,0.0,43.8810476949369,0.0,0.0,0.0,0.0,0.0,False
2026-10-05T15:52:11.831399+00:00,1,5,7,9,586,670,0.9972965385212933,0.9972965385212933,0.0005584860615719242,0.0005584860615719242,4,0.0,0.0,43.8810476949369,0.0,0.0,0.0,0.0,0.0,False
2026-10-05T15:52:11.831399+00:00,1,2,7,9,586,670,0.9972965385212933,0.9972965385212933,0.0005584860615719242,0.0005584860615719242,4,0.0,0.0,43.8810476949369,0.0,0.0,0.0,0.0,0.0,False
2026-10-05T15:52:11.831399+00:00,1,3,42,43,3904,3946,4.986482692606466,4.986482692606466,0.00390940243100347,0.00390940243100347,4,0.0,0.0,43.8810476949369,0.0,0.0,0.0,0.0,0.0,False
2026-10-05T15:52:11.831399+00:00,2,4294967294,0,0,0,0,0.0,0.0,0.0,0.0,4,0.0,0.0,43.87721120386248,0.0,0.0,0.0,0.0,0.0,False
2026-10-05T15:52:11.831399+00:00,2,1,77,77,7222,7222,9.972093455423291,9.972093455423291,0.00781812126905186,0.00781812126905186,4,0.0,0.0,43.87721120386248,0.0,0.0,0.0,0.0,0.0,False
2026-10-05T15:52:11.831399+00:00,2,4,7,9,586,670,0.0,0.9972093455423291,0.0,0.0005584372335037043,4,0.0,0.0,43.87721120386248,0.0,0.0,0.0,0.0,0.0,False
2026-10-05T15:52:11.831399+00:00,2,6,77,77,7222,7222,10.96930280096562,9.972093455423291,0.008376558502555564,0.00781812126905186,4,0.0,0.0,43.87721120386248,0.0,0.0,0.0,0.0,0.0,False
2026-10-05T15:52:11.831399+00:00,2,5,7,9,586,670,0.0,0.0,0.0,0.0,4,0.0,0.0,43.87721120386248,0.0,0.0,0.0,0.0,0.0,False
2026-10-05T15:52:11.831399+00:00,2,2,7,9,586,670,0.0,0.0,0.0,0.0,4,0.0,0.0,43.87721120386248,0.0,0.0,0.0,0.0,0.0,False
2026-10-05T15:52:11.831399+00:00,2,3,7,9,586,670,0.9972093455423291,0.9972093455423291,0.0005584372335037043,0.0005584372335037043,4,0.0,0.0,43.87721120386248,0.0,0.0,0.0,0.0,0.0,False
2026-10-05T15:52:11.831399+00:00,3,4294967294,0,0,0,0,0.0,0.0,0.0,0.0,4,0.0,0.0,39.88836896905239,0.0,0.0,0.0,0.0,0.0,False
2026-10-05T15:52:11.831399+00:00,3,1,77,77,7222,7222,9.972092242263097,9.972092242263097,0.007818120317934269,0.007818120317934269,4,0.0,0.0,39.88836896905239,0.0,0.0,0.0,0.0,0.0,False
2026-10-05T15:52:11.831399+00:00,3,2,77,77,7222,7222,9.972092242263097,9.972092242263097,0.007818120317934269,0.007818120317934269,4,0.0,0.0,39.88836896905239,0.0,0.0,0.0,0.0,0.0,False
2026-10-05T15:52:12.833557+00:00,1,4294967294,0,0,0,0,0.0,0.0,0.0,0.0,4,0.0,0.0,39.93257333070418,0.0,0.0,0.0,0.0,0.0,False
2026-10-05T15:52:12.833557+00:00,1,4,47,48,4394,4436,4.9915716663380225,4.9915716663380225,0.00391339218640901,0.00391339218640901,4,0.0,0.0,39.93257333070418,0.0,0.0,0.0,0.0,0.0,False
2026-10-05T15:52:12.833557+00:00,1,1,87,87,8202,8202,9.983143332676045,9.983143332676045,0.00782678437281802,0.00782678437281802,4,0.0,0.0,39.93257333070418,0.0,0.0,0.0,0.0,0.0,False
2026-10-05T15:52:12.833557+00:00,1,6,7,9,586,670,0.0,0.0,0.0,0.0,4,0.0,0.0,39.93257333070418,0.0,0.0,0.0,0.0,0.0,False
2026-10-05T15:52:12.833557+00:00,1,5,7,9,586,670,0.0,0.0,0.0,0.0,4,0.0,0.0,39.93257333070418,0.0,0.0,0.0,0.0,0.0,False
2026-10-05T15:52:12.833557+00:00,1,2,7,9,586,670,0.0,0.0,0.0,0.0,4,0.0,0.0,39.93257333070418,0.0,0.0,0.0,0.0,0.0,False
2026-10-05T15:52:12.833557+00:00,1,3,47,48,4394,4436,4.9915716663380225,4.9915716663380225,0.00391339218640901,0.00391339218640901,4,0.0,0.0,39.93257333070418,0.0,0.0,0.0,0.0,0.0,False
2026-10-05T15:52:12.833557+00:00,2,4294967294,0,0,0,0,0.0,0.0,0.0,0.0,4,0.0,0.0,39.92449180667924,0.0,0.0,0.0,0.0,0.0,False
2026-10-05T15:52:12.833557+00:00,2,1,87,87,8202,8202,9.98112295166981,9.98112295166981,0.00782520039410913,0.00782520039410913,4,0.0,0.0,39.92449180667924,0.0,0.0,0.0,0.0,0.0,False
2026-10-05T15:52:12.833557+00:00,2,4,7,9,586,670,0.0,0.0,0.0,0.0,4,0.0,0.0,39.92449180667924,0.0,0.0,0.0,0.0,0.0,False
2026-10-05T15:52:12.833557+00:00,2,6,87,87,8202,8202,9.98112295166981,9.98112295166981,0.00782520039410913,0.00782520039410913,4,0.0,0.0,39.92449180667924,0.0,0.0,0.0,0.0,0.0,False
2026-10-05T15:52:12.833557+00:00,2,5,7,9,586,670,0.0,0.0,0.0,0.0,4,0.0,0.0,39.92449180667924,0.0,0.0,0.0,0.0,0.0,False
2026-10-05T15:52:12.833557+00:00,2,2,7,9,586,670,0.0,0.0,0.0,0.0,4,0.0,0.0,39.92449180667924,0.0,0.0,0.0,0.0,0.0,False
2026-10-05T15:52:12.833557+00:00,2,3,7,9,586,670,0.0,0.0,0.0,0.0,4,0.0,0.0,39.92449180667924,0.0,0.0,0.0,0.0,0.0,False
2026-10-05T15:52:12.833557+00:00,3,4294967294,0,0,0,0,0.0,0.0,0.0,0.0,4,0.0,0.0,39.92066661724043,0.0,0.0,0.0,0.0,0.0,False
2026-10-05T15:52:12.833557+00:00,3,1,87,87,8202,8202,9.980166654310107,9.980166654310107,0.007824450656979122,0.007824450656979122,4,0.0,0.0,39.92066661724043,0.0,0.0,0.0,0.0,0.0,False
2026-10-05T15:52:12.833557+00:00,3,2,87,87,8202,8202,9.980166654310107,9.980166654310107,0.007824450656979122,0.007824450656979122,4,0.0,0.0,39.92066661724043,0.0,0.0,0.0,0.0,0.0,False
2026-10-05T15:52:13.836338+00:00,1,4294967294,0,0,0,0,0.0,0.0,0.0,0.0,4,0.0,0.0,39.87069872588271,0.0,0.0,0.0,0.0,0.0,False
2026-10-05T15:52:13.836338+00:00,1,4,52,53,4884,4926,4.983837340735339,4.983837340735339,0.0039073284751365055,0.0039073284751365055,4,0.0,0.0,39.87069872588271,0.0,0.0,0.0,0.0,0.0,False
2026-10-05T15:52:13.836338+00:00,1,1,97,97,9182,9182,9.967674681470678,9.967674681470678,0.007814656950273011,0.007814656950273011,4,0.0,0.0,39.87069872588271,0.0,0.0,0.0,0.0,0.0,False
2026-10-05T15:52:13.836338+00:00,1,6,7,9,586,670,0.0,0.0,0.0,0.0,4,0.0,0.0,39.87069872588271,0.0,0.0,0.0,0.0,0.0,False
2026-10-05T15:52:13.836338+00:00,1,5,7,9,586,670,0.0,0.0,0.0,0.0,4,0.0,0.0,39.87069872588271,0.0,0.0,0.0,0.0,0.0,False
2026-10-05T15:52:13.836338+00:00,1,2,7,9,586,670,0.0,0.0,0.0,0.0,4,0.0,0.0,39.87069872588271,0.0,0.0,0.0,0.0,0.0,False
2026-10-05T15:52:13.836338+00:00,1,3,52,53,4884,4926,4.983837340735339,4.983837340735339,0.0039073284751365055,0.0039073284751365055,4,0.0,0.0,39.87069872588271,0.0,0.0,0.0,0.0,0.0,False
2026-10-05T15:52:13.836338+00:00,2,4294967294,0,0,0,0,0.0,0.0,0.0,0.0,4,0.0,0.0,39.85317722859019,0.0,0.0,0.0,0.0,0.0,False
2026-10-05T15:52:13.836338+00:00,2,1,97,97,9182,9182,9.963294307147548,9.963294307147548,0.0078112227368036784,0.0078112227368036784,4,0.0,0.0,39.85317722859019,0.0,0.0,0.0,0.0,0.0,False
2026-10-05T15:52:13.836338+00:00,2,4,7,9,586,670,0.0,0.0,0.0,0.0,4,0.0,0.0,39.85317722859019,0.0,0.0,0.0,0.0,0.0,False
2026-10-05T15:52:13.836338+00:00,2,6,97,97,9182,9182,9.963294307147548,9.963294307147548,0.0078112227368036784,0.0078112227368036784,4,0.0,0.0,39.85317722859019,0.0,0.0,0.0,0.0,0.0,False
2026-10-05T15:52:13.836338+00:00,2,5,7,9,586,670,0.0,0.0,0.0,0.0,4,0.0,0.0,39.85317722859019,0.0,0.0,0.0,0.0,0.0,False
2026-10-05T15:52:13.836338+00:00,2,2,7,9,586,670,0.0,0.0,0.0,0.0,4,0.0,0.0,39.85317722859019,0.0,0.0,0.0,0.0,0.0,False
2026-10-05T15:52:13.836338+00:00,2,3,7,9,586,670,0.0,0.0,0.0,0.0,4,0.0,0.0,39.85317722859019,0.0,0.0,0.0,0.0,0.0,False
2026-10-05T15:52:13.836338+00:00,3,4294967294,0,0,0,0,0.0,0.0,0.0,0.0,4,0.0,0.0,39.85298711309652,0.0,0.0,0.0,0.0,0.0,False
2026-10-05T15:52:13.836338+00:00,3,1,97,97,9182,9182,9.96324677827413,9.96324677827413,0.0078111854741669175,0.0078111854741669175,4,0.0,0.0,39.85298711309652,0.0,0.0,0.0,0.0,0.0,False
2026-10-05T15:52:13.836338+00:00,3,2,97,97,9182,9182,9.96324677827413,9.96324677827413,0.0078111854741669175,0.0078111854741669175,4,0.0,0.0,39.85298711309652,0.0,0.0,0.0,0.0,0.0,False
2026-10-05T15:52:14.838967+00:00,1,4294967294,0,0,0,0,0.0,0.0,0.0,0.0,4,0.0,0.0,39.88435630617855,0.0,0.0,0.0,0.0,0.0,False
2026-10-05T15:52:14.838967+00:00,1,4,57,58,5374,5416,4.985544538272319,4.985544538272319,0.003908666918005498,0.003908666918005498,4,0.0,0.0,39.88435630617855,0.0,0.0,0.0,0.0,0.0,False
2026-10-05T15:52:14.838967+00:00,1,1,107,107,10162,10162,9.971089076544638,9.971089076544638,0.007817333836010996,0.007817333836010996,4,0.0,0.0,39.88435630617855,0.0,0.0,0.0,0.0,0.0,False
2026-10-05T15:52:14.838967+00:00,1,6,7,9,586,670,0.0,0.0,0.0,0.0,4,0.0,0.0,39.88435630617855,0.0,0.0,0.0,0.0,0.0,False
2026-10-05T15:52:14.838967+00:00,1,5,7,9,586,670,0.0,0.0,0.0,0.0,4,0.0,0.0,39.88435630617855,0.0,0.0,0.0,0.0,0.0,False
2026-10-05T15:52:14.838967+00:00,1,2,7,9,586,670,0.0,0.0,0.0,0.0,4,0.0,0.0,39.88435630617855,0.0,0.0,0.0,0.0,0.0,False
2026-10-05T15:52:14.838967+00:00,1,3,57,58,5374,5416,4.985544538272319,4.985544538272319,0.003908666918005498,0.003908666918005498,4,0.0,0.0,39.88435630617855,0.0,0.0,0.0,0.0,0.0,False
2026-10-05T15:52:14.838967+00:00,2,4294967294,0,0,0,0,0.0,0.0,0.0,0.0,4,0.0,0.0,39.893650469511364,0.0,0.0,0.0,0.0,0.0,False
2026-10-05T15:52:14.838967+00:00,2,1,107,107,10162,10162,9.973412617377841,9.973412617377841,0.007819155492024228,0.007819155492024228,4,0.0,0.0,39.893650469511364,0.0,0.0,0.0,0.0,0.0,False
2026-10-05T15:52:14.838967+00:00,2,4,7,9,586,670,0.0,0.0,0.0,0.0,4,0.0,0.0,39.893650469511364,0.0,0.0,0.0,0.0,0.0,False
2026-10-05T15:52:14.838967+00:00,2,6,107,107,10162,10162,9.973412617377841,9.973412617377841,0.007819155492024228,0.007819155492024228,4,0.0,0.0,39.893650469511364,0.0,0.0,0.0,0.0,0.0,False
2026-10-05T15:52:14.838967+00:00,2,5,7,9,586,670,0.0,0.0,0.0,0.0,4,0.0,0.0,39.893650469511364,0.0,0.0,0.0,0.0,0.0,False
2026-10-05T15:52:14.838967+00:00,2,2,7,9,586,670,0.0,0.0,0.0,0.0,4,0.0,0.0,39.893650469511364,0.0,0.0,0.0,0.0,0.0,False
2026-10-05T15:52:14.838967+00:00,2,3,7,9,586,670,0.0,0.0,0.0,0.0,4,0.0,0.0,39.893650469511364,0.0,0.0,0.0,0.0,0.0,False
2026-10-05T15:52:14.838967+00:00,3,4294967294,0,0,0,0,0.0,0.0,0.0,0.0,4,0.0,0.0,39.89818764495008,0.0,0.0,0.0,0.0,0.0,False
2026-10-05T15:52:14.838967+00:00,3,1,107,107,10162,10162,9.97454691123752,9.97454691123752,0.007820044778410215,0.007820044778410215,4,0.0,0.0,39.89818764495008,0.0,0.0,0.0,0.0,0.0,False
2026-10-05T15:52:14.838967+00:00,3,2,107,107,10162,10162,9.97454691123752,9.97454691123752,0.007820044778410215,0.007820044778410215,4,0.0,0.0,39.89818764495008,0.0,0.0,0.0,0.0,0.0,False
2026-10-05T15:52:15.840572+00:00,1,4294967294,0,0,0,0,0.0,0.0,0.0,0.0,4,0.0,0.0,39.981681912593565,0.0,0.0,0.0,0.0,0.0,False
2026-10-05T15:52:15.840572+00:00,1,4,62,63,5864,5906,4.997710239074196,4.997710239074196,0.00391820482743417,0.00391820482743417,4,0.0,0.0,39.981681912593565,0.0,0.0,0.0,0.0,0.0,False
2026-10-05T15:52:15.840572+00:00,1,1,117,117,11142,11142,9.995420478148391,9.995420478148391,0.00783640965486834,0.00783640965486834,4,0.0,0.0,39.981681912593565,0.0,0.0,0.0,0.0,0.0,False
2026-10-05T15:52:15.840572+00:00,1,6,7,9,586,670,0.0,0.0,0.0,0.0,4,0.0,0.0,39.981681912593565,0.0,0.0,0.0,0.0,0.0,False
2026-10-05T15:52:15.840572+00:00,1,5,7,9,586,670,0.0,0.0,0.0,0.0,4,0.0,0.0,39.981681912593565,0.0,0.0,0.0,0.0,0.0,False
2026-10-05T15:52:15.840572+00:00,1,2,7,9,586,670,0.0,0.0,0.0,0.0,4,0.0,0.0,39.981681912593565,0.0,0.0,0.0,0.0,0.0,False
2026-10-05T15:52:15.840572+00:00,1,3,62,63,5864,5906,4.997710239074196,4.997710239074196,0.00391820482743417,0.00391820482743417,4,0.0,0.0,39.981681912593565,0.0,0.0,0.0,0.0,0.0,False
2026-10-05T15:52:15.840572+00:00,2,4294967294,0,0,0,0,0.0,0.0,0.0,0.0,4,0.0,0.0,40.01752299294409,0.0,0.0,0.0,0.0,0.0,False
2026-10-05T15:52:15.840572+00:00,2,1,117,117,11142,11142,10.004380748236022,10.004380748236022,0.007843434506617042,0.007843434506617042,4,0.0,0.0,40.01752299294409,0.0,0.0,0.0,0.0,0.0,False
2026-10-05T15:52:15.840572+00:00,2,4,7,9,586,670,0.0,0.0,0.0,0.0,4,0.0,0.0,40.01752299294409,0.0,0.0,0.0,0.0,0.0,False
2026-10-05T15:52:15.840572+00:00,2,6,117,117,11142,11142,10.004380748236022,10.004380748236022,0.007843434506617042,0.007843434506617042,4,0.0,0.0,40.01752299294409,0.0,0.0,0.0,0.0,0.0,False
2026-10-05T15:52:15.840572+00:00,2,5,7,9,586,670,0.0,0.0,0.0,0.0,4,0.0,0.0,40.01752299294409,0.0,0.0,0.0,0.0,0.0,False
2026-10-05T15:52:15.840572+00:00,2,2,7,9,586,670,0.0,0.0,0.0,0.0,4,0.0,0.0,40.01752299294409,0.0,0.0,0.0,0.0,0.0,False
2026-10-05T15:52:15.840572+00:00,2,3,7,9,586,670,0.0,0.0,0.0,0.0,4,0.0,0.0,40.01752299294409,0.0,0.0,0.0,0.0,0.0,False
2026-10-05T15:52:15.840572+00:00,3,4294967294,0,0,0,0,0.0,0.0,0.0,0.0,4,0.0,0.0,40.014662332605226,0.0,0.0,0.0,0.0,0.0,False
2026-10-05T15:52:15.840572+00:00,3,1,117,117,11142,11142,10.003665583151307,10.003665583151307,0.007842873817190624,0.007842873817190624,4,0.0,0.0,40.014662332605226,0.0,0.0,0.0,0.0,0.0,False
2026-10-05T15:52:15.840572+00:00,3,2,117,117,11142,11142,10.003665583151307,10.003665583151307,0.007842873817190624,0.007842873817190624,4,0.0,0.0,40.014662332605226,0.0,0.0,0.0,0.0,0.0,False
2026-10-05T15:52:16.843200+00:00,1,4294967294,0,0,0,0,0.0,0.0,0.0,0.0,4,0.0,1.9926688378401574,39.85337675680315,0.0,1.9926688378401574,0.0,0.0,0.0,False
2026-10-05T15:52:16.843200+00:00,1,4,67,68,6354,6396,4.981672094600394,4.981672094600394,0.0039056309221667087,0.0039056309221667087,4,0.0,1.9926688378401574,39.85337675680315,0.0,1.9926688378401574,0.0,0.0,0.0,False
2026-10-05T15:52:16.843200+00:00,1,1,127,127,12122,12122,9.963344189200788,9.963344189200788,0.007811261844333417,0.007811261844333417,4,0.0,1.9926688378401574,39.85337675680315,0.0,1.9926688378401574,0.0,0.0,0.0,False
2026-10-05T15:52:16.843200+00:00,1,6,7,9,586,670,0.0,0.0,0.0,0.0,4,0.0,1.9926688378401574,39.85337675680315,0.0,1.9926688378401574,0.0,0.0,0.0,False
2026-10-05T15:52:16.843200+00:00,1,5,7,9,586,670,0.0,0.0,0.0,0.0,4,0.0,1.9926688378401574,39.85337675680315,0.0,1.9926688378401574,0.0,0.0,0.0,False
2026-10-05T15:52:16.843200+00:00,1,2,7,9,586,670,0.0,0.0,0.0,0.0,4,0.0,1.9926688378401574,39.85337675680315,0.0,1.9926688378401574,0.0,0.0,0.0,False
2026-10-05T15:52:16.843200+00:00,1,3,67,68,6354,6396,4.981672094600394,4.981672094600394,0.0039056309221667087,0.0039056309221667087,4,0.0,1.9926688378401574,39.85337675680315,0.0,1.9926688378401574,0.0,0.0,0.0,False
2026-10-05T15:52:16.843200+00:00,2,4294967294,0,0,0,0,0.0,0.0,0.0,0.0,4,0.0,0.0,39.81913309572586,0.0,0.0,0.0,0.0,0.0,False
2026-10-05T15:52:16.843200+00:00,2,1,127,127,12122,12122,9.954783273931465,9.954783273931465,0.007804550086762269,0.007804550086762269,4,0.0,0.0,39.81913309572586,0.0,0.0,0.0,0.0,0.0,False
2026-10-05T15:52:16.843200+00:00,2,4,7,9,586,670,0.0,0.0,0.0,0.0,4,0.0,0.0,39.81913309572586,0.0,0.0,0.0,0.0,0.0,False
2026-10-05T15:52:16.843200+00:00,2,6,127,127,12122,12122,9.954783273931465,9.954783273931465,0.007804550086762269,0.007804550086762269,4,0.0,0.0,39.81913309572586,0.0,0.0,0.0,0.0,0.0,False
2026-10-05T15:52:16.843200+00:00,2,5,7,9,586,670,0.0,0.0,0.0,0.0,4,0.0,0.0,39.81913309572586,0.0,0.0,0.0,0.0,0.0,False
2026-10-05T15:52:16.843200+00:00,2,2,7,9,586,670,0.0,0.0,0.0,0.0,4,0.0,0.0,39.81913309572586,0.0,0.0,0.0,0.0,0.0,False
2026-10-05T15:52:16.843200+00:00,2,3,7,9,586,670,0.0,0.0,0.0,0.0,4,0.0,0.0,39.81913309572586,0.0,0.0,0.0,0.0,0.0,False
2026-10-05T15:52:16.843200+00:00,3,4294967294,0,0,0,0,0.0,0.0,0.0,0.0,4,0.0,0.9955492249629421,39.82196899851768,0.0,0.9955492249629421,0.0,0.0,0.0,False
2026-10-05T15:52:16.843200+00:00,3,1,127,127,12122,12122,9.95549224962942,9.95549224962942,0.007805105923709465,0.007805105923709465,4,0.0,0.9955492249629421,39.82196899851768,0.0,0.9955492249629421,0.0,0.0,0.0,False
2026-10-05T15:52:16.843200+00:00,3,2,127,127,12122,12122,9.95549224962942,9.95549224962942,0.007805105923709465,0.007805105923709465,4,0.0,0.9955492249629421,39.82196899851768,0.0,0.9955492249629421,0.0,0.0,0.0,False
2026-10-05T15:52:17.845191+00:00,1,4294967294,0,0,0,0,0.0,0.0,0.0,0.0,4,0.0,1.9969828026047267,43.93362165730399,0.0,1.9969828026047267,0.0,0.0,0.0,False
2026-10-05T15:52:17.845191+00:00,1,4,73,74,6914,6956,5.99094840781418,5.99094840781418,0.004473241477834587,0.004473241477834587,4,0.0,1.9969828026047267,43.93362165730399,0.0,1.9969828026047267,0.0,0.0,0.0,False
2026-10-05T15:52:17.845191+00:00,1,1,138,138,13172,13172,10.983405414325997,10.983405414325997,0.008387327770939852,0.008387327770939852,4,0.0,1.9969828026047267,43.93362165730399,0.0,1.9969828026047267,0.0,0.0,0.0,False
2026-10-05T15:52:17.845191+00:00,1,6,7,9,586,670,0.0,0.0,0.0,0.0,4,0.0,1.9969828026047267,43.93362165730399,0.0,1.9969828026047267,0.0,0.0,0.0,False
2026-10-05T15:52:17.845191+00:00,1,5,7,9,586,670,0.0,0.0,0.0,0.0,4,0.0,1.9969828026047267,43.93362165730399,0.0,1.9969828026047267,0.0,0.0,0.0,False
2026-10-05T15:52:17.845191+00:00,1,2,7,9,586,670,0.0,0.0,0.0,0.0,4,0.0,1.9969828026047267,43.93362165730399,0.0,1.9969828026047267,0.0,0.0,0.0,False
2026-10-05T15:52:17.845191+00:00,1,3,72,73,6844,6886,4.992457006511817,4.992457006511817,0.003914086293105265,0.003914086293105265,4,0.0,1.9969828026047267,43.93362165730399,0.0,1.9969828026047267,0.0,0.0,0.0,False
2026-10-05T15:52:17.845191+00:00,2,4294967294,0,0,0,0,0.0,0.0,0.0,0.0,4,0.0,1.9985119559650797,41.968751075266674,0.0,1.9985119559650797,0.0,0.0,0.0,False
2026-10-05T15:52:17.845191+00:00,2,1,137,137,13102,13102,9.992559779825399,9.992559779825399,0.007834166867383113,0.007834166867383113,4,0.0,1.9985119559650797,41.968751075266674,0.0,1.9985119559650797,0.0,0.0,0.0,False
2026-10-05T15:52:17.845191+00:00,2,4,7,9,586,670,0.0,0.0,0.0,0.0,4,0.0,1.9985119559650797,41.968751075266674,0.0,1.9985119559650797,0.0,0.0,0.0,False
2026-10-05T15:52:17.845191+00:00,2,6,137,138,13102,13172,9.992559779825399,10.991815757807938,0.007834166867383113,0.008393750215053335,4,0.0,1.9985119559650797,41.968751075266674,0.0,1.9985119559650797,0.0,0.0,0.0,False
2026-10-05T15:52:17.845191+00:00,2,5,7,10,586,740,0.0,0.9992559779825398,0.0,0.0005595833476702224,4,0.0,1.9985119559650797,41.968751075266674,0.0,1.9985119559650797,0.0,0.0,0.0,False
2026-10-05T15:52:17.845191+00:00,2,2,7,9,586,670,0.0,0.0,0.0,0.0,4,0.0,1.9985119559650797,41.968751075266674,0.0,1.9985119559650797,0.0,0.0,0.0,False
2026-10-05T15:52:17.845191+00:00,2,3,7,9,586,670,0.0,0.0,0.0,0.0,4,0.0,1.9985119559650797,41.968751075266674,0.0,1.9985119559650797,0.0,0.0,0.0,False
2026-10-05T15:52:17.845191+00:00,3,4294967294,0,0,0,0,0.0,0.0,0.0,0.0,4,0.0,0.9996640948721168,41.98589198462891,0.0,0.9996640948721168,0.0,0.0,0.0,False
2026-10-05T15:52:17.845191+00:00,3,1,138,138,13172,13172,10.996305043593285,10.996305043593285,0.008397178396925782,0.008397178396925782,4,0.0,0.9996640948721168,41.98589198462891,0.0,0.9996640948721168,0.0,0.0,0.0,False
2026-10-05T15:52:17.845191+00:00,3,2,137,137,13102,13102,9.996640948721168,9.996640948721168,0.007837366503797395,0.007837366503797395,4,0.0,0.9996640948721168,41.98589198462891,0.0,0.9996640948721168,0.0,0.0,0.0,False
2026-10-05T15:52:18.846619+00:00,1,4294967294,0,0,0,0,0.0,0.0,0.0,0.0,4,0.0,1.997184650692841,42.93946998989608,0.0,1.997184650692841,0.0,0.0,0.0,False
2026-10-05T15:52:18.846619+00:00,1,4,78,79,7404,7446,4.992961626732103,4.992961626732103,0.003914481915357968,0.003914481915357968,4,0.0,1.997184650692841,42.93946998989608,0.0,1.997184650692841,0.0,0.0,0.0,False
2026-10-05T15:52:18.846619+00:00,1,1,148,148,14152,14152,9.985923253464206,9.985923253464206,0.007828963830715937,0.007828963830715937,4,0.0,1.997184650692841,42.93946998989608,0.0,1.997184650692841,0.0,0.0,0.0,False
2026-10-05T15:52:18.846619+00:00,1,6,8,9,656,670,0.9985923253464205,0.0,0.0005592117021939955,0.0,4,0.0,1.997184650692841,42.93946998989608,0.0,1.997184650692841,0.0,0.0,0.0,False
2026-10-05T15:52:18.846619+00:00,1,5,7,10,586,740,0.0,0.9985923253464205,0.0,0.0005592117021939955,4,0.0,1.997184650692841,42.93946998989608,0.0,1.997184650692841,0.0,0.0,0.0,False
2026-10-05T15:52:18.846619+00:00,1,2,7,9,586,670,0.0,0.0,0.0,0.0,4,0.0,1.997184650692841,42.93946998989608,0.0,1.997184650692841,0.0,0.0,0.0,False
2026-10-05T15:52:18.846619+00:00,1,3,78,78,7404,7376,5.991553952078523,4.992961626732103,0.004473693617551964,0.003914481915357968,4,0.0,1.997184650692841,42.93946998989608,0.0,1.997184650692841,0.0,0.0,0.0,False
2026-10-05T15:52:18.846619+00:00,2,4294967294,0,0,0,0,0.0,0.0,0.0,0.0,4,0.0,2.9936900049815294,44.90535007472294,0.0,2.9936900049815294,0.0,0.0,0.0,False
2026-10-05T15:52:18.846619+00:00,2,1,147,148,14082,14152,9.978966683271764,10.976863351598942,0.007823509879685064,0.008382332013948283,4,0.0,2.9936900049815294,44.90535007472294,0.0,2.9936900049815294,0.0,0.0,0.0,False
2026-10-05T15:52:18.846619+00:00,2,4,8,10,656,740,0.9978966683271765,0.9978966683271765,0.0005588221342632188,0.0005588221342632188,4,0.0,2.9936900049815294,44.90535007472294,0.0,2.9936900049815294,0.0,0.0,0.0,False
2026-10-05T15:52:18.846619+00:00,2,6,147,148,14082,14152,9.978966683271764,9.978966683271764,0.007823509879685064,0.007823509879685064,4,0.0,2.9936900049815294,44.90535007472294,0.0,2.9936900049815294,0.0,0.0,0.0,False
2026-10-05T15:52:18.846619+00:00,2,5,7,10,586,740,0.0,0.0,0.0,0.0,4,0.0,2.9936900049815294,44.90535007472294,0.0,2.9936900049815294,0.0,0.0,0.0,False
2026-10-05T15:52:18.846619+00:00,2,2,8,10,656,740,0.9978966683271765,0.9978966683271765,0.0005588221342632188,0.0005588221342632188,4,0.0,2.9936900049815294,44.90535007472294,0.0,2.9936900049815294,0.0,0.0,0.0,False
2026-10-05T15:52:18.846619+00:00,2,3,7,9,586,670,0.0,0.0,0.0,0.0,4,0.0,2.9936900049815294,44.90535007472294,0.0,2.9936900049815294,0.0,0.0,0.0,False
2026-10-05T15:52:18.846619+00:00,3,4294967294,0,0,0,0,0.0,0.0,0.0,0.0,4,0.0,0.0,40.89696300542405,0.0,0.0,0.0,0.0,0.0,False
2026-10-05T15:52:18.846619+00:00,3,1,148,148,14152,14152,9.974869025713183,9.974869025713183,0.007820297316159136,0.007820297316159136,4,0.0,0.0,40.89696300542405,0.0,0.0,0.0,0.0,0.0,False
2026-10-05T15:52:18.846619+00:00,3,2,148,147,14152,14082,10.9723559282845,9.974869025713183,0.008378889981599073,0.007820297316159136,4,0.0,0.0,40.89696300542405,0.0,0.0,0.0,0.0,0.0,False
2026-10-05T15:52:19.848941+00:00,1,4294967294,0,0,0,0,0.0,0.0,0.0,0.0,4,0.0,0.0,43.94203426083031,0.0,0.0,0.0,0.0,0.0,False
2026-10-05T15:52:19.848941+00:00,1,4,83,84,7894,7936,4.993412984185262,4.993412984185262,0.003914835779601246,0.003914835779601246,4,0.0,0.0,43.94203426083031,0.0,0.0,0.0,0.0,0.0,False
2026-10-05T15:52:19.848941+00:00,1,1,158,158,15132,15132,9.986825968370525,9.986825968370525,0.007829671559202491,0.007829671559202491,4,0.0,0.0,43.94203426083031,0.0,0.0,0.0,0.0,0.0,False
2026-10-05T15:52:19.848941+00:00,1,6,8,10,656,740,0.0,0.9986825968370525,0.0,0.0005592622542287494,4,0.0,0.0,43.94203426083031,0.0,0.0,0.0,0.0,0.0,False
2026-10-05T15:52:19.848941+00:00,1,5,8,10,656,740,0.9986825968370525,0.0,0.0005592622542287494,0.0,4,0.0,0.0,43.94203426083031,0.0,0.0,0.0,0.0,0.0,False
2026-10-05T15:52:19.848941+00:00,1,2,8,9,656,670,0.9986825968370525,0.0,0.0005592622542287494,0.0,4,0.0,0.0,43.94203426083031,0.0,0.0,0.0,0.0,0.0,False
2026-10-05T15:52:19.848941+00:00,1,3,83,84,7894,7936,4.993412984185262,5.992095581022315,0.003914835779601246,0.004474098033829995,4,0.0,0.0,43.94203426083031,0.0,0.0,0.0,0.0,0.0,False
2026-10-05T15:52:19.848941+00:00,2,4294967294,0,0,0,0,0.0,0.0,0.0,0.0,4,0.0,0.9973906027648298,43.885186521652514,0.0,0.9973906027648298,0.0,0.0,0.0,False
2026-10-05T15:52:19.848941+00:00,2,1,158,158,15132,15132,10.971296630413129,9.9739060276483,0.00837808106322457,0.007819542325676266,4,0.0,0.9973906027648298,43.885186521652514,0.0,0.9973906027648298,0.0,0.0,0.0,False
2026-10-05T15:52:19.848941+00:00,2,4,8,10,656,740,0.0,0.0,0.0,0.0,4,0.0,0.9973906027648298,43.885186521652514,0.0,0.9973906027648298,0.0,0.0,0.0,False
2026-10-05T15:52:19.848941+00:00,2,6,158,158,15132,15132,10.971296630413129,9.9739060276483,0.00837808106322457,0.007819542325676266,4,0.0,0.9973906027648298,43.885186521652514,0.0,0.9973906027648298,0.0,0.0,0.0,False
2026-10-05T15:52:19.848941+00:00,2,5,8,10,656,740,0.9973906027648298,0.0,0.0005585387375483048,0.0,4,0.0,0.9973906027648298,43.885186521652514,0.0,0.9973906027648298,0.0,0.0,0.0,False
2026-10-05T15:52:19.848941+00:00,2,2,8,10,656,740,0.0,0.0,0.0,0.0,4,0.0,0.9973906027648298,43.885186521652514,0.0,0.9973906027648298,0.0,0.0,0.0,False
2026-10-05T15:52:19.848941+00:00,2,3,7,10,586,740,0.0,0.9973906027648298,0.0,0.0005585387375483048,4,0.0,0.9973906027648298,43.885186521652514,0.0,0.9973906027648298,0.0,0.0,0.0,False
2026-10-05T15:52:19.848941+00:00,3,4294967294,0,0,0,0,0.0,0.0,0.0,0.0,4,0.0,0.0,40.88789296152581,0.0,0.0,0.0,0.0,0.0,False
2026-10-05T15:52:19.848941+00:00,3,1,158,158,15132,15132,9.972656819884344,9.972656819884344,0.007818562946789325,0.007818562946789325,4,0.0,0.0,40.88789296152581,0.0,0.0,0.0,0.0,0.0,False
2026-10-05T15:52:19.848941+00:00,3,2,158,158,15132,15132,9.972656819884344,10.969922501872778,0.007818562946789325,0.008377031728702848,4,0.0,0.0,40.88789296152581,0.0,0.0,0.0,0.0,0.0,False
2026-10-05T15:52:20.851170+00:00,1,4294967294,0,0,0,0,0.0,0.0,0.0,0.0,4,0.0,0.0,36.86047165130204,0.0,0.0,0.0,0.0,0.0,False
2026-10-05T15:52:20.851170+00:00,1,4,88,89,8384,8426,4.981144817743519,4.981144817743519,0.003905217537110919,0.003905217537110919,4,0.0,0.0,36.86047165130204,0.0,0.0,0.0,0.0,0.0,False
2026-10-05T15:52:20.851170+00:00,1,1,167,167,16014,16014,8.966060671938333,8.966060671938333,0.0070293915667996535,0.0070293915667996535,4,0.0,0.0,36.86047165130204,0.0,0.0,0.0,0.0,0.0,False
2026-10-05T15:52:20.851170+00:00,1,6,8,10,656,740,0.0,0.0,0.0,0.0,4,0.0,0.0,36.86047165130204,0.0,0.0,0.0,0.0,0.0,False
2026-10-05T15:52:20.851170+00:00,1,5,8,10,656,740,0.0,0.0,0.0,0.0,4,0.0,0.0,36.86047165130204,0.0,0.0,0.0,0.0,0.0,False
2026-10-05T15:52:20.851170+00:00,1,2,8,10,656,740,0.0,0.9962289635487037,0.0,0.0005578882195872741,4,0.0,0.0,36.86047165130204,0.0,0.0,0.0,0.0,0.0,False
2026-10-05T15:52:20.851170+00:00,1,3,87,88,8286,8328,3.984915854194815,3.984915854194815,0.003124174029688735,0.003124174029688735,4,0.0,0.0,36.86047165130204,0.0,0.0,0.0,0.0,0.0,False
2026-10-05T15:52:20.851170+00:00,2,4294967294,0,0,0,0,0.0,0.0,0.0,0.0,4,0.0,0.0,36.910680619171536,0.0,0.0,0.0,0.0,0.0,False
2026-10-05T15:52:20.851170+00:00,2,1,167,167,16014,16014,8.978273664122806,8.978273664122806,0.00703896655267228,0.00703896655267228,4,0.0,0.0,36.910680619171536,0.0,0.0,0.0,0.0,0.0,False
2026-10-05T15:52:20.851170+00:00,2,4,8,10,656,740,0.0,0.0,0.0,0.0,4,0.0,0.0,36.910680619171536,0.0,0.0,0.0,0.0,0.0,False
2026-10-05T15:52:20.851170+00:00,2,6,167,167,16014,16014,8.978273664122806,8.978273664122806,0.00703896655267228,0.00703896655267228,4,0.0,0.0,36.910680619171536,0.0,0.0,0.0,0.0,0.0,False
2026-10-05T15:52:20.851170+00:00,2,5,8,10,656,740,0.0,0.0,0.0,0.0,4,0.0,0.0,36.910680619171536,0.0,0.0,0.0,0.0,0.0,False
2026-10-05T15:52:20.851170+00:00,2,2,8,10,656,740,0.0,0.0,0.0,0.0,4,0.0,0.0,36.910680619171536,0.0,0.0,0.0,0.0,0.0,False
2026-10-05T15:52:20.851170+00:00,2,3,8,10,656,740,0.9975859626803119,0.0,0.0005586481391009746,0.0,4,0.0,0.0,36.910680619171536,0.0,0.0,0.0,0.0,0.0,False
2026-10-05T15:52:20.851170+00:00,3,4294967294,0,0,0,0,0.0,0.0,0.0,0.0,4,0.0,0.0,35.913921978676036,0.0,0.0,0.0,0.0,0.0,False
2026-10-05T15:52:20.851170+00:00,3,1,167,167,16014,16014,8.978480494669009,8.978480494669009,0.007039128707820504,0.007039128707820504,4,0.0,0.0,35.913921978676036,0.0,0.0,0.0,0.0,0.0,False
2026-10-05T15:52:20.851170+00:00,3,2,167,167,16014,16014,8.978480494669009,8.978480494669009,0.007039128707820504,0.007039128707820504,4,0.0,0.0,35.913921978676036,0.0,0.0,0.0,0.0,0.0,False
2026-10-05T15:52:21.853587+00:00,1,4294967294,0,0,0,0,0.0,0.0,0.0,0.0,4,0.0,0.0,35.964446231796025,0.0,0.0,0.0,0.0,0.0,False
2026-10-05T15:52:21.853587+00:00,1,4,92,93,8776,8818,3.99604958131067,3.99604958131067,0.003132902871747565,0.003132902871747565,4,0.0,0.0,35.964446231796025,0.0,0.0,0.0,0.0,0.0,False
2026-10-05T15:52:21.853587+00:00,1,1,176,176,16896,16896,8.991111557949006,8.991111557949006,0.007049031461432022,0.007049031461432022,4,0.0,0.0,35.964446231796025,0.0,0.0,0.0,0.0,0.0,False
2026-10-05T15:52:21.853587+00:00,1,6,8,10,656,740,0.0,0.0,0.0,0.0,4,0.0,0.0,35.964446231796025,0.0,0.0,0.0,0.0,0.0,False
2026-10-05T15:52:21.853587+00:00,1,5,8,10,656,740,0.0,0.0,0.0,0.0,4,0.0,0.0,35.964446231796025,0.0,0.0,0.0,0.0,0.0,False
2026-10-05T15:52:21.853587+00:00,1,2,8,10,656,740,0.0,0.0,0.0,0.0,4,0.0,0.0,35.964446231796025,0.0,0.0,0.0,0.0,0.0,False
2026-10-05T15:52:21.853587+00:00,1,3,92,93,8776,8818,4.995061976638337,4.995061976638337,0.003916128589684456,0.003916128589684456,4,0.0,0.0,35.964446231796025,0.0,0.0,0.0,0.0,0.0,False
2026-10-05T15:52:21.853587+00:00,2,4294967294,0,0,0,0,0.0,0.0,0.0,0.0,4,0.0,0.0,35.968937836692376,0.0,0.0,0.0,0.0,0.0,False
2026-10-05T15:52:21.853587+00:00,2,1,176,176,16896,16896,8.992234459173094,8.992234459173094,0.0070499118159917055,0.0070499118159917055,4,0.0,0.0,35.968937836692376,0.0,0.0,0.0,0.0,0.0,False
2026-10-05T15:52:21.853587+00:00,2,4,8,10,656,740,0.0,0.0,0.0,0.0,4,0.0,0.0,35.968937836692376,0.0,0.0,0.0,0.0,0.0,False
2026-10-05T15:52:21.853587+00:00,2,6,176,176,16896,16896,8.992234459173094,8.992234459173094,0.0070499118159917055,0.0070499118159917055,4,0.0,0.0,35.968937836692376,0.0,0.0,0.0,0.0,0.0,False
2026-10-05T15:52:21.853587+00:00,2,5,8,10,656,740,0.0,0.0,0.0,0.0,4,0.0,0.0,35.968937836692376,0.0,0.0,0.0,0.0,0.0,False
2026-10-05T15:52:21.853587+00:00,2,2,8,10,656,740,0.0,0.0,0.0,0.0,4,0.0,0.0,35.968937836692376,0.0,0.0,0.0,0.0,0.0,False
2026-10-05T15:52:21.853587+00:00,2,3,8,10,656,740,0.0,0.0,0.0,0.0,4,0.0,0.0,35.968937836692376,0.0,0.0,0.0,0.0,0.0,False
2026-10-05T15:52:21.853587+00:00,3,4294967294,0,0,0,0,0.0,0.0,0.0,0.0,4,0.0,0.0,35.96928262841171,0.0,0.0,0.0,0.0,0.0,False
2026-10-05T15:52:21.853587+00:00,3,1,176,176,16896,16896,8.992320657102928,8.992320657102928,0.007049979395168695,0.007049979395168695,4,0.0,0.0,35.96928262841171,0.0,0.0,0.0,0.0,0.0,False
2026-10-05T15:52:21.853587+00:00,3,2,176,176,16896,16896,8.992320657102928,8.992320657102928,0.007049979395168695,0.007049979395168695,4,0.0,0.0,35.96928262841171,0.0,0.0,0.0,0.0,0.0,False
2026-10-05T15:52:22.856241+00:00,1,4294967294,0,0,0,0,0.0,0.0,0.0,0.0,4,0.0,0.0,39.87390157732702,0.0,0.0,0.0,0.0,0.0,False
2026-10-05T15:52:22.856241+00:00,1,4,97,98,9266,9308,4.984237697165877,4.984237697165877,0.003907642354578048,0.003907642354578048,4,0.0,0.0,39.87390157732702,0.0,0.0,0.0,0.0,0.0,False
2026-10-05T15:52:22.856241+00:00,1,1,186,186,17876,17876,9.968475394331755,9.968475394331755,0.007815284709156095,0.007815284709156095,4,0.0,0.0,39.87390157732702,0.0,0.0,0.0,0.0,0.0,False
2026-10-05T15:52:22.856241+00:00,1,6,8,10,656,740,0.0,0.0,0.0,0.0,4,0.0,0.0,39.87390157732702,0.0,0.0,0.0,0.0,0.0,False
2026-10-05T15:52:22.856241+00:00,1,5,8,10,656,740,0.0,0.0,0.0,0.0,4,0.0,0.0,39.87390157732702,0.0,0.0,0.0,0.0,0.0,False
2026-10-05T15:52:22.856241+00:00,1,2,8,10,656,740,0.0,0.0,0.0,0.0,4,0.0,0.0,39.87390157732702,0.0,0.0,0.0,0.0,0.0,False
2026-10-05T15:52:22.856241+00:00,1,3,97,98,9266,9308,4.984237697165877,4.984237697165877,0.003907642354578048,0.003907642354578048,4,0.0,0.0,39.87390157732702,0.0,0.0,0.0,0.0,0.0,False
2026-10-05T15:52:22.856241+00:00,2,4294967294,0,0,0,0,0.0,0.0,0.0,0.0,4,0.0,0.0,39.87271202895485,0.0,0.0,0.0,0.0,0.0,False
2026-10-05T15:52:22.856241+00:00,2,1,186,186,17876,17876,9.968178007238713,9.968178007238713,0.00781505155767515,0.00781505155767515,4,0.0,0.0,39.87271202895485,0.0,0.0,0.0,0.0,0.0,False
2026-10-05T15:52:22.856241+00:00,2,4,8,10,656,740,0.0,0.0,0.0,0.0,4,0.0,0.0,39.87271202895485,0.0,0.0,0.0,0.0,0.0,False
2026-10-05T15:52:22.856241+00:00,2,6,186,186,17876,17876,9.968178007238713,9.968178007238713,0.00781505155767515,0.00781505155767515,4,0.0,0.0,39.87271202895485,0.0,0.0,0.0,0.0,0.0,False
2026-10-05T15:52:22.856241+00:00,2,5,8,10,656,740,0.0,0.0,0.0,0.0,4,0.0,0.0,39.87271202895485,0.0,0.0,0.0,0.0,0.0,False
2026-10-05T15:52:22.856241+00:00,2,2,8,10,656,740,0.0,0.0,0.0,0.0,4,0.0,0.0,39.87271202895485,0.0,0.0,0.0,0.0,0.0,False
2026-10-05T15:52:22.856241+00:00,2,3,8,10,656,740,0.0,0.0,0.0,0.0,4,0.0,0.0,39.87271202895485,0.0,0.0,0.0,0.0,0.0,False
2026-10-05T15:52:22.856241+00:00,3,4294967294,0,0,0,0,0.0,0.0,0.0,0.0,4,0.0,0.0,39.876372995362985,0.0,0.0,0.0,0.0,0.0,False
2026-10-05T15:52:22.856241+00:00,3,1,186,186,17876,17876,9.969093248840746,9.969093248840746,0.007815769107091145,0.007815769107091145,4,0.0,0.0,39.876372995362985,0.0,0.0,0.0,0.0,0.0,False
2026-10-05T15:52:22.856241+00:00,3,2,186,186,17876,17876,9.969093248840746,9.969093248840746,0.007815769107091145,0.007815769107091145,4,0.0,0.0,39.876372995362985,0.0,0.0,0.0,0.0,0.0,False
2026-10-05T15:52:23.858934+00:00,1,4294967294,0,0,0,0,0.0,0.0,0.0,0.0,4,0.0,0.0,39.86625576828379,0.0,0.0,0.0,0.0,0.0,False
2026-10-05T15:52:23.858934+00:00,1,4,102,103,9756,9798,4.983281971035474,4.983281971035474,0.003906893065291812,0.003906893065291812,4,0.0,0.0,39.86625576828379,0.0,0.0,0.0,0.0,0.0,False
2026-10-05T15:52:23.858934+00:00,1,1,196,196,18856,18856,9.966563942070948,9.966563942070948,0.007813786130583623,0.007813786130583623,4,0.0,0.0,39.86625576828379,0.0,0.0,0.0,0.0,0.0,False
2026-10-05T15:52:23.858934+00:00,1,6,8,10,656,740,0.0,0.0,0.0,0.0,4,0.0,0.0,39.86625576828379,0.0,0.0,0.0,0.0,0.0,False
2026-10-05T15:52:23.858934+00:00,1,5,8,10,656,740,0.0,0.0,0.0,0.0,4,0.0,0.0,39.86625576828379,0.0,0.0,0.0,0.0,0.0,False
2026-10-05T15:52:23.858934+00:00,1,2,8,10,656,740,0.0,0.0,0.0,0.0,4,0.0,0.0,39.86625576828379,0.0,0.0,0.0,0.0,0.0,False
2026-10-05T15:52:23.858934+00:00,1,3,102,103,9756,9798,4.983281971035474,4.983281971035474,0.003906893065291812,0.003906893065291812,4,0.0,0.0,39.86625576828379,0.0,0.0,0.0,0.0,0.0,False
2026-10-05T15:52:23.858934+00:00,2,4294967294,0,0,0,0,0.0,0.0,0.0,0.0,4,0.0,0.0,39.85487834428938,0.0,0.0,0.0,0.0,0.0,False
2026-10-05T15:52:23.858934+00:00,2,1,196,196,18856,18856,9.963719586072346,9.963719586072346,0.007811556155480719,0.007811556155480719,4,0.0,0.0,39.85487834428938,0.0,0.0,0.0,0.0,0.0,False
2026-10-05T15:52:23.858934+00:00,2,4,8,10,656,740,0.0,0.0,0.0,0.0,4,0.0,0.0,39.85487834428938,0.0,0.0,0.0,0.0,0.0,False
2026-10-05T15:52:23.858934+00:00,2,6,196,196,18856,18856,9.963719586072346,9.963719586072346,0.007811556155480719,0.007811556155480719,4,0.0,0.0,39.85487834428938,0.0,0.0,0.0,0.0,0.0,False
2026-10-05T15:52:23.858934+00:00,2,5,8,10,656,740,0.0,0.0,0.0,0.0,4,0.0,0.0,39.85487834428938,0.0,0.0,0.0,0.0,0.0,False
2026-10-05T15:52:23.858934+00:00,2,2,8,10,656,740,0.0,0.0,0.0,0.0,4,0.0,0.0,39.85487834428938,0.0,0.0,0.0,0.0,0.0,False
2026-10-05T15:52:23.858934+00:00,2,3,8,10,656,740,0.0,0.0,0.0,0.0,4,0.0,0.0,39.85487834428938,0.0,0.0,0.0,0.0,0.0,False
2026-10-05T15:52:23.858934+00:00,3,4294967294,0,0,0,0,0.0,0.0,0.0,0.0,4,0.0,0.0,39.85061530613268,0.0,0.0,0.0,0.0,0.0,False
2026-10-05T15:52:23.858934+00:00,3,1,196,196,18856,18856,9.96265382653317,9.96265382653317,0.007810720600002005,0.007810720600002005,4,0.0,0.0,39.85061530613268,0.0,0.0,0.0,0.0,0.0,False
2026-10-05T15:52:23.858934+00:00,3,2,196,196,18856,18856,9.96265382653317,9.96265382653317,0.007810720600002005,0.007810720600002005,4,0.0,0.0,39.85061530613268,0.0,0.0,0.0,0.0,0.0,False
2026-10-05T15:52:24.860743+00:00,1,4294967294,0,0,0,0,0.0,0.0,0.0,0.0,4,0.0,0.0,39.92417237882847,0.0,0.0,0.0,0.0,0.0,False
2026-10-05T15:52:24.860743+00:00,1,4,107,108,10246,10288,4.990521547353559,4.990521547353559,0.003912568893125191,0.003912568893125191,4,0.0,0.0,39.92417237882847,0.0,0.0,0.0,0.0,0.0,False
2026-10-05T15:52:24.860743+00:00,1,1,206,206,19836,19836,9.981043094707118,9.981043094707118,0.007825137786250382,0.007825137786250382,4,0.0,0.0,39.92417237882847,0.0,0.0,0.0,0.0,0.0,False
2026-10-05T15:52:24.860743+00:00,1,6,8,10,656,740,0.0,0.0,0.0,0.0,4,0.0,0.0,39.92417237882847,0.0,0.0,0.0,0.0,0.0,False
2026-10-05T15:52:24.860743+00:00,1,5,8,10,656,740,0.0,0.0,0.0,0.0,4,0.0,0.0,39.92417237882847,0.0,0.0,0.0,0.0,0.0,False
2026-10-05T15:52:24.860743+00:00,1,2,8,10,656,740,0.0,0.0,0.0,0.0,4,0.0,0.0,39.92417237882847,0.0,0.0,0.0,0.0,0.0,False
2026-10-05T15:52:24.860743+00:00,1,3,107,108,10246,10288,4.990521547353559,4.990521547353559,0.003912568893125191,0.003912568893125191,4,0.0,0.0,39.92417237882847,0.0,0.0,0.0,0.0,0.0,False
2026-10-05T15:52:24.860743+00:00,2,4294967294,0,0,0,0,0.0,0.0,0.0,0.0,4,0.0,0.0,39.92786376606348,0.0,0.0,0.0,0.0,0.0,False
2026-10-05T15:52:24.860743+00:00,2,1,206,206,19836,19836,9.98196594151587,9.98196594151587,0.007825861298148442,0.007825861298148442,4,0.0,0.0,39.92786376606348,0.0,0.0,0.0,0.0,0.0,False
2026-10-05T15:52:24.860743+00:00,2,4,8,10,656,740,0.0,0.0,0.0,0.0,4,0.0,0.0,39.92786376606348,0.0,0.0,0.0,0.0,0.0,False
2026-10-05T15:52:24.860743+00:00,2,6,206,206,19836,19836,9.98196594151587,9.98196594151587,0.007825861298148442,0.007825861298148442,4,0.0,0.0,39.92786376606348,0.0,0.0,0.0,0.0,0.0,False
2026-10-05T15:52:24.860743+00:00,2,5,8,10,656,740,0.0,0.0,0.0,0.0,4,0.0,0.0,39.92786376606348,0.0,0.0,0.0,0.0,0.0,False
2026-10-05T15:52:24.860743+00:00,2,2,8,10,656,740,0.0,0.0,0.0,0.0,4,0.0,0.0,39.92786376606348,0.0,0.0,0.0,0.0,0.0,False
2026-10-05T15:52:24.860743+00:00,2,3,8,10,656,740,0.0,0.0,0.0,0.0,4,0.0,0.0,39.92786376606348,0.0,0.0,0.0,0.0,0.0,False
2026-10-05T15:52:24.860743+00:00,3,4294967294,0,0,0,0,0.0,0.0,0.0,0.0,4,0.0,0.0,39.92702800618115,0.0,0.0,0.0,0.0,0.0,False
2026-10-05T15:52:24.860743+00:00,3,1,206,206,19836,19836,9.981757001545288,9.981757001545288,0.007825697489211506,0.007825697489211506,4,0.0,0.0,39.92702800618115,0.0,0.0,0.0,0.0,0.0,False
2026-10-05T15:52:24.860743+00:00,3,2,206,206,19836,19836,9.981757001545288,9.981757001545288,0.007825697489211506,0.007825697489211506,4,0.0,0.0,39.92702800618115,0.0,0.0,0.0,0.0,0.0,False
2026-10-05T15:52:25.862669+00:00,1,4294967294,0,0,0,0,0.0,0.0,0.0,0.0,4,0.0,0.0,39.89939527069089,0.0,0.0,0.0,0.0,0.0,False
2026-10-05T15:52:25.862669+00:00,1,4,112,113,10736,10778,4.987424408836361,4.987424408836361,0.003910140736527707,0.003910140736527707,4,0.0,0.0,39.89939527069089,0.0,0.0,0.0,0.0,0.0,False
2026-10-05T15:52:25.862669+00:00,1,1,216,216,20816,20816,9.974848817672722,9.974848817672722,0.007820281473055414,0.007820281473055414,4,0.0,0.0,39.89939527069089,0.0,0.0,0.0,0.0,0.0,False
2026-10-05T15:52:25.862669+00:00,1,6,8,10,656,740,0.0,0.0,0.0,0.0,4,0.0,0.0,39.89939527069089,0.0,0.0,0.0,0.0,0.0,False
2026-10-05T15:52:25.862669+00:00,1,5,8,10,656,740,0.0,0.0,0.0,0.0,4,0.0,0.0,39.89939527069089,0.0,0.0,0.0,0.0,0.0,False
2026-10-05T15:52:25.862669+00:00,1,2,8,10,656,740,0.0,0.0,0.0,0.0,4,0.0,0.0,39.89939527069089,0.0,0.0,0.0,0.0,0.0,False
2026-10-05T15:52:25.862669+00:00,1,3,112,113,10736,10778,4.987424408836361,4.987424408836361,0.003910140736527707,0.003910140736527707,4,0.0,0.0,39.89939527069089,0.0,0.0,0.0,0.0,0.0,False
2026-10-05T15:52:25.862669+00:00,2,4294967294,0,0,0,0,0.0,0.0,0.0,0.0,4,0.0,0.0,39.892915168527175,0.0,0.0,0.0,0.0,0.0,False
2026-10-05T15:52:25.862669+00:00,2,1,216,216,20816,20816,9.973228792131794,9.973228792131794,0.007819011373031327,0.007819011373031327,4,0.0,0.0,39.892915168527175,0.0,0.0,0.0,0.0,0.0,False
2026-10-05T15:52:25.862669+00:00,2,4,8,10,656,740,0.0,0.0,0.0,0.0,4,0.0,0.0,39.892915168527175,0.0,0.0,0.0,0.0,0.0,False
2026-10-05T15:52:25.862669+00:00,2,6,216,216,20816,20816,9.973228792131794,9.973228792131794,0.007819011373031327,0.007819011373031327,4,0.0,0.0,39.892915168527175,0.0,0.0,0.0,0.0,0.0,False
2026-10-05T15:52:25.862669+00:00,2,5,8,10,656,740,0.0,0.0,0.0,0.0,4,0.0,0.0,39.892915168527175,0.0,0.0,0.0,0.0,0.0,False
2026-10-05T15:52:25.862669+00:00,2,2,8,10,656,740,0.0,0.0,0.0,0.0,4,0.0,0.0,39.892915168527175,0.0,0.0,0.0,0.0,0.0,False
2026-10-05T15:52:25.862669+00:00,2,3,8,10,656,740,0.0,0.0,0.0,0.0,4,0.0,0.0,39.892915168527175,0.0,0.0,0.0,0.0,0.0,False
2026-10-05T15:52:25.862669+00:00,3,4294967294,0,0,0,0,0.0,0.0,0.0,0.0,4,0.0,0.0,39.893490444338475,0.0,0.0,0.0,0.0,0.0,False
2026-10-05T15:52:25.862669+00:00,3,1,216,216,20816,20816,9.973372611084619,9.973372611084619,0.007819124127090342,0.007819124127090342,4,0.0,0.0,39.893490444338475,0.0,0.0,0.0,0.0,0.0,False
2026-10-05T15:52:25.862669+00:00,3,2,216,216,20816,20816,9.973372611084619,9.973372611084619,0.007819124127090342,0.007819124127090342,4,0.0,0.0,39.893490444338475,0.0,0.0,0.0,0.0,0.0,False
2026-10-05T15:52:26.864529+00:00,1,4294967294,0,0,0,0,0.0,0.0,0.0,0.0,4,0.0,0.0,39.993035332710136,0.0,0.0,0.0,0.0,0.0,False
2026-10-05T15:52:26.864529+00:00,1,4,117,118,11226,11268,4.999129416588767,4.999129416588767,0.003919317462605593,0.003919317462605593,4,0.0,0.0,39.993035332710136,0.0,0.0,0.0,0.0,0.0,False
2026-10-05T15:52:26.864529+00:00,1,1,226,226,21796,21796,9.998258833177534,9.998258833177534,0.007838634925211186,0.007838634925211186,4,0.0,0.0,39.993035332710136,0.0,0.0,0.0,0.0,0.0,False
2026-10-05T15:52:26.864529+00:00,1,6,8,10,656,740,0.0,0.0,0.0,0.0,4,0.0,0.0,39.993035332710136,0.0,0.0,0.0,0.0,0.0,False
2026-10-05T15:52:26.864529+00:00,1,5,8,10,656,740,0.0,0.0,0.0,0.0,4,0.0,0.0,39.993035332710136,0.0,0.0,0.0,0.0,0.0,False
2026-10-05T15:52:26.864529+00:00,1,2,8,10,656,740,0.0,0.0,0.0,0.0,4,0.0,0.0,39.993035332710136,0.0,0.0,0.0,0.0,0.0,False
2026-10-05T15:52:26.864529+00:00,1,3,117,118,11226,11268,4.999129416588767,4.999129416588767,0.003919317462605593,0.003919317462605593,4,0.0,0.0,39.993035332710136,0.0,0.0,0.0,0.0,0.0,False
2026-10-05T15:52:26.864529+00:00,2,4294967294,0,0,0,0,0.0,0.0,0.0,0.0,4,0.0,0.0,40.0161826642886,0.0,0.0,0.0,0.0,0.0,False
2026-10-05T15:52:26.864529+00:00,2,1,226,226,21796,21796,10.00404566607215,10.00404566607215,0.007843171802200566,0.007843171802200566,4,0.0,0.0,40.0161826642886,0.0,0.0,0.0,0.0,0.0,False
2026-10-05T15:52:26.864529+00:00,2,4,8,10,656,740,0.0,0.0,0.0,0.0,4,0.0,0.0,40.0161826642886,0.0,0.0,0.0,0.0,0.0,False
2026-10-05T15:52:26.864529+00:00,2,6,226,226,21796,21796,10.00404566607215,10.00404566607215,0.007843171802200566,0.007843171802200566,4,0.0,0.0,40.0161826642886,0.0,0.0,0.0,0.0,0.0,False
2026-10-05T15:52:26.864529+00:00,2,5,8,10,656,740,0.0,0.0,0.0,0.0,4,0.0,0.0,40.0161826642886,0.0,0.0,0.0,0.0,0.0,False
2026-10-05T15:52:26.864529+00:00,2,2,8,10,656,740,0.0,0.0,0.0,0.0,4,0.0,0.0,40.0161826642886,0.0,0.0,0.0,0.0,0.0,False
2026-10-05T15:52:26.864529+00:00,2,3,8,10,656,740,0.0,0.0,0.0,0.0,4,0.0,0.0,40.0161826642886,0.0,0.0,0.0,0.0,0.0,False
2026-10-05T15:52:26.864529+00:00,3,4294967294,0,0,0,0,0.0,0.0,0.0,0.0,4,0.0,0.0,40.02026462116133,0.0,0.0,0.0,0.0,0.0,False
2026-10-05T15:52:26.864529+00:00,3,1,226,226,21796,21796,10.005066155290333,10.005066155290333,0.007843971865747621,0.007843971865747621,4,0.0,0.0,40.02026462116133,0.0,0.0,0.0,0.0,0.0,False
2026-10-05T15:52:26.864529+00:00,3,2,226,226,21796,21796,10.005066155290333,10.005066155290333,0.007843971865747621,0.007843971865747621,4,0.0,0.0,40.02026462116133,0.0,0.0,0.0,0.0,0.0,False
2026-10-05T15:52:27.867132+00:00,1,4294967294,0,0,0,0,0.0,0.0,0.0,0.0,4,0.0,0.0,39.85929692105995,0.0,0.0,0.0,0.0,0.0,False
2026-10-05T15:52:27.867132+00:00,1,4,122,123,11716,11758,4.982412115132494,4.982412115132494,0.003906211098263875,0.003906211098263875,4,0.0,0.0,39.85929692105995,0.0,0.0,0.0,0.0,0.0,False
2026-10-05T15:52:27.867132+00:00,1,1,236,236,22776,22776,9.964824230264988,9.964824230264988,0.00781242219652775,0.00781242219652775,4,0.0,0.0,39.85929692105995,0.0,0.0,0.0,0.0,0.0,False
2026-10-05T15:52:27.867132+00:00,1,6,8,10,656,740,0.0,0.0,0.0,0.0,4,0.0,0.0,39.85929692105995,0.0,0.0,0.0,0.0,0.0,False
2026-10-05T15:52:27.867132+00:00,1,5,8,10,656,740,0.0,0.0,0.0,0.0,4,0.0,0.0,39.85929692105995,0.0,0.0,0.0,0.0,0.0,False
2026-10-05T15:52:27.867132+00:00,1,2,8,10,656,740,0.0,0.0,0.0,0.0,4,0.0,0.0,39.85929692105995,0.0,0.0,0.0,0.0,0.0,False
2026-10-05T15:52:27.867132+00:00,1,3,122,123,11716,11758,4.982412115132494,4.982412115132494,0.003906211098263875,0.003906211098263875,4,0.0,0.0,39.85929692105995,0.0,0.0,0.0,0.0,0.0,False
2026-10-05T15:52:27.867132+00:00,2,4294967294,0,0,0,0,0.0,0.0,0.0,0.0,4,0.0,0.0,39.829282137709725,0.0,0.0,0.0,0.0,0.0,False
2026-10-05T15:52:27.867132+00:00,2,1,236,236,22776,22776,9.957320534427431,9.957320534427431,0.007806539298991106,0.007806539298991106,4,0.0,0.0,39.829282137709725,0.0,0.0,0.0,0.0,0.0,False
2026-10-05T15:52:27.867132+00:00,2,4,8,10,656,740,0.0,0.0,0.0,0.0,4,0.0,0.0,39.829282137709725,0.0,0.0,0.0,0.0,0.0,False
2026-10-05T15:52:27.867132+00:00,2,6,236,236,22776,22776,9.957320534427431,9.957320534427431,0.007806539298991106,0.007806539298991106,4,0.0,0.0,39.829282137709725,0.0,0.0,0.0,0.0,0.0,False
2026-10-05T15:52:27.867132+00:00,2,5,8,10,656,740,0.0,0.0,0.0,0.0,4,0.0,0.0,39.829282137709725,0.0,0.0,0.0,0.0,0.0,False
2026-10-05T15:52:27.867132+00:00,2,2,8,10,656,740,0.0,0.0,0.0,0.0,4,0.0,0.0,39.829282137709725,0.0,0.0,0.0,0.0,0.0,False
2026-10-05T15:52:27.867132+00:00,2,3,8,10,656,740,0.0,0.0,0.0,0.0,4,0.0,0.0,39.829282137709725,0.0,0.0,0.0,0.0,0.0,False
2026-10-05T15:52:27.867132+00:00,3,4294967294,0,0,0,0,0.0,0.0,0.0,0.0,4,0.0,0.0,39.83047290387832,0.0,0.0,0.0,0.0,0.0,False
2026-10-05T15:52:27.867132+00:00,3,1,236,236,22776,22776,9.95761822596958,9.95761822596958,0.00780677268916015,0.00780677268916015,4,0.0,0.0,39.83047290387832,0.0,0.0,0.0,0.0,0.0,False
2026-10-05T15:52:27.867132+00:00,3,2,236,236,22776,22776,9.95761822596958,9.95761822596958,0.00780677268916015,0.00780677268916015,4,0.0,0.0,39.83047290387832,0.0,0.0,0.0,0.0,0.0,False
2026-10-05T15:52:28.868687+00:00,1,4294967294,0,0,0,0,0.0,0.0,0.0,0.0,4,0.0,0.0,39.97278876386896,0.0,0.0,0.0,0.0,0.0,False
2026-10-05T15:52:28.868687+00:00,1,4,127,128,12206,12248,4.99659859548362,4.99659859548362,0.003917333298859158,0.003917333298859158,4,0.0,0.0,39.97278876386896,0.0,0.0,0.0,0.0,0.0,False
2026-10-05T15:52:28.868687+00:00,1,1,246,246,23756,23756,9.99319719096724,9.99319719096724,0.007834666597718316,0.007834666597718316,4,0.0,0.0,39.97278876386896,0.0,0.0,0.0,0.0,0.0,False
2026-10-05T15:52:28.868687+00:00,1,6,8,10,656,740,0.0,0.0,0.0,0.0,4,0.0,0.0,39.97278876386896,0.0,0.0,0.0,0.0,0.0,False
2026-10-05T15:52:28.868687+00:00,1,5,8,10,656,740,0.0,0.0,0.0,0.0,4,0.0,0.0,39.97278876386896,0.0,0.0,0.0,0.0,0.0,False
2026-10-05T15:52:28.868687+00:00,1,2,8,10,656,740,0.0,0.0,0.0,0.0,4,0.0,0.0,39.97278876386896,0.0,0.0,0.0,0.0,0.0,False
2026-10-05T15:52:28.868687+00:00,1,3,127,128,12206,12248,4.99659859548362,4.99659859548362,0.003917333298859158,0.003917333298859158,4,0.0,0.0,39.97278876386896,0.0,0.0,0.0,0.0,0.0,False
2026-10-05T15:52:28.868687+00:00,2,4294967294,0,0,0,0,0.0,0.0,0.0,0.0,4,0.0,0.0,39.99063795189829,0.0,0.0,0.0,0.0,0.0,False
2026-10-05T15:52:28.868687+00:00,2,1,246,246,23756,23756,9.997659487974573,9.997659487974573,0.007838165038572065,0.007838165038572065,4,0.0,0.0,39.99063795189829,0.0,0.0,0.0,0.0,0.0,False
2026-10-05T15:52:28.868687+00:00,2,4,8,10,656,740,0.0,0.0,0.0,0.0,4,0.0,0.0,39.99063795189829,0.0,0.0,0.0,0.0,0.0,False
2026-10-05T15:52:28.868687+00:00,2,6,246,246,23756,23756,9.997659487974573,9.997659487974573,0.007838165038572065,0.007838165038572065,4,0.0,0.0,39.99063795189829,0.0,0.0,0.0,0.0,0.0,False
2026-10-05T15:52:28.868687+00:00,2,5,8,10,656,740,0.0,0.0,0.0,0.0,4,0.0,0.0,39.99063795189829,0.0,0.0,0.0,0.0,0.0,False
2026-10-05T15:52:28.868687+00:00,2,2,8,10,656,740,0.0,0.0,0.0,0.0,4,0.0,0.0,39.99063795189829,0.0,0.0,0.0,0.0,0.0,False
2026-10-05T15:52:28.868687+00:00,2,3,8,10,656,740,0.0,0.0,0.0,0.0,4,0.0,0.0,39.99063795189829,0.0,0.0,0.0,0.0,0.0,False
2026-10-05T15:52:28.868687+00:00,3,4294967294,0,0,0,0,0.0,0.0,0.0,0.0,4,0.0,0.0,39.98672272860848,0.0,0.0,0.0,0.0,0.0,False
2026-10-05T15:52:28.868687+00:00,3,1,246,246,23756,23756,9.99668068215212,9.99668068215212,0.00783739765480726,0.00783739765480726,4,0.0,0.0,39.98672272860848,0.0,0.0,0.0,0.0,0.0,False
2026-10-05T15:52:28.868687+00:00,3,2,246,246,23756,23756,9.99668068215212,9.99668068215212,0.00783739765480726,0.00783739765480726,4,0.0,0.0,39.98672272860848,0.0,0.0,0.0,0.0,0.0,False
2026-10-05T15:52:29.870682+00:00,1,4294967294,0,0,0,0,0.0,0.0,0.0,0.0,4,0.0,0.0,39.87685814873328,0.0,0.0,0.0,0.0,0.0,False
2026-10-05T15:52:29.870682+00:00,1,4,132,133,12696,12738,4.98460726859166,4.98460726859166,0.003907932098575861,0.003907932098575861,4,0.0,0.0,39.87685814873328,0.0,0.0,0.0,0.0,0.0,False
2026-10-05T15:52:29.870682+00:00,1,1,256,256,24736,24736,9.96921453718332,9.96921453718332,0.007815864197151723,0.007815864197151723,4,0.0,0.0,39.87685814873328,0.0,0.0,0.0,0.0,0.0,False
2026-10-05T15:52:29.870682+00:00,1,6,8,10,656,740,0.0,0.0,0.0,0.0,4,0.0,0.0,39.87685814873328,0.0,0.0,0.0,0.0,0.0,False
2026-10-05T15:52:29.870682+00:00,1,5,8,10,656,740,0.0,0.0,0.0,0.0,4,0.0,0.0,39.87685814873328,0.0,0.0,0.0,0.0,0.0,False
2026-10-05T15:52:29.870682+00:00,1,2,8,10,656,740,0.0,0.0,0.0,0.0,4,0.0,0.0,39.87685814873328,0.0,0.0,0.0,0.0,0.0,False
2026-10-05T15:52:29.870682+00:00,1,3,132,133,12696,12738,4.98460726859166,4.98460726859166,0.003907932098575861,0.003907932098575861,4,0.0,0.0,39.87685814873328,0.0,0.0,0.0,0.0,0.0,False
2026-10-05T15:52:29.870682+00:00,2,4294967294,0,0,0,0,0.0,0.0,0.0,0.0,4,0.0,0.0,39.87897627976724,0.0,0.0,0.0,0.0,0.0,False
2026-10-05T15:52:29.870682+00:00,2,1,256,256,24736,24736,9.96974406994181,9.96974406994181,0.00781627935083438,0.00781627935083438,4,0.0,0.0,39.87897627976724,0.0,0.0,0.0,0.0,0.0,False
2026-10-05T15:52:29.870682+00:00,2,4,8,10,656,740,0.0,0.0,0.0,0.0,4,0.0,0.0,39.87897627976724,0.0,0.0,0.0,0.0,0.0,False
2026-10-05T15:52:29.870682+00:00,2,6,256,256,24736,24736,9.96974406994181,9.96974406994181,0.00781627935083438,0.00781627935083438,4,0.0,0.0,39.87897627976724,0.0,0.0,0.0,0.0,0.0,False
2026-10-05T15:52:29.870682+00:00,2,5,8,10,656,740,0.0,0.0,0.0,0.0,4,0.0,0.0,39.87897627976724,0.0,0.0,0.0,0.0,0.0,False
2026-10-05T15:52:29.870682+00:00,2,2,8,10,656,740,0.0,0.0,0.0,0.0,4,0.0,0.0,39.87897627976724,0.0,0.0,0.0,0.0,0.0,False
2026-10-05T15:52:29.870682+00:00,2,3,8,10,656,740,0.0,0.0,0.0,0.0,4,0.0,0.0,39.87897627976724,0.0,0.0,0.0,0.0,0.0,False
2026-10-05T15:52:29.870682+00:00,3,4294967294,0,0,0,0,0.0,0.0,0.0,0.0,4,0.0,0.0,39.87550285820302,0.0,0.0,0.0,0.0,0.0,False
2026-10-05T15:52:29.870682+00:00,3,1,256,256,24736,24736,9.968875714550755,9.968875714550755,0.007815598560207792,0.007815598560207792,4,0.0,0.0,39.87550285820302,0.0,0.0,0.0,0.0,0.0,False
2026-10-05T15:52:29.870682+00:00,3,2,256,256,24736,24736,9.968875714550755,9.968875714550755,0.007815598560207792,0.007815598560207792,4,0.0,0.0,39.87550285820302,0.0,0.0,0.0,0.0,0.0,False
2026-10-05T15:52:30.872918+00:00,1,4294967294,0,0,0,0,0.0,0.0,0.0,0.0,4,0.0,0.0,35.95962884396375,0.0,0.0,0.0,0.0,0.0,False
2026-10-05T15:52:30.872918+00:00,1,4,137,138,13186,13228,4.994392894994966,4.994392894994966,0.003915604029676053,0.003915604029676053,4,0.0,0.0,35.95962884396375,0.0,0.0,0.0,0.0,0.0,False
2026-10-05T15:52:30.872918+00:00,1,1,265,265,25618,25618,8.989907210990937,8.989907210990937,0.007048087253416895,0.007048087253416895,4,0.0,0.0,35.95962884396375,0.0,0.0,0.0,0.0,0.0,False
2026-10-05T15:52:30.872918+00:00,1,6,8,10,656,740,0.0,0.0,0.0,0.0,4,0.0,0.0,35.95962884396375,0.0,0.0,0.0,0.0,0.0,False
2026-10-05T15:52:30.872918+00:00,1,5,8,10,656,740,0.0,0.0,0.0,0.0,4,0.0,0.0,35.95962884396375,0.0,0.0,0.0,0.0,0.0,False
2026-10-05T15:52:30.872918+00:00,1,2,8,10,656,740,0.0,0.0,0.0,0.0,4,0.0,0.0,35.95962884396375,0.0,0.0,0.0,0.0,0.0,False
2026-10-05T15:52:30.872918+00:00,1,3,136,137,13088,13130,3.995514315995972,3.995514315995972,0.0031324832237408424,0.0031324832237408424,4,0.0,0.0,35.95962884396375,0.0,0.0,0.0,0.0,0.0,False
2026-10-05T15:52:30.872918+00:00,2,4294967294,0,0,0,0,0.0,0.0,0.0,0.0,4,0.0,0.0,35.9620872211836,0.0,0.0,0.0,0.0,0.0,False
2026-10-05T15:52:30.872918+00:00,2,1,265,265,25618,25618,8.9905218052959,8.9905218052959,0.007048569095351986,0.007048569095351986,4,0.0,0.0,35.9620872211836,0.0,0.0,0.0,0.0,0.0,False
2026-10-05T15:52:30.872918+00:00,2,4,8,10,656,740,0.0,0.0,0.0,0.0,4,0.0,0.0,35.9620872211836,0.0,0.0,0.0,0.0,0.0,False
2026-10-05T15:52:30.872918+00:00,2,6,265,265,25618,25618,8.9905218052959,8.9905218052959,0.007048569095351986,0.007048569095351986,4,0.0,0.0,35.9620872211836,0.0,0.0,0.0,0.0,0.0,False
2026-10-05T15:52:30.872918+00:00,2,5,8,10,656,740,0.0,0.0,0.0,0.0,4,0.0,0.0,35.9620872211836,0.0,0.0,0.0,0.0,0.0,False
2026-10-05T15:52:30.872918+00:00,2,2,8,10,656,740,0.0,0.0,0.0,0.0,4,0.0,0.0,35.9620872211836,0.0,0.0,0.0,0.0,0.0,False
2026-10-05T15:52:30.872918+00:00,2,3,8,10,656,740,0.0,0.0,0.0,0.0,4,0.0,0.0,35.9620872211836,0.0,0.0,0.0,0.0,0.0,False
2026-10-05T15:52:30.872918+00:00,3,4294967294,0,0,0,0,0.0,0.0,0.0,0.0,4,0.0,0.0,35.964564007235204,0.0,0.0,0.0,0.0,0.0,False
2026-10-05T15:52:30.872918+00:00,3,1,265,265,25618,25618,8.991141001808801,8.991141001808801,0.0070490545454181,0.0070490545454181,4,0.0,0.0,35.964564007235204,0.0,0.0,0.0,0.0,0.0,False
2026-10-05T15:52:30.872918+00:00,3,2,265,265,25618,25618,8.991141001808801,8.991141001808801,0.0070490545454181,0.0070490545454181,4,0.0,0.0,35.964564007235204,0.0,0.0,0.0,0.0,0.0,False
2026-10-05T15:52:31.874752+00:00,1,4294967294,0,0,0,0,0.0,0.0,0.0,0.0,4,0.0,0.9980634335660143,36.92834704194253,0.0,0.9980634335660143,0.0,0.0,0.0,False
2026-10-05T15:52:31.874752+00:00,1,4,141,143,13578,13690,3.9922537342640574,4.990317167830072,0.0031299269276630205,0.0036888424504599887,4,0.0,0.9980634335660143,36.92834704194253,0.0,0.9980634335660143,0.0,0.0,0.0,False
2026-10-05T15:52:31.874752+00:00,1,1,274,274,26500,26500,8.982570902094128,8.982570902094128,0.007042335587241797,0.007042335587241797,4,0.0,0.9980634335660143,36.92834704194253,0.0,0.9980634335660143,0.0,0.0,0.0,False
2026-10-05T15:52:31.874752+00:00,1,6,8,10,656,740,0.0,0.0,0.0,0.0,4,0.0,0.9980634335660143,36.92834704194253,0.0,0.9980634335660143,0.0,0.0,0.0,False
2026-10-05T15:52:31.874752+00:00,1,5,8,10,656,740,0.0,0.0,0.0,0.0,4,0.0,0.9980634335660143,36.92834704194253,0.0,0.9980634335660143,0.0,0.0,0.0,False
2026-10-05T15:52:31.874752+00:00,1,2,8,10,656,740,0.0,0.0,0.0,0.0,4,0.0,0.9980634335660143,36.92834704194253,0.0,0.9980634335660143,0.0,0.0,0.0,False
2026-10-05T15:52:31.874752+00:00,1,3,141,142,13578,13620,4.990317167830072,4.990317167830072,0.003912408659578776,0.003912408659578776,4,0.0,0.9980634335660143,36.92834704194253,0.0,0.9980634335660143,0.0,0.0,0.0,False
2026-10-05T15:52:31.874752+00:00,2,4294967294,0,0,0,0,0.0,0.0,0.0,0.0,4,0.0,0.0,36.93420422663206,0.0,0.0,0.0,0.0,0.0,False
2026-10-05T15:52:31.874752+00:00,2,1,274,274,26500,26500,8.983995622694284,8.983995622694284,0.007043452568192319,0.007043452568192319,4,0.0,0.0,36.93420422663206,0.0,0.0,0.0,0.0,0.0,False
2026-10-05T15:52:31.874752+00:00,2,4,8,10,656,740,0.0,0.0,0.0,0.0,4,0.0,0.0,36.93420422663206,0.0,0.0,0.0,0.0,0.0,False
2026-10-05T15:52:31.874752+00:00,2,6,274,275,26500,26570,8.983995622694284,9.982217358549205,0.007043452568192319,0.007602456740271074,4,0.0,0.0,36.93420422663206,0.0,0.0,0.0,0.0,0.0,False
2026-10-05T15:52:31.874752+00:00,2,5,8,10,656,740,0.0,0.0,0.0,0.0,4,0.0,0.0,36.93420422663206,0.0,0.0,0.0,0.0,0.0,False
2026-10-05T15:52:31.874752+00:00,2,2,8,10,656,740,0.0,0.0,0.0,0.0,4,0.0,0.0,36.93420422663206,0.0,0.0,0.0,0.0,0.0,False
2026-10-05T15:52:31.874752+00:00,2,3,8,10,656,740,0.0,0.0,0.0,0.0,4,0.0,0.0,36.93420422663206,0.0,0.0,0.0,0.0,0.0,False
2026-10-05T15:52:31.874752+00:00,3,4294967294,0,0,0,0,0.0,0.0,0.0,0.0,4,0.0,0.9983273484532703,35.93978454431773,0.0,0.9983273484532703,0.0,0.0,0.0,False
2026-10-05T15:52:31.874752+00:00,3,1,274,274,26500,26500,8.984946136079433,8.984946136079433,0.0070441977706862755,0.0070441977706862755,4,0.0,0.9983273484532703,35.93978454431773,0.0,0.9983273484532703,0.0,0.0,0.0,False
2026-10-05T15:52:31.874752+00:00,3,2,274,274,26500,26500,8.984946136079433,8.984946136079433,0.0070441977706862755,0.0070441977706862755,4,0.0,0.9983273484532703,35.93978454431773,0.0,0.9983273484532703,0.0,0.0,0.0,False
2026-10-05T15:52:32.876978+00:00,1,4294967294,0,0,0,0,0.0,0.0,0.0,0.0,4,0.0,2.991351712019109,41.87892396826753,0.0,2.991351712019109,0.0,0.0,0.0,False
2026-10-05T15:52:32.876978+00:00,1,4,146,148,14068,14180,4.985586186698515,4.985586186698515,0.003908699570371636,0.003908699570371636,4,0.0,2.991351712019109,41.87892396826753,0.0,2.991351712019109,0.0,0.0,0.0,False
2026-10-05T15:52:32.876978+00:00,1,1,285,285,27550,27550,10.968289610736733,10.968289610736733,0.008375784793653505,0.008375784793653505,4,0.0,2.991351712019109,41.87892396826753,0.0,2.991351712019109,0.0,0.0,0.0,False
2026-10-05T15:52:32.876978+00:00,1,6,8,10,656,740,0.0,0.0,0.0,0.0,4,0.0,2.991351712019109,41.87892396826753,0.0,2.991351712019109,0.0,0.0,0.0,False
2026-10-05T15:52:32.876978+00:00,1,5,8,10,656,740,0.0,0.0,0.0,0.0,4,0.0,2.991351712019109,41.87892396826753,0.0,2.991351712019109,0.0,0.0,0.0,False
2026-10-05T15:52:32.876978+00:00,1,2,8,10,656,740,0.0,0.0,0.0,0.0,4,0.0,2.991351712019109,41.87892396826753,0.0,2.991351712019109,0.0,0.0,0.0,False
2026-10-05T15:52:32.876978+00:00,1,3,146,147,14068,14110,4.985586186698515,4.985586186698515,0.003908699570371636,0.003908699570371636,4,0.0,2.991351712019109,41.87892396826753,0.0,2.991351712019109,0.0,0.0,0.0,False
2026-10-05T15:52:32.876978+00:00,2,4294967294,0,0,0,0,0.0,0.0,0.0,0.0,4,0.0,0.9969557040364252,40.87518386549343,0.0,0.9969557040364252,0.0,0.0,0.0,False
2026-10-05T15:52:32.876978+00:00,2,1,284,284,27480,27480,9.969557040364252,9.969557040364252,0.007816132719645574,0.007816132719645574,4,0.0,0.9969557040364252,40.87518386549343,0.0,0.9969557040364252,0.0,0.0,0.0,False
2026-10-05T15:52:32.876978+00:00,2,4,8,10,656,740,0.0,0.0,0.0,0.0,4,0.0,0.9969557040364252,40.87518386549343,0.0,0.9969557040364252,0.0,0.0,0.0,False
2026-10-05T15:52:32.876978+00:00,2,6,284,285,27480,27550,9.969557040364252,9.969557040364252,0.007816132719645574,0.007816132719645574,4,0.0,0.9969557040364252,40.87518386549343,0.0,0.9969557040364252,0.0,0.0,0.0,False
2026-10-05T15:52:32.876978+00:00,2,5,8,11,656,810,0.0,0.9969557040364252,0.0,0.0005582951942603981,4,0.0,0.9969557040364252,40.87518386549343,0.0,0.9969557040364252,0.0,0.0,0.0,False
2026-10-05T15:52:32.876978+00:00,2,2,8,10,656,740,0.0,0.0,0.0,0.0,4,0.0,0.9969557040364252,40.87518386549343,0.0,0.9969557040364252,0.0,0.0,0.0,False
2026-10-05T15:52:32.876978+00:00,2,3,8,10,656,740,0.0,0.0,0.0,0.0,4,0.0,0.9969557040364252,40.87518386549343,0.0,0.9969557040364252,0.0,0.0,0.0,False
2026-10-05T15:52:32.876978+00:00,3,4294967294,0,0,0,0,0.0,0.0,0.0,0.0,4,0.0,0.0,41.87170442752273,0.0,0.0,0.0,0.0,0.0,False
2026-10-05T15:52:32.876978+00:00,3,1,285,285,27550,27550,10.966398778636906,10.966398778636906,0.008374340885504546,0.008374340885504546,4,0.0,0.0,41.87170442752273,0.0,0.0,0.0,0.0,0.0,False
2026-10-05T15:52:32.876978+00:00,3,2,284,284,27480,27480,9.96945343512446,9.96945343512446,0.007816051493137577,0.007816051493137577,4,0.0,0.0,41.87170442752273,0.0,0.0,0.0,0.0,0.0,False
2026-10-05T15:52:33.878578+00:00,1,4294967294,0,0,0,0,0.0,0.0,0.0,0.0,4,0.0,0.0,43.93229098227324,0.0,0.0,0.0,0.0,0.0,False
2026-10-05T15:52:33.878578+00:00,1,4,152,153,14628,14670,5.990766952128169,4.992305793440141,0.004473105990922366,0.00391396774205707,4,0.0,0.0,43.93229098227324,0.0,0.0,0.0,0.0,0.0,False
2026-10-05T15:52:33.878578+00:00,1,1,295,295,28530,28530,9.984611586880282,9.984611586880282,0.00782793548411414,0.00782793548411414,4,0.0,0.0,43.93229098227324,0.0,0.0,0.0,0.0,0.0,False
2026-10-05T15:52:33.878578+00:00,1,6,9,10,726,740,0.9984611586880282,0.0,0.0005591382488652957,0.0,4,0.0,0.0,43.93229098227324,0.0,0.0,0.0,0.0,0.0,False
2026-10-05T15:52:33.878578+00:00,1,5,8,11,656,810,0.0,0.9984611586880282,0.0,0.0005591382488652957,4,0.0,0.0,43.93229098227324,0.0,0.0,0.0,0.0,0.0,False
2026-10-05T15:52:33.878578+00:00,1,2,8,10,656,740,0.0,0.0,0.0,0.0,4,0.0,0.0,43.93229098227324,0.0,0.0,0.0,0.0,0.0,False
2026-10-05T15:52:33.878578+00:00,1,3,152,152,14628,14600,5.990766952128169,4.992305793440141,0.004473105990922366,0.00391396774205707,4,0.0,0.0,43.93229098227324,0.0,0.0,0.0,0.0,0.0,False
2026-10-05T15:52:33.878578+00:00,2,4294967294,0,0,0,0,0.0,0.0,0.0,0.0,4,0.0,0.998444019849321,41.93464883367148,0.0,0.998444019849321,0.0,0.0,0.0,False
2026-10-05T15:52:33.878578+00:00,2,1,294,294,28460,28460,9.98444019849321,9.98444019849321,0.007827801115618677,0.007827801115618677,4,0.0,0.998444019849321,41.93464883367148,0.0,0.998444019849321,0.0,0.0,0.0,False
2026-10-05T15:52:33.878578+00:00,2,4,8,11,656,810,0.0,0.998444019849321,0.0,0.0005591286511156197,4,0.0,0.998444019849321,41.93464883367148,0.0,0.998444019849321,0.0,0.0,0.0,False
2026-10-05T15:52:33.878578+00:00,2,6,294,295,28460,28530,9.98444019849321,9.98444019849321,0.007827801115618677,0.007827801115618677,4,0.0,0.998444019849321,41.93464883367148,0.0,0.998444019849321,0.0,0.0,0.0,False
2026-10-05T15:52:33.878578+00:00,2,5,8,11,656,810,0.0,0.0,0.0,0.0,4,0.0,0.998444019849321,41.93464883367148,0.0,0.998444019849321,0.0,0.0,0.0,False
2026-10-05T15:52:33.878578+00:00,2,2,9,10,726,740,0.998444019849321,0.0,0.0005591286511156197,0.0,4,0.0,0.998444019849321,41.93464883367148,0.0,0.998444019849321,0.0,0.0,0.0,False
2026-10-05T15:52:33.878578+00:00,2,3,8,10,656,740,0.0,0.0,0.0,0.0,4,0.0,0.998444019849321,41.93464883367148,0.0,0.998444019849321,0.0,0.0,0.0,False
2026-10-05T15:52:33.878578+00:00,3,4294967294,0,0,0,0,0.0,0.0,0.0,0.0,4,0.0,0.9983480883286056,39.933923533144224,0.0,0.9983480883286056,0.0,0.0,0.0,False
2026-10-05T15:52:33.878578+00:00,3,1,295,295,28530,28530,9.983480883286056,9.983480883286056,0.007827049012496267,0.007827049012496267,4,0.0,0.9983480883286056,39.933923533144224,0.0,0.9983480883286056,0.0,0.0,0.0,False
2026-10-05T15:52:33.878578+00:00,3,2,294,294,28460,28460,9.983480883286056,9.983480883286056,0.007827049012496267,0.007827049012496267,4,0.0,0.9983480883286056,39.933923533144224,0.0,0.9983480883286056,0.0,0.0,0.0,False
2026-10-05T15:52:34.880449+00:00,1,4294967294,0,0,0,0,0.0,0.0,0.0,0.0,4,0.0,15.969142235603972,39.922855589009934,0.0,15.969142235603972,0.0,0.0,0.0,False
2026-10-05T15:52:34.880449+00:00,1,4,157,158,15118,15160,4.990356948626242,4.990356948626242,0.003912439847722974,0.003912439847722974,4,0.0,15.969142235603972,39.922855589009934,0.0,15.969142235603972,0.0,0.0,0.0,False
2026-10-05T15:52:34.880449+00:00,1,1,305,305,29510,29510,9.980713897252484,9.980713897252484,0.007824879695445947,0.007824879695445947,4,0.0,15.969142235603972,39.922855589009934,0.0,15.969142235603972,0.0,0.0,0.0,False
2026-10-05T15:52:34.880449+00:00,1,6,9,10,726,740,0.0,0.0,0.0,0.0,4,0.0,15.969142235603972,39.922855589009934,0.0,15.969142235603972,0.0,0.0,0.0,False
2026-10-05T15:52:34.880449+00:00,1,5,8,11,656,810,0.0,0.0,0.0,0.0,4,0.0,15.969142235603972,39.922855589009934,0.0,15.969142235603972,0.0,0.0,0.0,False
2026-10-05T15:52:34.880449+00:00,1,2,8,10,656,740,0.0,0.0,0.0,0.0,4,0.0,15.969142235603972,39.922855589009934,0.0,15.969142235603972,0.0,0.0,0.0,False
2026-10-05T15:52:34.880449+00:00,1,3,157,157,15118,15090,4.990356948626242,4.990356948626242,0.003912439847722974,0.003912439847722974,4,0.0,15.969142235603972,39.922855589009934,0.0,15.969142235603972,0.0,0.0,0.0,False
2026-10-05T15:52:34.880449+00:00,2,4294967294,0,0,0,0,0.0,0.0,0.0,0.0,4,0.0,36.924396154175454,42.91213607106877,0.0,36.924396154175454,0.0,0.0,0.0,False
2026-10-05T15:52:34.880449+00:00,2,1,304,305,29440,29510,9.979566528155528,10.977523180971081,0.007823980158073935,0.008382835883650646,4,0.0,36.924396154175454,42.91213607106877,0.0,36.924396154175454,0.0,0.0,0.0,False
2026-10-05T15:52:34.880449+00:00,2,4,9,11,726,810,0.9979566528155529,0.0,0.0005588557255767095,0.0,4,0.0,36.924396154175454,42.91213607106877,0.0,36.924396154175454,0.0,0.0,0.0,False
2026-10-05T15:52:34.880449+00:00,2,6,304,305,29440,29510,9.979566528155528,9.979566528155528,0.007823980158073935,0.007823980158073935,4,0.0,36.924396154175454,42.91213607106877,0.0,36.924396154175454,0.0,0.0,0.0,False
2026-10-05T15:52:34.880449+00:00,2,5,8,11,656,810,0.0,0.0,0.0,0.0,4,0.0,36.924396154175454,42.91213607106877,0.0,36.924396154175454,0.0,0.0,0.0,False
2026-10-05T15:52:34.880449+00:00,2,2,9,10,726,740,0.0,0.0,0.0,0.0,4,0.0,36.924396154175454,42.91213607106877,0.0,36.924396154175454,0.0,0.0,0.0,False
2026-10-05T15:52:34.880449+00:00,2,3,8,11,656,810,0.0,0.9979566528155529,0.0,0.0005588557255767095,4,0.0,36.924396154175454,42.91213607106877,0.0,36.924396154175454,0.0,0.0,0.0,False
2026-10-05T15:52:34.880449+00:00,3,4294967294,0,0,0,0,0.0,0.0,0.0,0.0,4,0.0,19.958992174777748,40.91593395829438,0.0,19.958992174777748,0.0,0.0,0.0,False
2026-10-05T15:52:34.880449+00:00,3,1,305,305,29510,29510,9.979496087388874,9.979496087388874,0.007823924932512877,0.007823924932512877,4,0.0,19.958992174777748,40.91593395829438,0.0,19.958992174777748,0.0,0.0,0.0,False
2026-10-05T15:52:34.880449+00:00,3,2,305,304,29510,29440,10.977445696127761,9.979496087388874,0.008382776713406655,0.007823924932512877,4,0.0,19.958992174777748,40.91593395829438,0.0,19.958992174777748,0.0,0.0,0.0,False
2026-10-05T15:52:35.882041+00:00,1,4294967294,0,0,0,0,0.0,0.0,0.0,0.0,6,1.9966456512691737,0.0,3996.2862710152513,1.9966456512691737,0.0,421.6411698651511,2.595063082564217,-0.38167977908030093,True
2026-10-05T15:52:35.882041+00:00,1,4,162,164,15608,15692,4.991614128172934,5.989936953807521,0.00391342547648758,0.004248861945900802,6,1.9966456512691737,0.0,3996.2862710152513,1.9966456512691737,0.0,421.6411698651511,2.595063082564217,-0.38167977908030093,True
2026-10-05T15:52:35.882041+00:00,1,1,975,1634,68754,101704,668.8762931751731,1326.771035268366,0.31342544775362985,0.5765833445909069,6,1.9966456512691737,0.0,3996.2862710152513,1.9966456512691737,0.0,421.6411698651511,2.595063082564217,-0.38167977908030093,True
2026-10-05T15:52:35.882041+00:00,1,6,9,11,726,782,0.0,0.9983228256345869,0.0,0.0003354364694132212,6,1.9966456512691737,0.0,3996.2862710152513,1.9966456512691737,0.0,421.6411698651511,2.595063082564217,-0.38167977908030093,True
2026-10-05T15:52:35.882041+00:00,1,5,9,12,726,852,0.9983228256345869,0.9983228256345869,0.0005590607823553685,0.0003354364694132212,6,1.9966456512691737,0.0,3996.2862710152513,1.9966456512691737,0.0,421.6411698651511,2.595063082564217,-0.38167977908030093,True
2026-10-05T15:52:35.882041+00:00,1,2,1327,670,71870,39004,1316.78780701202,658.8930649188273,0.5687564936379318,0.30559859680065465,6,1.9966456512691737,0.0,3996.2862710152513,1.9966456512691737,0.0,421.6411698651511,2.595063082564217,-0.38167977908030093,True
2026-10-05T15:52:35.882041+00:00,1,3,162,163,15608,15622,4.991614128172934,5.989936953807521,0.00391342547648758,0.004248861945900802,6,1.9966456512691737,0.0,3996.2862710152513,1.9966456512691737,0.0,421.6411698651511,2.595063082564217,-0.38167977908030093,True
2026-10-05T15:52:35.882041+00:00,2,4294967294,0,0,0,0,0.0,0.0,0.0,0.0,6,1.9976853419280574,1.9976853419280574,4001.3637398818987,1.9976853419280574,1.9976853419280574,410.0438479733669,2.5965110753779737,-0.10772712002546271,True
2026-10-05T15:52:35.882041+00:00,2,1,1634,975,101688,68754,1328.460752382158,669.2245895458992,0.5773150823344732,0.3135886542344987,6,1.9976853419280574,1.9976853419280574,4001.3637398818987,1.9976853419280574,1.9976853419280574,410.0438479733669,2.5965110753779737,-0.10772712002546271,True
2026-10-05T15:52:35.882041+00:00,2,4,9,12,726,852,0.0,0.9988426709640287,0.0,0.0003356111374439136,6,1.9976853419280574,1.9976853419280574,4001.3637398818987,1.9976853419280574,1.9976853419280574,410.0438479733669,2.5965110753779737,-0.10772712002546271,True
2026-10-05T15:52:35.882041+00:00,2,6,975,1636,68742,101812,670.2234322168632,1329.459595053122,0.31405211723382603,0.5777465823683297,6,1.9976853419280574,1.9976853419280574,4001.3637398818987,1.9976853419280574,1.9976853419280574,410.0438479733669,2.5965110753779737,-0.10772712002546271,True
2026-10-05T15:52:35.882041+00:00,2,5,8,12,656,852,0.0,0.9988426709640287,0.0,0.0003356111374439136,6,1.9976853419280574,1.9976853419280574,4001.3637398818987,1.9976853419280574,1.9976853419280574,410.0438479733669,2.5965110753779737,-0.10772712002546271,True
2026-10-05T15:52:35.882041+00:00,2,2,9,11,726,782,0.0,0.9988426709640287,0.0,0.0003356111374439136,6,1.9976853419280574,1.9976853419280574,4001.3637398818987,1.9976853419280574,1.9976853419280574,410.0438479733669,2.5965110753779737,-0.10772712002546271,True
2026-10-05T15:52:35.882041+00:00,2,3,8,12,656,852,0.0,0.9988426709640287,0.0,0.0003356111374439136,6,1.9976853419280574,1.9976853419280574,4001.3637398818987,1.9976853419280574,1.9976853419280574,410.0438479733669,2.5965110753779737,-0.10772712002546271,True
2026-10-05T15:52:35.882041+00:00,3,4294967294,0,0,0,0,0.0,0.0,0.0,0.0,6,1.9976484661179974,0.0,3993.2992837698766,1.9976484661179974,0.0,511.21817319060216,2.5964597178828264,-0.3116241221865166,True
2026-10-05T15:52:35.882041+00:00,3,1,1634,975,101704,68754,1327.4374057354091,669.2122361495291,0.5768729334516908,0.3135828656173387,6,1.9976484661179974,0.0,3993.2992837698766,1.9976484661179974,0.0,511.21817319060216,2.5964597178828264,-0.3116241221865166,True
2026-10-05T15:52:35.882041+00:00,3,2,975,1633,68754,101634,669.2122361495291,1327.4374057354091,0.3135828656173387,0.5768729334516908,6,1.9976484661179974,0.0,3993.2992837698766,1.9976484661179974,0.0,511.21817319060216,2.5964597178828264,-0.3116241221865166,True
2026-10-05T15:52:36.886354+00:00,1,4294967294,0,0,0,0,0.0,0.0,0.0,0.0,6,0.0,0.0,5314.3317538331185,0.0,0.0,562.1264057367853,-0.18569533817705186,-0.38167977908030093,True
2026-10-05T15:52:36.886354+00:00,1,4,167,169,16098,16182,4.981563323803074,4.981563323803074,0.0039055456458616097,0.0039055456458616097,6,0.0,0.0,5314.3317538331185,0.0,0.0,562.1264057367853,-0.18569533817705186,-0.38167977908030093,True
2026-10-05T15:52:36.886354+00:00,1,1,1867,3408,120890,197940,888.7108969664682,1767.4586672853304,0.41555005671967526,0.7670491648472201,6,0.0,0.0,5314.3317538331185,0.0,0.0,562.1264057367853,-0.18569533817705186,-0.38167977908030093,True
2026-10-05T15:52:36.886354+00:00,1,6,9,12,726,852,0.0,0.9963126647606146,0.0,0.0005579350922659443,6,0.0,0.0,5314.3317538331185,0.0,0.0,562.1264057367853,-0.18569533817705186,-0.38167977908030093,True
2026-10-05T15:52:36.886354+00:00,1,5,9,12,726,852,0.0,0.0,0.0,0.0,6,0.0,0.0,5314.3317538331185,0.0,0.0,562.1264057367853,-0.18569533817705186,-0.38167977908030093,True
2026-10-05T15:52:36.886354+00:00,1,2,3091,1552,167126,90160,1757.4955406377242,878.7477703188621,0.7592380735554969,0.407738965427952,6,0.0,0.0,5314.3317538331185,0.0,0.0,562.1264057367853,-0.18569533817705186,-0.38167977908030093,True
2026-10-05T15:52:36.886354+00:00,1,3,167,169,16098,16182,4.981563323803074,5.977875988563688,0.0039055456458616097,0.0044634807381275544,6,0.0,0.0,5314.3317538331185,0.0,0.0,562.1264057367853,-0.18569533817705186,-0.38167977908030093,True
2026-10-05T15:52:36.886354+00:00,2,4294967294,0,0,0,0,0.0,0.0,0.0,0.0,6,0.0,0.0,5306.43077976677,0.0,0.0,545.1485289715008,-0.18569533817705186,-0.34744897474952685,True
2026-10-05T15:52:36.886354+00:00,2,1,3407,1867,197870,120890,1764.8286949027356,887.8889993532093,0.7659097734151603,0.415165747715506,6,0.0,0.0,5306.43077976677,0.0,0.0,545.1485289715008,-0.18569533817705186,-0.34744897474952685,True
2026-10-05T15:52:36.886354+00:00,2,4,9,12,726,852,0.0,0.0,0.0,0.0,6,0.0,0.0,5306.43077976677,0.0,0.0,545.1485289715008,-0.18569533817705186,-0.34744897474952685,True
2026-10-05T15:52:36.886354+00:00,2,6,1867,3408,120890,197940,887.8889993532093,1763.8333036478552,0.41526130527597455,0.7654797643930521,6,0.0,0.0,5306.43077976677,0.0,0.0,545.1485289715008,-0.18569533817705186,-0.34744897474952685,True
2026-10-05T15:52:36.886354+00:00,2,5,9,12,726,852,0.9953912548802796,0.0,0.0005574191027329566,0.0,6,0.0,0.0,5306.43077976677,0.0,0.0,545.1485289715008,-0.18569533817705186,-0.34744897474952685,True
2026-10-05T15:52:36.886354+00:00,2,2,9,12,726,852,0.0,0.9953912548802796,0.0,0.0005574191027329566,6,0.0,0.0,5306.43077976677,0.0,0.0,545.1485289715008,-0.18569533817705186,-0.34744897474952685,True
2026-10-05T15:52:36.886354+00:00,2,3,8,12,656,852,0.0,0.0,0.0,0.0,6,0.0,0.0,5306.43077976677,0.0,0.0,545.1485289715008,-0.18569533817705186,-0.34744897474952685,True
2026-10-05T15:52:36.886354+00:00,3,4294967294,0,0,0,0,0.0,0.0,0.0,0.0,6,0.0,0.0,5308.1858486711235,0.0,0.0,681.2036277349011,-0.18569533817705186,-0.3116241221865166,True
2026-10-05T15:52:36.886354+00:00,3,1,3408,1867,197940,120890,1766.0768371235133,888.0160872120483,0.7664494723671631,0.41522517240257717,6,0.0,0.0,5308.1858486711235,0.0,0.0,681.2036277349011,-0.18569533817705186,-0.3116241221865166,True
2026-10-05T15:52:36.886354+00:00,3,2,1867,3407,120890,197870,888.0160872120483,1766.0768371235133,0.41522517240257717,0.7664494723671631,6,0.0,0.0,5308.1858486711235,0.0,0.0,681.2036277349011,-0.18569533817705186,-0.3116241221865166,True
2026-10-05T15:52:37.888330+00:00,1,4294967294,0,0,0,0,0.0,0.0,0.0,0.0,6,0.0,0.0,5289.119630369513,0.0,0.0,559.4391455793914,-0.18569533817705186,-0.38167977908030093,True
2026-10-05T15:52:37.888330+00:00,1,4,172,174,16588,16672,4.989735500348598,4.989735500348598,0.0039119526322733,0.0039119526322733,6,0.0,0.0,5289.119630369513,0.0,0.0,559.4391455793914,-0.18569533817705186,-0.38167977908030093,True
2026-10-05T15:52:37.888330+00:00,1,1,2754,5171,172720,293570,885.1790777618412,1759.3807374229154,0.4137887855729085,0.7634694494373382,6,0.0,0.0,5289.119630369513,0.0,0.0,559.4391455793914,-0.18569533817705186,-0.38167977908030093,True
2026-10-05T15:52:37.888330+00:00,1,6,9,12,726,852,0.0,0.0,0.0,0.0,6,0.0,0.0,5289.119630369513,0.0,0.0,559.4391455793914,-0.18569533817705186,-0.38167977908030093,True
2026-10-05T15:52:37.888330+00:00,1,5,9,12,726,852,0.0,0.0,0.0,0.0,6,0.0,0.0,5289.119630369513,0.0,0.0,559.4391455793914,-0.18569533817705186,-0.38167977908030093,True
2026-10-05T15:52:37.888330+00:00,1,2,4843,2428,261734,140968,1748.4033193221485,874.2016596610742,0.7553102339471681,0.4056295700827385,6,0.0,0.0,5289.119630369513,0.0,0.0,559.4391455793914,-0.18569533817705186,-0.38167977908030093,True
2026-10-05T15:52:37.888330+00:00,1,3,173,175,16630,16714,5.987682600418316,5.987682600418316,0.004247262857896726,0.004247262857896726,6,0.0,0.0,5289.119630369513,0.0,0.0,559.4391455793914,-0.18569533817705186,-0.38167977908030093,True
2026-10-05T15:52:37.888330+00:00,2,4294967294,0,0,0,0,0.0,0.0,0.0,0.0,6,0.0,0.0,5294.097081720034,0.0,0.0,543.8717054143918,-0.18569533817705186,-0.34744897474952685,True
2026-10-05T15:52:37.888330+00:00,2,1,5170,2754,293500,172720,1761.036444353287,886.0120965067302,0.7641879304526594,0.41417819131403677,6,0.0,0.0,5294.097081720034,0.0,0.0,543.8717054143918,-0.18569533817705186,-0.34744897474952685,True
2026-10-05T15:52:37.888330+00:00,2,4,9,12,726,852,0.0,0.0,0.0,0.0,6,0.0,0.0,5294.097081720034,0.0,0.0,543.8717054143918,-0.18569533817705186,-0.34744897474952685,True
2026-10-05T15:52:37.888330+00:00,2,6,2754,5171,172720,293570,886.0120965067302,1761.036444353287,0.41417819131403677,0.7641879304526594,6,0.0,0.0,5294.097081720034,0.0,0.0,543.8717054143918,-0.18569533817705186,-0.34744897474952685,True
2026-10-05T15:52:37.888330+00:00,2,5,9,12,726,852,0.0,0.0,0.0,0.0,6,0.0,0.0,5294.097081720034,0.0,0.0,543.8717054143918,-0.18569533817705186,-0.34744897474952685,True
2026-10-05T15:52:37.888330+00:00,2,2,9,12,726,852,0.0,0.0,0.0,0.0,6,0.0,0.0,5294.097081720034,0.0,0.0,543.8717054143918,-0.18569533817705186,-0.34744897474952685,True
2026-10-05T15:52:37.888330+00:00,2,3,8,12,656,852,0.0,0.0,0.0,0.0,6,0.0,0.0,5294.097081720034,0.0,0.0,543.8717054143918,-0.18569533817705186,-0.34744897474952685,True
2026-10-05T15:52:37.888330+00:00,3,4294967294,0,0,0,0,0.0,0.0,0.0,0.0,6,0.0,0.0,5293.6072493164465,0.0,0.0,679.3189405656242,-0.18569533817705186,-0.3116241221865166,True
2026-10-05T15:52:37.888330+00:00,3,1,5171,2754,293570,172720,1760.8735057631877,885.9301188950354,0.7641172245315196,0.41413986978425876,6,0.0,0.0,5293.6072493164465,0.0,0.0,679.3189405656242,-0.18569533817705186,-0.3116241221865166,True
2026-10-05T15:52:37.888330+00:00,3,2,2754,5170,172720,293500,885.9301188950354,1760.8735057631877,0.41413986978425876,0.7641172245315196,6,0.0,0.0,5293.6072493164465,0.0,0.0,679.3189405656242,-0.18569533817705186,-0.3116241221865166,True
2026-10-05T15:52:38.889818+00:00,1,4294967294,0,0,0,0,0.0,0.0,0.0,0.0,6,0.0,0.9987220701978762,5421.063397034072,0.0,0.9987220701978762,573.5025079013302,-0.18569533817705186,-0.21075893113099042,True
2026-10-05T15:52:38.889818+00:00,1,4,177,179,17078,17162,4.993610350989381,4.993610350989381,0.003914990515175675,0.003914990515175675,6,0.0,0.9987220701978762,5421.063397034072,0.0,0.9987220701978762,573.5025079013302,-0.18569533817705186,-0.21075893113099042,True
2026-10-05T15:52:38.889818+00:00,1,1,3662,6977,225784,391534,906.8396397396716,1803.6920587773645,0.4239695034638408,0.782710471078918,6,0.0,0.9987220701978762,5421.063397034072,0.0,0.9987220701978762,573.5025079013302,-0.18569533817705186,-0.21075893113099042,True
2026-10-05T15:52:38.889818+00:00,1,6,9,12,726,852,0.0,0.0,0.0,0.0,6,0.0,0.9987220701978762,5421.063397034072,0.0,0.9987220701978762,573.5025079013302,-0.18569533817705186,-0.21075893113099042,True
2026-10-05T15:52:38.889818+00:00,1,5,9,12,726,852,0.0,0.0,0.0,0.0,6,0.0,0.9987220701978762,5421.063397034072,0.0,0.9987220701978762,573.5025079013302,-0.18569533817705186,-0.21075893113099042,True
2026-10-05T15:52:38.889818+00:00,1,2,6639,3326,358718,193052,1793.7048380753856,896.8524190376928,0.7748804900485666,0.4161395224334895,6,0.0,0.9987220701978762,5421.063397034072,0.0,0.9987220701978762,573.5025079013302,-0.18569533817705186,-0.21075893113099042,True
2026-10-05T15:52:38.889818+00:00,1,3,178,180,17120,17204,4.993610350989381,4.993610350989381,0.003914990515175675,0.003914990515175675,6,0.0,0.9987220701978762,5421.063397034072,0.0,0.9987220701978762,573.5025079013302,-0.18569533817705186,-0.21075893113099042,True
2026-10-05T15:52:38.889818+00:00,2,4294967294,0,0,0,0,0.0,0.0,0.0,0.0,6,0.0,1.9967401001522276,5419.1526318131455,0.0,1.9967401001522276,556.8178527662294,-0.18569533817705186,-0.10784054885577384,True
2026-10-05T15:52:38.889818+00:00,2,1,6976,3662,391464,225784,1803.0563104374614,906.5200054691113,0.7824345886852513,0.4238200666979112,6,0.0,1.9967401001522276,5419.1526318131455,0.0,1.9967401001522276,556.8178527662294,-0.18569533817705186,-0.10784054885577384,True
2026-10-05T15:52:38.889818+00:00,2,4,9,12,726,852,0.0,0.0,0.0,0.0,6,0.0,1.9967401001522276,5419.1526318131455,0.0,1.9967401001522276,556.8178527662294,-0.18569533817705186,-0.10784054885577384,True
2026-10-05T15:52:38.889818+00:00,2,6,3662,6977,225784,391534,906.5200054691113,1803.0563104374614,0.4238200666979112,0.7824345886852513,6,0.0,1.9967401001522276,5419.1526318131455,0.0,1.9967401001522276,556.8178527662294,-0.18569533817705186,-0.10784054885577384,True
2026-10-05T15:52:38.889818+00:00,2,5,9,12,726,852,0.0,0.0,0.0,0.0,6,0.0,1.9967401001522276,5419.1526318131455,0.0,1.9967401001522276,556.8178527662294,-0.18569533817705186,-0.10784054885577384,True
2026-10-05T15:52:38.889818+00:00,2,2,9,12,726,852,0.0,0.0,0.0,0.0,6,0.0,1.9967401001522276,5419.1526318131455,0.0,1.9967401001522276,556.8178527662294,-0.18569533817705186,-0.10784054885577384,True
2026-10-05T15:52:38.889818+00:00,2,3,8,12,656,852,0.0,0.0,0.0,0.0,6,0.0,1.9967401001522276,5419.1526318131455,0.0,1.9967401001522276,556.8178527662294,-0.18569533817705186,-0.10784054885577384,True
2026-10-05T15:52:38.889818+00:00,3,4294967294,0,0,0,0,0.0,0.0,0.0,0.0,6,0.0,0.0,5419.487107589431,0.0,0.0,695.5923937270475,-0.18569533817705186,-0.3116241221865166,True
2026-10-05T15:52:38.889818+00:00,3,1,6977,3662,391534,225784,1803.167596961406,906.5759568333093,0.7824828813675623,0.4238462253163236,6,0.0,0.0,5419.487107589431,0.0,0.0,695.5923937270475,-0.18569533817705186,-0.3116241221865166,True
2026-10-05T15:52:38.889818+00:00,3,2,3662,6976,225784,391464,906.5759568333093,1803.167596961406,0.4238462253163236,0.7824828813675623,6,0.0,0.0,5419.487107589431,0.0,0.0,695.5923937270475,-0.18569533817705186,-0.3116241221865166,True
2026-10-05T15:52:39.891309+00:00,1,4294967294,0,0,0,0,0.0,0.0,0.0,0.0,6,0.0,0.0,5416.137774483434,0.0,0.0,572.9775053465158,-0.18569533817705186,-0.38167977908030093,True
2026-10-05T15:52:39.891309+00:00,1,4,182,184,17568,17652,4.987235519782168,4.987235519782168,0.00390999264750922,0.00390999264750922,6,0.0,0.0,5416.137774483434,0.0,0.0,572.9775053465158,-0.18569533817705186,-0.38167977908030093,True
2026-10-05T15:52:39.891309+00:00,1,1,4570,8783,278848,489498,905.6819703924417,1801.389469745319,0.4234282649947535,0.7817112647359044,6,0.0,0.0,5416.137774483434,0.0,0.0,572.9775053465158,-0.18569533817705186,-0.38167977908030093,True
2026-10-05T15:52:39.891309+00:00,1,6,9,12,726,852,0.0,0.0,0.0,0.0,6,0.0,0.0,5416.137774483434,0.0,0.0,572.9775053465158,-0.18569533817705186,-0.38167977908030093,True
2026-10-05T15:52:39.891309+00:00,1,5,9,12,726,852,0.0,0.0,0.0,0.0,6,0.0,0.0,5416.137774483434,0.0,0.0,572.9775053465158,-0.18569533817705186,-0.38167977908030093,True
2026-10-05T15:52:39.891309+00:00,1,2,8436,4225,455772,245206,1792.412445809711,896.7049464568338,0.7744498498191016,0.4161668500779507,6,0.0,0.0,5416.137774483434,0.0,0.0,572.9775053465158,-0.18569533817705186,-0.38167977908030093,True
2026-10-05T15:52:39.891309+00:00,1,3,183,185,17610,17694,4.987235519782168,4.987235519782168,0.00390999264750922,0.00390999264750922,6,0.0,0.0,5416.137774483434,0.0,0.0,572.9775053465158,-0.18569533817705186,-0.38167977908030093,True
2026-10-05T15:52:39.891309+00:00,2,4294967294,0,0,0,0,0.0,0.0,0.0,0.0,6,0.0,0.0,5421.257560790825,0.0,0.0,557.0357616930215,-0.18569533817705186,-0.34744897474952685,True
2026-10-05T15:52:39.891309+00:00,2,1,8783,4570,489498,278848,1804.0906836738527,906.5380967215597,0.7830093019735805,0.42382852479676514,6,0.0,0.0,5421.257560790825,0.0,0.0,557.0357616930215,-0.18569533817705186,-0.34744897474952685,True
2026-10-05T15:52:39.891309+00:00,2,4,9,12,726,852,0.0,0.0,0.0,0.0,6,0.0,0.0,5421.257560790825,0.0,0.0,557.0357616930215,-0.18569533817705186,-0.34744897474952685,True
2026-10-05T15:52:39.891309+00:00,2,6,4570,8783,278848,489498,906.5380967215597,1803.0922936994898,0.42382852479676514,0.7824502035879372,6,0.0,0.0,5421.257560790825,0.0,0.0,557.0357616930215,-0.18569533817705186,-0.34744897474952685,True
2026-10-05T15:52:39.891309+00:00,2,5,9,12,726,852,0.0,0.0,0.0,0.0,6,0.0,0.0,5421.257560790825,0.0,0.0,557.0357616930215,-0.18569533817705186,-0.34744897474952685,True
2026-10-05T15:52:39.891309+00:00,2,2,9,12,726,852,0.0,0.0,0.0,0.0,6,0.0,0.0,5421.257560790825,0.0,0.0,557.0357616930215,-0.18569533817705186,-0.34744897474952685,True
2026-10-05T15:52:39.891309+00:00,2,3,9,12,726,852,0.9983899743629512,0.0,0.0005590983856432526,0.0,6,0.0,0.0,5421.257560790825,0.0,0.0,557.0357616930215,-0.18569533817705186,-0.34744897474952685,True
2026-10-05T15:52:39.891309+00:00,3,4294967294,0,0,0,0,0.0,0.0,0.0,0.0,6,0.0,0.0,5420.349452913093,0.0,0.0,695.7038757101552,-0.18569533817705186,-0.3116241221865166,True
2026-10-05T15:52:39.891309+00:00,3,1,8783,4570,489498,278848,1803.1223267565013,906.5531963980638,0.782463236404757,0.423835584261382,6,0.0,0.0,5420.349452913093,0.0,0.0,695.7038757101552,-0.18569533817705186,-0.3116241221865166,True
2026-10-05T15:52:39.891309+00:00,3,2,4570,8783,278848,489498,906.5531963980638,1804.1207333604639,0.423835584261382,0.7830223441029761,6,0.0,0.0,5420.349452913093,0.0,0.0,695.7038757101552,-0.18569533817705186,-0.3116241221865166,True
2026-10-05T15:52:40.893132+00:00,1,4294967294,0,0,0,0,0.0,0.0,0.0,0.0,6,0.0,0.0,5384.412839556095,0.0,0.0,569.5960704686001,-0.18569533817705186,-0.38167977908030093,True
2026-10-05T15:52:40.893132+00:00,1,4,186,188,17960,18044,3.99733692617379,3.99733692617379,0.0031339121501202513,0.0031339121501202513,6,0.0,0.0,5384.412839556095,0.0,0.0,569.5960704686001,-0.18569533817705186,-0.38167977908030093,True
2026-10-05T15:52:40.893132+00:00,1,1,5471,10576,331410,586660,900.4001426206462,1791.8062771574014,0.4202160470270935,0.7767785008417956,6,0.0,0.0,5384.412839556095,0.0,0.0,569.5960704686001,-0.18569533817705186,-0.38167977908030093,True
2026-10-05T15:52:40.893132+00:00,1,6,9,12,726,852,0.0,0.0,0.0,0.0,6,0.0,0.0,5384.412839556095,0.0,0.0,569.5960704686001,-0.18569533817705186,-0.38167977908030093,True
2026-10-05T15:52:40.893132+00:00,1,5,9,12,726,852,0.0,0.0,0.0,0.0,6,0.0,0.0,5384.412839556095,0.0,0.0,569.5960704686001,-0.18569533817705186,-0.38167977908030093,True
2026-10-05T15:52:40.893132+00:00,1,2,10221,5118,552150,296984,1783.8116033050537,892.4054687682986,0.7705106765415551,0.413948222726853,6,0.0,0.0,5384.412839556095,0.0,0.0,569.5960704686001,-0.18569533817705186,-0.38167977908030093,True
2026-10-05T15:52:40.893132+00:00,1,3,187,189,18002,18086,3.99733692617379,3.99733692617379,0.0031339121501202513,0.0031339121501202513,6,0.0,0.0,5384.412839556095,0.0,0.0,569.5960704686001,-0.18569533817705186,-0.38167977908030093,True
2026-10-05T15:52:40.893132+00:00,2,4294967294,0,0,0,0,0.0,0.0,0.0,0.0,6,0.0,0.0,5376.167844872679,0.0,0.0,552.3679312297259,-0.18569533817705186,-0.34744897474952685,True
2026-10-05T15:52:40.893132+00:00,2,1,10576,5471,586660,331410,1789.0625363505408,899.0213860857988,0.7755890425293529,0.4195725824234562,6,0.0,0.0,5376.167844872679,0.0,0.0,552.3679312297259,-0.18569533817705186,-0.34744897474952685,True
2026-10-05T15:52:40.893132+00:00,2,4,9,12,726,852,0.0,0.0,0.0,0.0,6,0.0,0.0,5376.167844872679,0.0,0.0,552.3679312297259,-0.18569533817705186,-0.34744897474952685,True
2026-10-05T15:52:40.893132+00:00,2,6,5471,10576,331410,586660,899.0213860857988,1789.0625363505408,0.4195725824234562,0.7755890425293529,6,0.0,0.0,5376.167844872679,0.0,0.0,552.3679312297259,-0.18569533817705186,-0.34744897474952685,True
2026-10-05T15:52:40.893132+00:00,2,5,9,12,726,852,0.0,0.0,0.0,0.0,6,0.0,0.0,5376.167844872679,0.0,0.0,552.3679312297259,-0.18569533817705186,-0.34744897474952685,True
2026-10-05T15:52:40.893132+00:00,2,2,9,12,726,852,0.0,0.0,0.0,0.0,6,0.0,0.0,5376.167844872679,0.0,0.0,552.3679312297259,-0.18569533817705186,-0.34744897474952685,True
2026-10-05T15:52:40.893132+00:00,2,3,9,12,726,852,0.0,0.0,0.0,0.0,6,0.0,0.0,5376.167844872679,0.0,0.0,552.3679312297259,-0.18569533817705186,-0.34744897474952685,True
2026-10-05T15:52:40.893132+00:00,3,4294967294,0,0,0,0,0.0,0.0,0.0,0.0,6,0.0,0.0,5376.2294069753925,0.0,0.0,690.0001395374469,-0.18569533817705186,-0.3116241221865166,True
2026-10-05T15:52:40.893132+00:00,3,1,10576,5471,586660,331410,1789.0830227741053,899.0316807135911,0.7755979237424545,0.41957738691824886,6,0.0,0.0,5376.2294069753925,0.0,0.0,690.0001395374469,-0.18569533817705186,-0.3116241221865166,True
2026-10-05T15:52:40.893132+00:00,3,2,5471,10576,331410,586660,899.0316807135911,1789.0830227741053,0.41957738691824886,0.7755979237424545,6,0.0,0.0,5376.2294069753925,0.0,0.0,690.0001395374469,-0.18569533817705186,-0.3116241221865166,True
2026-10-05T15:52:41.894817+00:00,1,4294967294,0,0,0,0,0.0,0.0,0.0,0.0,6,0.0,0.0,5294.503775122102,0.0,0.0,560.0130201955521,-0.18569533817705186,-0.38167977908030093,True
2026-10-05T15:52:41.894817+00:00,1,4,191,193,18450,18534,4.987286901961287,4.987286901961287,0.003910032931137649,0.003910032931137649,6,0.0,0.0,5294.503775122102,0.0,0.0,560.0130201955521,-0.18569533817705186,-0.38167977908030093,True
2026-10-05T15:52:41.894817+00:00,1,1,6359,12342,383314,682464,885.7421537883246,1761.5097337727266,0.4141762229750378,0.7644832549687987,6,0.0,0.0,5294.503775122102,0.0,0.0,560.0130201955521,-0.18569533817705186,-0.38167977908030093,True
2026-10-05T15:52:41.894817+00:00,1,6,9,12,726,852,0.0,0.0,0.0,0.0,6,0.0,0.0,5294.503775122102,0.0,0.0,560.0130201955521,-0.18569533817705186,-0.38167977908030093,True
2026-10-05T15:52:41.894817+00:00,1,5,9,12,726,852,0.0,0.0,0.0,0.0,6,0.0,0.0,5294.503775122102,0.0,0.0,560.0130201955521,-0.18569533817705186,-0.38167977908030093,True
2026-10-05T15:52:41.894817+00:00,1,2,11977,5996,646974,347908,1751.5351599688038,875.7675799844019,0.7566631891065233,0.4063561571127625,6,0.0,0.0,5294.503775122102,0.0,0.0,560.0130201955521,-0.18569533817705186,-0.38167977908030093,True
2026-10-05T15:52:41.894817+00:00,1,3,192,194,18492,18576,4.987286901961287,4.987286901961287,0.003910032931137649,0.003910032931137649,6,0.0,0.0,5294.503775122102,0.0,0.0,560.0130201955521,-0.18569533817705186,-0.38167977908030093,True
2026-10-05T15:52:41.894817+00:00,2,4294967294,0,0,0,0,0.0,0.0,0.0,0.0,6,0.0,0.0,5298.931725387687,0.0,0.0,544.3722030673825,-0.18569533817705186,-0.34744897474952685,True
2026-10-05T15:52:41.894817+00:00,2,1,12342,6359,682464,383314,1761.9870885021005,885.9821826669679,0.7646904236777133,0.4142884613436604,6,0.0,0.0,5298.931725387687,0.0,0.0,544.3722030673825,-0.18569533817705186,-0.34744897474952685,True
2026-10-05T15:52:41.894817+00:00,2,4,9,12,726,852,0.0,0.0,0.0,0.0,6,0.0,0.0,5298.931725387687,0.0,0.0,544.3722030673825,-0.18569533817705186,-0.34744897474952685,True
2026-10-05T15:52:41.894817+00:00,2,6,6360,12344,383372,682572,886.9799103501514,1763.9825438684675,0.4147514069886575,0.765552460395984,6,0.0,0.0,5298.931725387687,0.0,0.0,544.3722030673825,-0.18569533817705186,-0.34744897474952685,True
2026-10-05T15:52:41.894817+00:00,2,5,9,12,726,852,0.0,0.0,0.0,0.0,6,0.0,0.0,5298.931725387687,0.0,0.0,544.3722030673825,-0.18569533817705186,-0.34744897474952685,True
2026-10-05T15:52:41.894817+00:00,2,2,9,12,726,852,0.0,0.0,0.0,0.0,6,0.0,0.0,5298.931725387687,0.0,0.0,544.3722030673825,-0.18569533817705186,-0.34744897474952685,True
2026-10-05T15:52:41.894817+00:00,2,3,9,12,726,852,0.0,0.0,0.0,0.0,6,0.0,0.0,5298.931725387687,0.0,0.0,544.3722030673825,-0.18569533817705186,-0.34744897474952685,True
2026-10-05T15:52:41.894817+00:00,3,4294967294,0,0,0,0,0.0,0.0,0.0,0.0,6,0.0,0.0,5295.881851954135,0.0,0.0,679.6129958655991,-0.18569533817705186,-0.3116241221865166,True
2026-10-05T15:52:41.894817+00:00,3,1,12342,6359,682464,383314,1761.968227308026,885.9726986690414,0.7646822380476471,0.4142840265920534,6,0.0,0.0,5295.881851954135,0.0,0.0,679.6129958655991,-0.18569533817705186,-0.3116241221865166,True
2026-10-05T15:52:41.894817+00:00,3,2,6359,12342,383314,682464,885.9726986690414,1761.968227308026,0.4142840265920534,0.7646822380476471,6,0.0,0.0,5295.881851954135,0.0,0.0,679.6129958655991,-0.18569533817705186,-0.3116241221865166,True
2026-10-05T15:52:42.896502+00:00,1,4294967294,0,0,0,0,0.0,0.0,0.0,0.0,6,0.0,0.0,5304.081869433197,0.0,0.0,561.033911246761,-0.18569533817705186,-0.38167977908030093,True
2026-10-05T15:52:42.896502+00:00,1,4,196,198,18940,19024,4.99630922139525,4.99630922139525,0.003917106429573876,0.003917106429573876,6,0.0,0.0,5304.081869433197,0.0,0.0,561.033911246761,-0.18569533817705186,-0.38167977908030093,True
2026-10-05T15:52:42.896502+00:00,1,1,7247,14108,435218,778268,887.3445177197964,1764.6964169968023,0.41492549412367846,0.7658662538344809,6,0.0,0.0,5304.081869433197,0.0,0.0,561.033911246761,-0.18569533817705186,-0.38167977908030093,True
2026-10-05T15:52:42.896502+00:00,1,6,9,12,726,852,0.0,0.0,0.0,0.0,6,0.0,0.0,5304.081869433197,0.0,0.0,561.033911246761,-0.18569533817705186,-0.38167977908030093,True
2026-10-05T15:52:42.896502+00:00,1,5,9,12,726,852,0.0,0.0,0.0,0.0,6,0.0,0.0,5304.081869433197,0.0,0.0,561.033911246761,-0.18569533817705186,-0.38167977908030093,True
2026-10-05T15:52:42.896502+00:00,1,2,13733,6874,741798,398832,1754.7037985540119,877.3518992770059,0.758032040975333,0.4070912812645307,6,0.0,0.0,5304.081869433197,0.0,0.0,561.033911246761,-0.18569533817705186,-0.38167977908030093,True
2026-10-05T15:52:42.896502+00:00,1,3,197,199,18982,19066,4.99630922139525,4.99630922139525,0.003917106429573876,0.003917106429573876,6,0.0,0.0,5304.081869433197,0.0,0.0,561.033911246761,-0.18569533817705186,-0.38167977908030093,True
2026-10-05T15:52:42.896502+00:00,2,4294967294,0,0,0,0,0.0,0.0,0.0,0.0,6,0.0,0.0,5309.0616806878215,0.0,0.0,545.4208881828006,-0.18569533817705186,-0.34744897474952685,True
2026-10-05T15:52:42.896502+00:00,2,1,14109,7247,778322,435218,1767.020529247576,888.0103169054032,0.766872909530794,0.41523682422214453,6,0.0,0.0,5309.0616806878215,0.0,0.0,545.4208881828006,-0.18569533817705186,-0.34744897474952685,True
2026-10-05T15:52:42.896502+00:00,2,4,9,12,726,852,0.0,0.0,0.0,0.0,6,0.0,0.0,5309.0616806878215,0.0,0.0,545.4208881828006,-0.18569533817705186,-0.34744897474952685,True
2026-10-05T15:52:42.896502+00:00,2,6,7248,14110,435276,778376,888.0103169054032,1766.0205176294392,0.41523682422214453,0.766440904511759,6,0.0,0.0,5309.0616806878215,0.0,0.0,545.4208881828006,-0.18569533817705186,-0.34744897474952685,True
2026-10-05T15:52:42.896502+00:00,2,5,9,12,726,852,0.0,0.0,0.0,0.0,6,0.0,0.0,5309.0616806878215,0.0,0.0,545.4208881828006,-0.18569533817705186,-0.34744897474952685,True
2026-10-05T15:52:42.896502+00:00,2,2,9,12,726,852,0.0,0.0,0.0,0.0,6,0.0,0.0,5309.0616806878215,0.0,0.0,545.4208881828006,-0.18569533817705186,-0.34744897474952685,True
2026-10-05T15:52:42.896502+00:00,2,3,9,12,726,852,0.0,0.0,0.0,0.0,6,0.0,0.0,5309.0616806878215,0.0,0.0,545.4208881828006,-0.18569533817705186,-0.34744897474952685,True
2026-10-05T15:52:42.896502+00:00,3,4294967294,0,0,0,0,0.0,0.0,0.0,0.0,6,0.0,0.0,5307.639027439839,0.0,0.0,681.1329359672342,-0.18569533817705186,-0.3116241221865166,True
2026-10-05T15:52:42.896502+00:00,3,1,14108,7247,778268,435218,1765.8799024978816,887.9396112220379,0.7663798785001451,0.4152037619898077,6,0.0,0.0,5307.639027439839,0.0,0.0,681.1329359672342,-0.18569533817705186,-0.3116241221865166,True
2026-10-05T15:52:42.896502+00:00,3,2,7247,14108,435218,778268,887.9396112220379,1765.8799024978816,0.4152037619898077,0.7663798785001451,6,0.0,0.0,5307.639027439839,0.0,0.0,681.1329359672342,-0.18569533817705186,-0.3116241221865166,True
2026-10-05T15:52:43.898899+00:00,1,4294967294,0,0,0,0,0.0,0.0,0.0,0.0,6,0.0,0.0,5426.483947100986,0.0,0.0,574.0802628154296,-0.18569533817705186,-0.38167977908030093,True
2026-10-05T15:52:43.898899+00:00,1,4,201,203,19430,19514,4.987577157261936,4.987577157261936,0.003910260491293357,0.003910260491293357,6,0.0,0.0,5426.483947100986,0.0,0.0,574.0802628154296,-0.18569533817705186,-0.38167977908030093,True
2026-10-05T15:52:43.898899+00:00,1,1,8157,15918,488398,876448,907.7390426216723,1805.5029309288207,0.4243829651571036,0.783488520479963,6,0.0,0.0,5426.483947100986,0.0,0.0,574.0802628154296,-0.18569533817705186,-0.38167977908030093,True
2026-10-05T15:52:43.898899+00:00,1,6,9,12,726,852,0.0,0.0,0.0,0.0,6,0.0,0.0,5426.483947100986,0.0,0.0,574.0802628154296,-0.18569533817705186,-0.38167977908030093,True
2026-10-05T15:52:43.898899+00:00,1,5,9,12,726,852,0.0,0.0,0.0,0.0,6,0.0,0.0,5426.483947100986,0.0,0.0,574.0802628154296,-0.18569533817705186,-0.38167977908030093,True
2026-10-05T15:52:43.898899+00:00,1,2,15533,7774,838998,451032,1795.527776614297,897.7638883071485,0.7756679994973763,0.4165624441745169,6,0.0,0.0,5426.483947100986,0.0,0.0,574.0802628154296,-0.18569533817705186,-0.38167977908030093,True
2026-10-05T15:52:43.898899+00:00,1,3,202,204,19472,19556,4.987577157261936,4.987577157261936,0.003910260491293357,0.003910260491293357,6,0.0,0.0,5426.483947100986,0.0,0.0,574.0802628154296,-0.18569533817705186,-0.38167977908030093,True
2026-10-05T15:52:43.898899+00:00,2,4294967294,0,0,0,0,0.0,0.0,0.0,0.0,6,0.0,0.0,5416.540757761548,0.0,0.0,556.5474632768285,-0.18569533817705186,-0.34744897474952685,True
2026-10-05T15:52:43.898899+00:00,2,1,15918,8157,876448,488398,1802.524325016674,906.7424741653806,0.782197907867711,0.42391705297683463,6,0.0,0.0,5416.540757761548,0.0,0.0,556.5474632768285,-0.18569533817705186,-0.34744897474952685,True
2026-10-05T15:52:43.898899+00:00,2,4,9,12,726,852,0.0,0.0,0.0,0.0,6,0.0,0.0,5416.540757761548,0.0,0.0,556.5474632768285,-0.18569533817705186,-0.34744897474952685,True
2026-10-05T15:52:43.898899+00:00,2,6,8157,15918,488398,876448,905.7460538641,1801.5279047153936,0.4234547139570404,0.7817674542975578,6,0.0,0.0,5416.540757761548,0.0,0.0,556.5474632768285,-0.18569533817705186,-0.34744897474952685,True
2026-10-05T15:52:43.898899+00:00,2,5,9,12,726,852,0.0,0.0,0.0,0.0,6,0.0,0.0,5416.540757761548,0.0,0.0,556.5474632768285,-0.18569533817705186,-0.34744897474952685,True
2026-10-05T15:52:43.898899+00:00,2,2,9,12,726,852,0.0,0.0,0.0,0.0,6,0.0,0.0,5416.540757761548,0.0,0.0,556.5474632768285,-0.18569533817705186,-0.34744897474952685,True
2026-10-05T15:52:43.898899+00:00,2,3,9,12,726,852,0.0,0.0,0.0,0.0,6,0.0,0.0,5416.540757761548,0.0,0.0,556.5474632768285,-0.18569533817705186,-0.34744897474952685,True
2026-10-05T15:52:43.898899+00:00,3,4294967294,0,0,0,0,0.0,0.0,0.0,0.0,6,0.0,0.0,5421.008305136547,0.0,0.0,695.7890505820194,-0.18569533817705186,-0.3116241221865166,True
2026-10-05T15:52:43.898899+00:00,3,1,15918,8157,876448,488398,1803.6810721134468,906.8230804548269,0.7826979344092739,0.4239547377458259,6,0.0,0.0,5421.008305136547,0.0,0.0,695.7890505820194,-0.18569533817705186,-0.3116241221865166,True
2026-10-05T15:52:43.898899+00:00,3,2,8157,15918,488398,876448,906.8230804548269,1803.6810721134468,0.4239547377458259,0.7826979344092739,6,0.0,0.0,5421.008305136547,0.0,0.0,695.7890505820194,-0.18569533817705186,-0.3116241221865166,True
2026-10-05T15:52:44.901460+00:00,1,4294967294,0,0,0,0,0.0,0.0,0.0,0.0,6,0.0,0.0,5398.6374408930205,0.0,0.0,571.1122142588172,-0.18569533817705186,-0.38167977908030093,True
2026-10-05T15:52:44.901460+00:00,1,4,207,209,19962,20046,5.977454261922517,5.977454261922517,0.004240007556457039,0.004240007556457039,6,0.0,0.0,5398.6374408930205,0.0,0.0,571.1122142588172,-0.18569533817705186,-0.38167977908030093,True
2026-10-05T15:52:44.901460+00:00,1,1,9064,17720,541388,974184,903.5918359272872,1795.2287633307294,0.4223270684523656,0.778949959657679,6,0.0,0.0,5398.6374408930205,0.0,0.0,571.1122142588172,-0.18569533817705186,-0.38167977908030093,True
2026-10-05T15:52:44.901460+00:00,1,6,9,12,726,852,0.0,0.0,0.0,0.0,6,0.0,0.0,5398.6374408930205,0.0,0.0,571.1122142588172,-0.18569533817705186,-0.38167977908030093,True
2026-10-05T15:52:44.901460+00:00,1,5,9,12,726,852,0.0,0.0,0.0,0.0,6,0.0,0.0,5398.6374408930205,0.0,0.0,571.1122142588172,-0.18569533817705186,-0.38167977908030093,True
2026-10-05T15:52:44.901460+00:00,1,2,17325,8670,935766,503000,1785.2663395608586,892.6331697804293,0.7712350586902909,0.4141817907781192,6,0.0,0.0,5398.6374408930205,0.0,0.0,571.1122142588172,-0.18569533817705186,-0.38167977908030093,True
2026-10-05T15:52:44.901460+00:00,1,3,207,209,19962,20046,4.981211884935432,4.981211884935432,0.0039052701177893783,0.0039052701177893783,6,0.0,0.0,5398.6374408930205,0.0,0.0,571.1122142588172,-0.18569533817705186,-0.38167977908030093,True
2026-10-05T15:52:44.901460+00:00,2,4294967294,0,0,0,0,0.0,0.0,0.0,0.0,6,0.0,0.0,5398.030969403507,0.0,0.0,554.6312712537147,-0.18569533817705186,-0.34744897474952685,True
2026-10-05T15:52:44.901460+00:00,2,1,17721,9064,974238,541388,1795.6918519989893,903.3236327027639,0.7791490014730168,0.42220171375452664,6,0.0,0.0,5398.030969403507,0.0,0.0,554.6312712537147,-0.18569533817705186,-0.34744897474952685,True
2026-10-05T15:52:44.901460+00:00,2,4,9,12,726,852,0.0,0.0,0.0,0.0,6,0.0,0.0,5398.030969403507,0.0,0.0,554.6312712537147,-0.18569533817705186,-0.34744897474952685,True
2026-10-05T15:52:44.901460+00:00,2,6,9064,17721,541388,974238,903.3236327027639,1795.6918519989893,0.42220171375452664,0.7791490014730168,6,0.0,0.0,5398.030969403507,0.0,0.0,554.6312712537147,-0.18569533817705186,-0.34744897474952685,True
2026-10-05T15:52:44.901460+00:00,2,5,9,12,726,852,0.0,0.0,0.0,0.0,6,0.0,0.0,5398.030969403507,0.0,0.0,554.6312712537147,-0.18569533817705186,-0.34744897474952685,True
2026-10-05T15:52:44.901460+00:00,2,2,9,12,726,852,0.0,0.0,0.0,0.0,6,0.0,0.0,5398.030969403507,0.0,0.0,554.6312712537147,-0.18569533817705186,-0.34744897474952685,True
2026-10-05T15:52:44.901460+00:00,2,3,9,12,726,852,0.0,0.0,0.0,0.0,6,0.0,0.0,5398.030969403507,0.0,0.0,554.6312712537147,-0.18569533817705186,-0.34744897474952685,True
2026-10-05T15:52:44.901460+00:00,3,4294967294,0,0,0,0,0.0,0.0,0.0,0.0,6,0.0,0.0,5397.30407730083,0.0,0.0,692.7246235425822,-0.18569533817705186,-0.3116241221865166,True
2026-10-05T15:52:44.901460+00:00,3,1,17721,9064,974238,541388,1795.4500463788552,903.2019922715594,0.7790440822424326,0.42214486059951434,6,0.0,0.0,5397.30407730083,0.0,0.0,692.7246235425822,-0.18569533817705186,-0.3116241221865166,True
2026-10-05T15:52:44.901460+00:00,3,2,9064,17721,541388,974238,903.2019922715594,1795.4500463788552,0.42214486059951434,0.7790440822424326,6,0.0,0.0,5397.30407730083,0.0,0.0,692.7246235425822,-0.18569533817705186,-0.3116241221865166,True
2026-10-05T15:52:45.903402+00:00,1,4294967294,0,0,0,0,0.0,0.0,0.0,0.0,6,0.0,0.0,5206.969610655429,0.0,0.0,550.6831010825664,-0.18569533817705186,-0.38167977908030093,True
2026-10-05T15:52:45.903402+00:00,1,4,212,214,20452,20536,4.99421600868543,4.99421600868543,0.003915465350809377,0.003915465350809377,6,0.0,0.0,5206.969610655429,0.0,0.0,550.6831010825664,-0.18569533817705186,-0.38167977908030093,True
2026-10-05T15:52:45.903402+00:00,1,1,9936,19455,592364,1068314,870.991271914739,1732.992955013844,0.4073362484139975,0.7521688846360952,6,0.0,0.0,5206.969610655429,0.0,0.0,550.6831010825664,-0.18569533817705186,-0.38167977908030093,True
2026-10-05T15:52:45.903402+00:00,1,6,9,12,726,852,0.0,0.0,0.0,0.0,6,0.0,0.0,5206.969610655429,0.0,0.0,550.6831010825664,-0.18569533817705186,-0.38167977908030093,True
2026-10-05T15:52:45.903402+00:00,1,5,9,12,726,852,0.0,0.0,0.0,0.0,6,0.0,0.0,5206.969610655429,0.0,0.0,550.6831010825664,-0.18569533817705186,-0.38167977908030093,True
2026-10-05T15:52:45.903402+00:00,1,2,19049,9532,1028862,552996,1722.0056797947361,861.0028398973681,0.743906453671326,0.3995053177123788,6,0.0,0.0,5206.969610655429,0.0,0.0,550.6831010825664,-0.18569533817705186,-0.38167977908030093,True
2026-10-05T15:52:45.903402+00:00,1,3,212,214,20452,20536,4.99421600868543,4.99421600868543,0.003915465350809377,0.003915465350809377,6,0.0,0.0,5206.969610655429,0.0,0.0,550.6831010825664,-0.18569533817705186,-0.38167977908030093,True
2026-10-05T15:52:45.903402+00:00,2,4294967294,0,0,0,0,0.0,0.0,0.0,0.0,6,0.0,0.0,5210.534516303156,0.0,0.0,535.2210434951169,-0.18569533817705186,-0.34744897474952685,True
2026-10-05T15:52:45.903402+00:00,2,1,19455,9936,1068314,592364,1733.5124426841276,871.7548154674505,0.7523963855038154,0.4076933346171445,6,0.0,0.0,5210.534516303156,0.0,0.0,535.2210434951169,-0.18569533817705186,-0.34744897474952685,True
2026-10-05T15:52:45.903402+00:00,2,4,9,12,726,852,0.0,0.0,0.0,0.0,6,0.0,0.0,5210.534516303156,0.0,0.0,535.2210434951169,-0.18569533817705186,-0.34744897474952685,True
2026-10-05T15:52:45.903402+00:00,2,6,9936,19455,592364,1068314,871.7548154674505,1733.5124426841276,0.4076933346171445,0.7523963855038154,6,0.0,0.0,5210.534516303156,0.0,0.0,535.2210434951169,-0.18569533817705186,-0.34744897474952685,True
2026-10-05T15:52:45.903402+00:00,2,5,9,12,726,852,0.0,0.0,0.0,0.0,6,0.0,0.0,5210.534516303156,0.0,0.0,535.2210434951169,-0.18569533817705186,-0.34744897474952685,True
2026-10-05T15:52:45.903402+00:00,2,2,9,12,726,852,0.0,0.0,0.0,0.0,6,0.0,0.0,5210.534516303156,0.0,0.0,535.2210434951169,-0.18569533817705186,-0.34744897474952685,True
2026-10-05T15:52:45.903402+00:00,2,3,9,12,726,852,0.0,0.0,0.0,0.0,6,0.0,0.0,5210.534516303156,0.0,0.0,535.2210434951169,-0.18569533817705186,-0.34744897474952685,True
2026-10-05T15:52:45.903402+00:00,3,4294967294,0,0,0,0,0.0,0.0,0.0,0.0,6,0.0,0.0,5211.670924689646,0.0,0.0,668.7264044814017,-0.18569533817705186,-0.3116241221865166,True
2026-10-05T15:52:45.903402+00:00,3,1,19455,9936,1068314,592364,1733.8905186899167,871.9449436549063,0.7525604818282473,0.40778225181424316,6,0.0,0.0,5211.670924689646,0.0,0.0,668.7264044814017,-0.18569533817705186,-0.3116241221865166,True
2026-10-05T15:52:45.903402+00:00,3,2,9936,19455,592364,1068314,871.9449436549063,1733.8905186899167,0.40778225181424316,0.7525604818282473,6,0.0,0.0,5211.670924689646,0.0,0.0,668.7264044814017,-0.18569533817705186,-0.3116241221865166,True
2026-10-05T15:52:46.904511+00:00,1,4294967294,0,0,0,0,0.0,0.0,0.0,0.0,6,0.0,0.0,5105.500348941324,0.0,0.0,539.867895271041,-0.18569533817705186,-0.38167977908030093,True
2026-10-05T15:52:46.904511+00:00,1,4,217,219,20942,21026,4.995597210314407,4.995597210314407,0.0039165482128864955,0.0039165482128864955,6,0.0,0.0,5105.500348941324,0.0,0.0,539.867895271041,-0.18569533817705186,-0.38167977908030093,True
2026-10-05T15:52:46.904511+00:00,1,1,10791,21155,642354,1160554,854.2471229637636,1698.5030515068984,0.3995678472697875,0.7372702186870415,6,0.0,0.0,5105.500348941324,0.0,0.0,539.867895271041,-0.18569533817705186,-0.38167977908030093,True
2026-10-05T15:52:46.904511+00:00,1,6,9,12,726,852,0.0,0.0,0.0,0.0,6,0.0,0.0,5105.500348941324,0.0,0.0,539.867895271041,-0.18569533817705186,-0.38167977908030093,True
2026-10-05T15:52:46.904511+00:00,1,5,9,12,726,852,0.0,0.0,0.0,0.0,6,0.0,0.0,5105.500348941324,0.0,0.0,539.867895271041,-0.18569533817705186,-0.38167977908030093,True
2026-10-05T15:52:46.904511+00:00,1,2,20739,10377,1120122,602006,1688.5118570862696,844.2559285431348,0.7294371222612684,0.3917347508440145,6,0.0,0.0,5105.500348941324,0.0,0.0,539.867895271041,-0.18569533817705186,-0.38167977908030093,True
2026-10-05T15:52:46.904511+00:00,1,3,217,219,20942,21026,4.995597210314407,4.995597210314407,0.0039165482128864955,0.0039165482128864955,6,0.0,0.0,5105.500348941324,0.0,0.0,539.867895271041,-0.18569533817705186,-0.38167977908030093,True
2026-10-05T15:52:46.904511+00:00,2,4294967294,0,0,0,0,0.0,0.0,0.0,0.0,6,0.0,0.0,5106.257863619576,0.0,0.0,524.4259935353759,-0.18569533817705186,-0.34744897474952685,True
2026-10-05T15:52:46.904511+00:00,2,1,21155,10791,1160554,642354,1698.7550622609156,854.3738695488722,0.7373796091432793,0.39962713205846195,6,0.0,0.0,5106.257863619576,0.0,0.0,524.4259935353759,-0.18569533817705186,-0.34744897474952685,True
2026-10-05T15:52:46.904511+00:00,2,4,9,12,726,852,0.0,0.0,0.0,0.0,6,0.0,0.0,5106.257863619576,0.0,0.0,524.4259935353759,-0.18569533817705186,-0.34744897474952685,True
2026-10-05T15:52:46.904511+00:00,2,6,10791,21155,642354,1160554,854.3738695488722,1698.7550622609156,0.39962713205846195,0.7373796091432793,6,0.0,0.0,5106.257863619576,0.0,0.0,524.4259935353759,-0.18569533817705186,-0.34744897474952685,True
2026-10-05T15:52:46.904511+00:00,2,5,9,12,726,852,0.0,0.0,0.0,0.0,6,0.0,0.0,5106.257863619576,0.0,0.0,524.4259935353759,-0.18569533817705186,-0.34744897474952685,True
2026-10-05T15:52:46.904511+00:00,2,2,9,12,726,852,0.0,0.0,0.0,0.0,6,0.0,0.0,5106.257863619576,0.0,0.0,524.4259935353759,-0.18569533817705186,-0.34744897474952685,True
2026-10-05T15:52:46.904511+00:00,2,3,9,12,726,852,0.0,0.0,0.0,0.0,6,0.0,0.0,5106.257863619576,0.0,0.0,524.4259935353759,-0.18569533817705186,-0.34744897474952685,True
2026-10-05T15:52:46.904511+00:00,3,4294967294,0,0,0,0,0.0,0.0,0.0,0.0,6,0.0,0.0,5105.342013549705,0.0,0.0,654.9804519606375,-0.18569533817705186,-0.3116241221865166,True
2026-10-05T15:52:46.904511+00:00,3,1,21155,10791,1160554,642354,1698.4503763276907,854.2206304471621,0.7372473539410173,0.3995554555888059,6,0.0,0.0,5105.342013549705,0.0,0.0,654.9804519606375,-0.18569533817705186,-0.3116241221865166,True
2026-10-05T15:52:46.904511+00:00,3,2,10791,21155,642354,1160554,854.2206304471621,1698.4503763276907,0.3995554555888059,0.7372473539410173,6,0.0,0.0,5105.342013549705,0.0,0.0,654.9804519606375,-0.18569533817705186,-0.3116241221865166,True
2026-10-05T15:52:47.906001+00:00,1,4294967294,0,0,0,0,0.0,0.0,0.0,0.0,6,0.0,0.0,5242.533593425956,0.0,0.0,554.4737248305198,-0.18569533817705186,-0.38167977908030093,True
2026-10-05T15:52:47.906001+00:00,1,4,222,224,21432,21516,4.989087926747198,4.989087926747198,0.0039114449345698035,0.0039114449345698035,6,0.0,0.0,5242.533593425956,0.0,0.0,554.4737248305198,-0.18569533817705186,-0.38167977908030093,True
2026-10-05T15:52:47.906001+00:00,1,1,11670,22903,693736,1255386,877.0816575221575,1744.1851391908206,0.4101589053633992,0.7570002980308644,6,0.0,0.0,5242.533593425956,0.0,0.0,554.4737248305198,-0.18569533817705186,-0.38167977908030093,True
2026-10-05T15:52:47.906001+00:00,1,6,9,12,726,852,0.0,0.0,0.0,0.0,6,0.0,0.0,5242.533593425956,0.0,0.0,554.4737248305198,-0.18569533817705186,-0.38167977908030093,True
2026-10-05T15:52:47.906001+00:00,1,5,9,12,726,852,0.0,0.0,0.0,0.0,6,0.0,0.0,5242.533593425956,0.0,0.0,554.4737248305198,-0.18569533817705186,-0.38167977908030093,True
2026-10-05T15:52:47.906001+00:00,1,2,22477,11246,1213974,652408,1734.206963337326,867.103481668663,0.749177408161725,0.4023360154942597,6,0.0,0.0,5242.533593425956,0.0,0.0,554.4737248305198,-0.18569533817705186,-0.38167977908030093,True
2026-10-05T15:52:47.906001+00:00,1,3,222,224,21432,21516,4.989087926747198,4.989087926747198,0.0039114449345698035,0.0039114449345698035,6,0.0,0.0,5242.533593425956,0.0,0.0,554.4737248305198,-0.18569533817705186,-0.38167977908030093,True
2026-10-05T15:52:47.906001+00:00,2,4294967294,0,0,0,0,0.0,0.0,0.0,0.0,6,0.0,0.0,5240.0408194556685,0.0,0.0,538.2756296221299,-0.18569533817705186,-0.34744897474952685,True
2026-10-05T15:52:47.906001+00:00,2,1,22903,11670,1255386,693736,1743.3557960427308,876.6646136851032,0.7566403517177311,0.4099638787746801,6,0.0,0.0,5240.0408194556685,0.0,0.0,538.2756296221299,-0.18569533817705186,-0.34744897474952685,True
2026-10-05T15:52:47.906001+00:00,2,4,9,12,726,852,0.0,0.0,0.0,0.0,6,0.0,0.0,5240.0408194556685,0.0,0.0,538.2756296221299,-0.18569533817705186,-0.34744897474952685,True
2026-10-05T15:52:47.906001+00:00,2,6,11670,22903,693736,1255386,876.6646136851032,1743.3557960427308,0.4099638787746801,0.7566403517177311,6,0.0,0.0,5240.0408194556685,0.0,0.0,538.2756296221299,-0.18569533817705186,-0.34744897474952685,True
2026-10-05T15:52:47.906001+00:00,2,5,9,12,726,852,0.0,0.0,0.0,0.0,6,0.0,0.0,5240.0408194556685,0.0,0.0,538.2756296221299,-0.18569533817705186,-0.34744897474952685,True
2026-10-05T15:52:47.906001+00:00,2,2,9,12,726,852,0.0,0.0,0.0,0.0,6,0.0,0.0,5240.0408194556685,0.0,0.0,538.2756296221299,-0.18569533817705186,-0.34744897474952685,True
2026-10-05T15:52:47.906001+00:00,2,3,9,12,726,852,0.0,0.0,0.0,0.0,6,0.0,0.0,5240.0408194556685,0.0,0.0,538.2756296221299,-0.18569533817705186,-0.34744897474952685,True
2026-10-05T15:52:47.906001+00:00,3,4294967294,0,0,0,0,0.0,0.0,0.0,0.0,6,0.0,0.0,5239.910431071795,0.0,0.0,672.3771417058988,-0.18569533817705186,-0.3116241221865166,True
2026-10-05T15:52:47.906001+00:00,3,1,22903,11670,1255386,693736,1743.3124159713545,876.6427995645428,0.7566215241711465,0.4099536776084217,6,0.0,0.0,5239.910431071795,0.0,0.0,672.3771417058988,-0.18569533817705186,-0.3116241221865166,True
2026-10-05T15:52:47.906001+00:00,3,2,11670,22903,693736,1255386,876.6427995645428,1743.3124159713545,0.4099536776084217,0.7566215241711465,6,0.0,0.0,5239.910431071795,0.0,0.0,672.3771417058988,-0.18569533817705186,-0.3116241221865166,True
2026-10-05T15:52:48.908768+00:00,1,4294967294,0,0,0,0,0.0,0.0,0.0,0.0,6,0.0,0.0,5203.755401304615,0.0,0.0,550.3405112670582,-0.18569533817705186,-0.38167977908030093,True
2026-10-05T15:52:48.908768+00:00,1,4,227,229,21922,22006,4.986350518689742,4.986350518689742,0.003909298806652757,0.003909298806652757,6,0.0,0.0,5203.755401304615,0.0,0.0,550.3405112670582,-0.18569533817705186,-0.38167977908030093,True
2026-10-05T15:52:48.908768+00:00,1,1,12543,24639,744770,1349570,870.6168005632289,1731.2609000890782,0.4071574597932996,0.7514150996036395,6,0.0,0.0,5203.755401304615,0.0,0.0,550.3405112670582,-0.18569533817705186,-0.38167977908030093,True
2026-10-05T15:52:48.908768+00:00,1,6,9,12,726,852,0.0,0.0,0.0,0.0,6,0.0,0.0,5203.755401304615,0.0,0.0,550.3405112670582,-0.18569533817705186,-0.38167977908030093,True
2026-10-05T15:52:48.908768+00:00,1,5,9,12,726,852,0.0,0.0,0.0,0.0,6,0.0,0.0,5203.755401304615,0.0,0.0,550.3405112670582,-0.18569533817705186,-0.38167977908030093,True
2026-10-05T15:52:48.908768+00:00,1,2,24203,12109,1307178,702462,1721.2881990516987,860.6440995258494,0.7435965019903339,0.3993388621799941,6,0.0,0.0,5203.755401304615,0.0,0.0,550.3405112670582,-0.18569533817705186,-0.38167977908030093,True
2026-10-05T15:52:48.908768+00:00,1,3,227,229,21922,22006,4.986350518689742,4.986350518689742,0.003909298806652757,0.003909298806652757,6,0.0,0.0,5203.755401304615,0.0,0.0,550.3405112670582,-0.18569533817705186,-0.38167977908030093,True
2026-10-05T15:52:48.908768+00:00,2,4294967294,0,0,0,0,0.0,0.0,0.0,0.0,6,0.0,0.0,5199.819299813631,0.0,0.0,534.1117702843161,-0.18569533817705186,-0.34744897474952685,True
2026-10-05T15:52:48.908768+00:00,2,1,24639,12543,1349570,744770,1729.9513806969073,869.9582692099079,0.7508467319795278,0.406849487384728,6,0.0,0.0,5199.819299813631,0.0,0.0,534.1117702843161,-0.18569533817705186,-0.34744897474952685,True
2026-10-05T15:52:48.908768+00:00,2,4,9,12,726,852,0.0,0.0,0.0,0.0,6,0.0,0.0,5199.819299813631,0.0,0.0,534.1117702843161,-0.18569533817705186,-0.34744897474952685,True
2026-10-05T15:52:48.908768+00:00,2,6,12543,24639,744770,1349570,869.9582692099079,1729.9513806969073,0.406849487384728,0.7508467319795278,6,0.0,0.0,5199.819299813631,0.0,0.0,534.1117702843161,-0.18569533817705186,-0.34744897474952685,True
2026-10-05T15:52:48.908768+00:00,2,5,9,12,726,852,0.0,0.0,0.0,0.0,6,0.0,0.0,5199.819299813631,0.0,0.0,534.1117702843161,-0.18569533817705186,-0.34744897474952685,True
2026-10-05T15:52:48.908768+00:00,2,2,9,12,726,852,0.0,0.0,0.0,0.0,6,0.0,0.0,5199.819299813631,0.0,0.0,534.1117702843161,-0.18569533817705186,-0.34744897474952685,True
2026-10-05T15:52:48.908768+00:00,2,3,9,12,726,852,0.0,0.0,0.0,0.0,6,0.0,0.0,5199.819299813631,0.0,0.0,534.1117702843161,-0.18569533817705186,-0.34744897474952685,True
2026-10-05T15:52:48.908768+00:00,3,4294967294,0,0,0,0,0.0,0.0,0.0,0.0,6,0.0,0.0,5202.2491139231,0.0,0.0,667.5083748592783,-0.18569533817705186,-0.3116241221865166,True
2026-10-05T15:52:48.908768+00:00,3,1,24639,12543,1349570,744770,1730.7597665332505,870.3647904282993,0.7511975937841828,0.4070396033422023,6,0.0,0.0,5202.2491139231,0.0,0.0,667.5083748592783,-0.18569533817705186,-0.3116241221865166,True
2026-10-05T15:52:48.908768+00:00,3,2,12543,24639,744770,1349570,870.3647904282993,1730.7597665332505,0.4070396033422023,0.7511975937841828,6,0.0,0.0,5202.2491139231,0.0,0.0,667.5083748592783,-0.18569533817705186,-0.3116241221865166,True
2026-10-05T15:52:49.911135+00:00,1,4294967294,0,0,0,0,0.0,0.0,0.0,0.0,6,0.0,0.0,5192.611543573698,0.0,0.0,549.1527317084191,-0.18569533817705186,-0.38167977908030093,True
2026-10-05T15:52:49.911135+00:00,1,4,231,233,22314,22398,3.9912463824548023,3.9912463824548023,0.0031291371638445652,0.0031291371638445652,6,0.0,0.0,5192.611543573698,0.0,0.0,549.1527317084191,-0.18569533817705186,-0.38167977908030093,True
2026-10-05T15:52:49.911135+00:00,1,1,13413,26371,795550,1443450,868.0960881839195,1728.2096836029295,0.4053509826021097,0.7493964207697137,6,0.0,0.0,5192.611543573698,0.0,0.0,549.1527317084191,-0.18569533817705186,-0.38167977908030093,True
2026-10-05T15:52:49.911135+00:00,1,6,9,12,726,852,0.0,0.0,0.0,0.0,6,0.0,0.0,5192.611543573698,0.0,0.0,549.1527317084191,-0.18569533817705186,-0.38167977908030093,True
2026-10-05T15:52:49.911135+00:00,1,5,9,12,726,852,0.0,0.0,0.0,0.0,6,0.0,0.0,5192.611543573698,0.0,0.0,549.1527317084191,-0.18569533817705186,-0.38167977908030093,True
2026-10-05T15:52:49.911135+00:00,1,2,25927,12971,1400274,752458,1720.2271908380199,860.1135954190099,0.7431381464420246,0.39909270827442056,6,0.0,0.0,5192.611543573698,0.0,0.0,549.1527317084191,-0.18569533817705186,-0.38167977908030093,True
2026-10-05T15:52:49.911135+00:00,1,3,231,233,22314,22398,3.9912463824548023,3.9912463824548023,0.0031291371638445652,0.0031291371638445652,6,0.0,0.0,5192.611543573698,0.0,0.0,549.1527317084191,-0.18569533817705186,-0.38167977908030093,True
2026-10-05T15:52:49.911135+00:00,2,4294967294,0,0,0,0,0.0,0.0,0.0,0.0,6,0.0,0.0,5201.395918494579,0.0,0.0,534.2749868528412,-0.18569533817705186,-0.34744897474952685,True
2026-10-05T15:52:49.911135+00:00,2,1,26373,13414,1443558,795608,1731.1363767120154,869.5615825352742,0.7506622642417943,0.4060323465710977,6,0.0,0.0,5201.395918494579,0.0,0.0,534.2749868528412,-0.18569533817705186,-0.34744897474952685,True
2026-10-05T15:52:49.911135+00:00,2,4,9,12,726,852,0.0,0.0,0.0,0.0,6,0.0,0.0,5201.395918494579,0.0,0.0,534.2749868528412,-0.18569533817705186,-0.34744897474952685,True
2026-10-05T15:52:49.911135+00:00,2,6,13414,26373,795608,1443558,869.5615825352742,1731.1363767120154,0.4060323465710977,0.7506622642417943,6,0.0,0.0,5201.395918494579,0.0,0.0,534.2749868528412,-0.18569533817705186,-0.34744897474952685,True
2026-10-05T15:52:49.911135+00:00,2,5,9,12,726,852,0.0,0.0,0.0,0.0,6,0.0,0.0,5201.395918494579,0.0,0.0,534.2749868528412,-0.18569533817705186,-0.34744897474952685,True
2026-10-05T15:52:49.911135+00:00,2,2,9,12,726,852,0.0,0.0,0.0,0.0,6,0.0,0.0,5201.395918494579,0.0,0.0,534.2749868528412,-0.18569533817705186,-0.34744897474952685,True
2026-10-05T15:52:49.911135+00:00,2,3,9,12,726,852,0.0,0.0,0.0,0.0,6,0.0,0.0,5201.395918494579,0.0,0.0,534.2749868528412,-0.18569533817705186,-0.34744897474952685,True
2026-10-05T15:52:49.911135+00:00,3,4294967294,0,0,0,0,0.0,0.0,0.0,0.0,6,0.0,0.0,5193.686958117977,0.0,0.0,666.4014794165355,-0.18569533817705186,-0.3116241221865166,True
2026-10-05T15:52:49.911135+00:00,3,1,26371,13413,1443450,795550,1728.5676040469516,868.2758750120369,0.7495516243322301,0.4054349327182642,6,0.0,0.0,5193.686958117977,0.0,0.0,666.4014794165355,-0.18569533817705186,-0.3116241221865166,True
2026-10-05T15:52:49.911135+00:00,3,2,13413,26371,795550,1443450,868.2758750120369,1728.5676040469516,0.4054349327182642,0.7495516243322301,6,0.0,0.0,5193.686958117977,0.0,0.0,666.4014794165355,-0.18569533817705186,-0.3116241221865166,True
2026-10-05T15:52:50.912913+00:00,1,4294967294,0,0,0,0,0.0,0.0,0.0,0.0,6,0.0,0.0,5195.009826837737,0.0,0.0,549.4083552012556,-0.18569533817705186,-0.38167977908030093,True
2026-10-05T15:52:50.912913+00:00,1,4,236,238,22804,22888,4.989444704992064,4.989444704992064,0.003911724648713778,0.003911724648713778,6,0.0,0.0,5195.009826837737,0.0,0.0,549.4083552012556,-0.18569533817705186,-0.38167977908030093,True
2026-10-05T15:52:50.912913+00:00,1,1,14284,28103,846468,1537418,869.1612676096175,1728.3436458092508,0.40648407278205745,0.7501570240619108,6,0.0,0.0,5195.009826837737,0.0,0.0,549.4083552012556,-0.18569533817705186,-0.38167977908030093,True
2026-10-05T15:52:50.912913+00:00,1,6,9,12,726,852,0.0,0.0,0.0,0.0,6,0.0,0.0,5195.009826837737,0.0,0.0,549.4083552012556,-0.18569533817705186,-0.38167977908030093,True
2026-10-05T15:52:50.912913+00:00,1,5,9,12,726,852,0.0,0.0,0.0,0.0,6,0.0,0.0,5195.009826837737,0.0,0.0,549.4083552012556,-0.18569533817705186,-0.38167977908030093,True
2026-10-05T15:52:50.912913+00:00,1,2,27649,13832,1493262,802396,1718.3647563992668,859.1823781996334,0.7423335747644833,0.3986606234846299,6,0.0,0.0,5195.009826837737,0.0,0.0,549.4083552012556,-0.18569533817705186,-0.38167977908030093,True
2026-10-05T15:52:50.912913+00:00,1,3,236,238,22804,22888,4.989444704992064,4.989444704992064,0.003911724648713778,0.003911724648713778,6,0.0,0.0,5195.009826837737,0.0,0.0,549.4083552012556,-0.18569533817705186,-0.38167977908030093,True
2026-10-05T15:52:50.912913+00:00,2,4294967294,0,0,0,0,0.0,0.0,0.0,0.0,6,0.0,0.0,5191.468537860123,0.0,0.0,533.2472729095916,-0.18569533817705186,-0.34744897474952685,True
2026-10-05T15:52:50.912913+00:00,2,1,28103,14284,1537418,846468,1727.1616481726949,868.5726207573668,0.7496480568670019,0.4062124459008706,6,0.0,0.0,5191.468537860123,0.0,0.0,533.2472729095916,-0.18569533817705186,-0.34744897474952685,True
2026-10-05T15:52:50.912913+00:00,2,4,9,12,726,852,0.0,0.0,0.0,0.0,6,0.0,0.0,5191.468537860123,0.0,0.0,533.2472729095916,-0.18569533817705186,-0.34744897474952685,True
2026-10-05T15:52:50.912913+00:00,2,6,14284,28103,846468,1537418,868.5726207573668,1727.1616481726949,0.4062124459008706,0.7496480568670019,6,0.0,0.0,5191.468537860123,0.0,0.0,533.2472729095916,-0.18569533817705186,-0.34744897474952685,True
2026-10-05T15:52:50.912913+00:00,2,5,9,12,726,852,0.0,0.0,0.0,0.0,6,0.0,0.0,5191.468537860123,0.0,0.0,533.2472729095916,-0.18569533817705186,-0.34744897474952685,True
2026-10-05T15:52:50.912913+00:00,2,2,9,12,726,852,0.0,0.0,0.0,0.0,6,0.0,0.0,5191.468537860123,0.0,0.0,533.2472729095916,-0.18569533817705186,-0.34744897474952685,True
2026-10-05T15:52:50.912913+00:00,2,3,9,12,726,852,0.0,0.0,0.0,0.0,6,0.0,0.0,5191.468537860123,0.0,0.0,533.2472729095916,-0.18569533817705186,-0.34744897474952685,True
2026-10-05T15:52:50.912913+00:00,3,4294967294,0,0,0,0,0.0,0.0,0.0,0.0,6,0.0,0.0,5196.742050832068,0.0,0.0,666.7964346450261,-0.18569533817705186,-0.3116241221865166,True
2026-10-05T15:52:50.912913+00:00,3,1,28103,14284,1537418,846468,1728.9199446871191,869.451080728915,0.7504071564081257,0.40661961082484405,6,0.0,0.0,5196.742050832068,0.0,0.0,666.7964346450261,-0.18569533817705186,-0.3116241221865166,True
2026-10-05T15:52:50.912913+00:00,3,2,14284,28103,846468,1537418,869.451080728915,1728.9199446871191,0.40661961082484405,0.7504071564081257,6,0.0,0.0,5196.742050832068,0.0,0.0,666.7964346450261,-0.18569533817705186,-0.3116241221865166,True
2026-10-05T15:52:51.915057+00:00,1,4294967294,0,0,0,0,0.0,0.0,0.0,0.0,6,0.0,0.0,5060.931720573654,0.0,0.0,535.1175020939244,-0.18569533817705186,-0.38167977908030093,True
2026-10-05T15:52:51.915057+00:00,1,4,241,243,23294,23378,4.993026559366274,4.993026559366274,0.003914532822543158,0.003914532822543158,6,0.0,0.0,5060.931720573654,0.0,0.0,535.1175020939244,-0.18569533817705186,-0.38167977908030093,True
2026-10-05T15:52:51.915057+00:00,1,1,15132,29789,896052,1628902,846.81730446852,1683.6485558183074,0.3961187662713877,0.7308512668113026,6,0.0,0.0,5060.931720573654,0.0,0.0,535.1175020939244,-0.18569533817705186,-0.38167977908030093,True
2026-10-05T15:52:51.915057+00:00,1,6,9,12,726,852,0.0,0.0,0.0,0.0,6,0.0,0.0,5060.931720573654,0.0,0.0,535.1175020939244,-0.18569533817705186,-0.38167977908030093,True
2026-10-05T15:52:51.915057+00:00,1,5,9,12,726,852,0.0,0.0,0.0,0.0,6,0.0,0.0,5060.931720573654,0.0,0.0,535.1175020939244,-0.18569533817705186,-0.38167977908030093,True
2026-10-05T15:52:51.915057+00:00,1,2,29325,14670,1583766,851000,1673.6625026995748,836.8312513497874,0.7230222011662163,0.38828970062630136,6,0.0,0.0,5060.931720573654,0.0,0.0,535.1175020939244,-0.18569533817705186,-0.38167977908030093,True
2026-10-05T15:52:51.915057+00:00,1,3,241,243,23294,23378,4.993026559366274,4.993026559366274,0.003914532822543158,0.003914532822543158,6,0.0,0.0,5060.931720573654,0.0,0.0,535.1175020939244,-0.18569533817705186,-0.38167977908030093,True
2026-10-05T15:52:51.915057+00:00,2,4294967294,0,0,0,0,0.0,0.0,0.0,0.0,6,0.0,0.0,5052.7163465237045,0.0,0.0,518.8832057962634,-0.18569533817705186,-0.34744897474952685,True
2026-10-05T15:52:51.915057+00:00,2,1,29789,15132,1628902,896052,1680.915501231051,845.4426720308014,0.7296648812081682,0.39547574952806847,6,0.0,0.0,5052.7163465237045,0.0,0.0,518.8832057962634,-0.18569533817705186,-0.34744897474952685,True
2026-10-05T15:52:51.915057+00:00,2,4,9,12,726,852,0.0,0.0,0.0,0.0,6,0.0,0.0,5052.7163465237045,0.0,0.0,518.8832057962634,-0.18569533817705186,-0.34744897474952685,True
2026-10-05T15:52:51.915057+00:00,2,6,15132,29789,896052,1628902,845.4426720308014,1680.915501231051,0.39547574952806847,0.7296648812081682,6,0.0,0.0,5052.7163465237045,0.0,0.0,518.8832057962634,-0.18569533817705186,-0.34744897474952685,True
2026-10-05T15:52:51.915057+00:00,2,5,9,12,726,852,0.0,0.0,0.0,0.0,6,0.0,0.0,5052.7163465237045,0.0,0.0,518.8832057962634,-0.18569533817705186,-0.34744897474952685,True
2026-10-05T15:52:51.915057+00:00,2,2,9,12,726,852,0.0,0.0,0.0,0.0,6,0.0,0.0,5052.7163465237045,0.0,0.0,518.8832057962634,-0.18569533817705186,-0.34744897474952685,True
2026-10-05T15:52:51.915057+00:00,2,3,9,12,726,852,0.0,0.0,0.0,0.0,6,0.0,0.0,5052.7163465237045,0.0,0.0,518.8832057962634,-0.18569533817705186,-0.34744897474952685,True
2026-10-05T15:52:51.915057+00:00,3,4294967294,0,0,0,0,0.0,0.0,0.0,0.0,6,0.0,0.0,5053.3624706985165,0.0,0.0,648.260658440481,-0.18569533817705186,-0.3116241221865166,True
2026-10-05T15:52:51.915057+00:00,3,1,29789,15132,1628902,896052,1681.1304509861284,845.5507843631298,0.7297581882705337,0.3955263216213342,6,0.0,0.0,5053.3624706985165,0.0,0.0,648.260658440481,-0.18569533817705186,-0.3116241221865166,True
2026-10-05T15:52:51.915057+00:00,3,2,15132,29789,896052,1628902,845.5507843631298,1681.1304509861284,0.3955263216213342,0.7297581882705337,6,0.0,0.0,5053.3624706985165,0.0,0.0,648.260658440481,-0.18569533817705186,-0.3116241221865166,True
2026-10-05T15:52:52.917330+00:00,1,4294967294,0,0,0,0,0.0,0.0,0.0,0.0,6,0.0,0.0,5158.482588868189,0.0,0.0,545.5150619053973,-0.18569533817705186,-0.38167977908030093,True
2026-10-05T15:52:52.917330+00:00,1,4,246,248,23784,23868,4.98886130451469,4.98886130451469,0.003911267262739517,0.003911267262739517,6,0.0,0.0,5158.482588868189,0.0,0.0,545.5150619053973,-0.18569533817705186,-0.38167977908030093,True
2026-10-05T15:52:52.917330+00:00,1,1,15997,31509,946622,1722222,863.0730056810413,1716.1682887530533,0.4036587458708926,0.7448968590996973,6,0.0,0.0,5158.482588868189,0.0,0.0,545.5150619053973,-0.18569533817705186,-0.38167977908030093,True
2026-10-05T15:52:52.917330+00:00,1,6,9,12,726,852,0.0,0.0,0.0,0.0,6,0.0,0.0,5158.482588868189,0.0,0.0,545.5150619053973,-0.18569533817705186,-0.38167977908030093,True
2026-10-05T15:52:52.917330+00:00,1,5,9,12,726,852,0.0,0.0,0.0,0.0,6,0.0,0.0,5158.482588868189,0.0,0.0,545.5150619053973,-0.18569533817705186,-0.38167977908030093,True
2026-10-05T15:52:52.917330+00:00,1,2,31035,15525,1676106,900590,1706.190566144024,853.095283072012,0.7370743245742184,0.3958362113454135,6,0.0,0.0,5158.482588868189,0.0,0.0,545.5150619053973,-0.18569533817705186,-0.38167977908030093,True
2026-10-05T15:52:52.917330+00:00,1,3,246,248,23784,23868,4.98886130451469,4.98886130451469,0.003911267262739517,0.003911267262739517,6,0.0,0.0,5158.482588868189,0.0,0.0,545.5150619053973,-0.18569533817705186,-0.38167977908030093,True
2026-10-05T15:52:52.917330+00:00,2,4294967294,0,0,0,0,0.0,0.0,0.0,0.0,6,0.0,0.0,5164.265011441757,0.0,0.0,530.4310775368988,-0.18569533817705186,-0.34744897474952685,True
2026-10-05T15:52:52.917330+00:00,2,1,31509,15997,1722222,946622,1718.0920347543176,864.0404709665609,0.7457318543408042,0.40411122882570155,6,0.0,0.0,5164.265011441757,0.0,0.0,530.4310775368988,-0.18569533817705186,-0.34744897474952685,True
2026-10-05T15:52:52.917330+00:00,2,4,9,12,726,852,0.0,0.0,0.0,0.0,6,0.0,0.0,5164.265011441757,0.0,0.0,530.4310775368988,-0.18569533817705186,-0.34744897474952685,True
2026-10-05T15:52:52.917330+00:00,2,6,15997,31509,946622,1722222,864.0404709665609,1718.0920347543176,0.40411122882570155,0.7457318543408042,6,0.0,0.0,5164.265011441757,0.0,0.0,530.4310775368988,-0.18569533817705186,-0.34744897474952685,True
2026-10-05T15:52:52.917330+00:00,2,5,9,12,726,852,0.0,0.0,0.0,0.0,6,0.0,0.0,5164.265011441757,0.0,0.0,530.4310775368988,-0.18569533817705186,-0.34744897474952685,True
2026-10-05T15:52:52.917330+00:00,2,2,9,12,726,852,0.0,0.0,0.0,0.0,6,0.0,0.0,5164.265011441757,0.0,0.0,530.4310775368988,-0.18569533817705186,-0.34744897474952685,True
2026-10-05T15:52:52.917330+00:00,2,3,9,12,726,852,0.0,0.0,0.0,0.0,6,0.0,0.0,5164.265011441757,0.0,0.0,530.4310775368988,-0.18569533817705186,-0.34744897474952685,True
2026-10-05T15:52:52.917330+00:00,3,4294967294,0,0,0,0,0.0,0.0,0.0,0.0,6,0.0,0.0,5164.21758424644,0.0,0.0,662.5917478043905,-0.18569533817705186,-0.3116241221865166,True
2026-10-05T15:52:52.917330+00:00,3,1,31509,15997,1722222,946622,1718.0762562676746,864.0325358555457,0.7457250057437181,0.4041075175788666,6,0.0,0.0,5164.21758424644,0.0,0.0,662.5917478043905,-0.18569533817705186,-0.3116241221865166,True
2026-10-05T15:52:52.917330+00:00,3,2,15997,31509,946622,1722222,864.0325358555457,1718.0762562676746,0.4041075175788666,0.7457250057437181,6,0.0,0.0,5164.21758424644,0.0,0.0,662.5917478043905,-0.18569533817705186,-0.3116241221865166,True
2026-10-05T15:52:53.919446+00:00,1,4294967294,0,0,0,0,0.0,0.0,0.0,0.0,6,0.0,0.0,5054.408684928734,0.0,0.0,534.4222376185161,-0.18569533817705186,-0.38167977908030093,True
2026-10-05T15:52:53.919446+00:00,1,4,251,253,24274,24358,4.9865910466937,4.9865910466937,0.003909487380607861,0.003909487380607861,6,0.0,0.0,5054.408684928734,0.0,0.0,534.4222376185161,-0.18569533817705186,-0.38167977908030093,True
2026-10-05T15:52:53.919446+00:00,1,1,16845,33195,996206,1813706,845.7258415192515,1681.4785009451157,0.3956082087348167,0.7299092725051622,6,0.0,0.0,5054.408684928734,0.0,0.0,534.4222376185161,-0.18569533817705186,-0.38167977908030093,True
2026-10-05T15:52:53.919446+00:00,1,6,9,12,726,852,0.0,0.0,0.0,0.0,6,0.0,0.0,5054.408684928734,0.0,0.0,534.4222376185161,-0.18569533817705186,-0.38167977908030093,True
2026-10-05T15:52:53.919446+00:00,1,5,9,12,726,852,0.0,0.0,0.0,0.0,6,0.0,0.0,5054.408684928734,0.0,0.0,534.4222376185161,-0.18569533817705186,-0.38167977908030093,True
2026-10-05T15:52:53.919446+00:00,1,2,32711,16363,1766610,949194,1671.5053188517284,835.7526594258642,0.7220902977439466,0.38778923397360093,6,0.0,0.0,5054.408684928734,0.0,0.0,534.4222376185161,-0.18569533817705186,-0.38167977908030093,True
2026-10-05T15:52:53.919446+00:00,1,3,251,253,24274,24358,4.9865910466937,4.9865910466937,0.003909487380607861,0.003909487380607861,6,0.0,0.0,5054.408684928734,0.0,0.0,534.4222376185161,-0.18569533817705186,-0.38167977908030093,True
2026-10-05T15:52:53.919446+00:00,2,4294967294,0,0,0,0,0.0,0.0,0.0,0.0,6,0.0,0.0,5055.428620134879,0.0,0.0,519.1639889666434,-0.18569533817705186,-0.34744897474952685,True
2026-10-05T15:52:53.919446+00:00,2,1,33195,16845,1813706,996206,1681.817808513695,845.8965015537445,0.7300565617749317,0.39568803899095156,6,0.0,0.0,5055.428620134879,0.0,0.0,519.1639889666434,-0.18569533817705186,-0.34744897474952685,True
2026-10-05T15:52:53.919446+00:00,2,4,9,12,726,852,0.0,0.0,0.0,0.0,6,0.0,0.0,5055.428620134879,0.0,0.0,519.1639889666434,-0.18569533817705186,-0.34744897474952685,True
2026-10-05T15:52:53.919446+00:00,2,6,16845,33195,996206,1813706,845.8965015537445,1681.817808513695,0.39568803899095156,0.7300565617749317,6,0.0,0.0,5055.428620134879,0.0,0.0,519.1639889666434,-0.18569533817705186,-0.34744897474952685,True
2026-10-05T15:52:53.919446+00:00,2,5,9,12,726,852,0.0,0.0,0.0,0.0,6,0.0,0.0,5055.428620134879,0.0,0.0,519.1639889666434,-0.18569533817705186,-0.34744897474952685,True
2026-10-05T15:52:53.919446+00:00,2,2,9,12,726,852,0.0,0.0,0.0,0.0,6,0.0,0.0,5055.428620134879,0.0,0.0,519.1639889666434,-0.18569533817705186,-0.34744897474952685,True
2026-10-05T15:52:53.919446+00:00,2,3,9,12,726,852,0.0,0.0,0.0,0.0,6,0.0,0.0,5055.428620134879,0.0,0.0,519.1639889666434,-0.18569533817705186,-0.34744897474952685,True
2026-10-05T15:52:53.919446+00:00,3,4294967294,0,0,0,0,0.0,0.0,0.0,0.0,6,0.0,0.0,5055.443466468452,0.0,0.0,648.5296846981825,-0.18569533817705186,-0.3116241221865166,True
2026-10-05T15:52:53.919446+00:00,3,1,33195,16845,1813706,996206,1681.8227475267977,845.8989857074286,0.7300587057401735,0.39568920101242583,6,0.0,0.0,5055.443466468452,0.0,0.0,648.5296846981825,-0.18569533817705186,-0.3116241221865166,True
2026-10-05T15:52:53.919446+00:00,3,2,16845,33195,996206,1813706,845.8989857074286,1681.8227475267977,0.39568920101242583,0.7300587057401735,6,0.0,0.0,5055.443466468452,0.0,0.0,648.5296846981825,-0.18569533817705186,-0.3116241221865166,True
2026-10-05T15:52:54.922376+00:00,1,4294967294,0,0,0,0,0.0,0.0,0.0,0.0,6,0.0,0.0,5182.095189719276,0.0,0.0,548.0318352970224,-0.18569533817705186,-0.38167977908030093,True
2026-10-05T15:52:54.922376+00:00,1,4,257,259,24806,24890,5.983943637089234,5.983943637089234,0.004244610686575296,0.004244610686575296,6,0.0,0.0,5182.095189719276,0.0,0.0,548.0318352970224,-0.18569533817705186,-0.38167977908030093,True
2026-10-05T15:52:54.922376+00:00,1,1,17715,34923,1047034,1907434,867.6718273779389,1723.3757674816993,0.40553584958129546,0.7478174256227995,6,0.0,0.0,5182.095189719276,0.0,0.0,548.0318352970224,-0.18569533817705186,-0.38167977908030093,True
2026-10-05T15:52:54.922376+00:00,1,6,9,12,726,852,0.0,0.0,0.0,0.0,6,0.0,0.0,5182.095189719276,0.0,0.0,548.0318352970224,-0.18569533817705186,-0.38167977908030093,True
2026-10-05T15:52:54.922376+00:00,1,5,9,12,726,852,0.0,0.0,0.0,0.0,6,0.0,0.0,5182.095189719276,0.0,0.0,548.0318352970224,-0.18569533817705186,-0.38167977908030093,True
2026-10-05T15:52:54.922376+00:00,1,2,34427,17221,1859274,998958,1711.407880207521,855.7039401037605,0.739328204249649,0.39704662820814485,6,0.0,0.0,5182.095189719276,0.0,0.0,548.0318352970224,-0.18569533817705186,-0.38167977908030093,True
2026-10-05T15:52:54.922376+00:00,1,3,257,259,24806,24890,5.983943637089234,5.983943637089234,0.004244610686575296,0.004244610686575296,6,0.0,0.0,5182.095189719276,0.0,0.0,548.0318352970224,-0.18569533817705186,-0.38167977908030093,True
2026-10-05T15:52:54.922376+00:00,2,4294967294,0,0,0,0,0.0,0.0,0.0,0.0,6,0.0,0.0,5180.74269203883,0.0,0.0,532.136899316639,-0.18569533817705186,-0.34744897474952685,True
2026-10-05T15:52:54.922376+00:00,2,1,34923,17715,1907434,1047034,1722.925976105292,867.4453699141227,0.7476222494833186,0.40543000700685083,6,0.0,0.0,5180.74269203883,0.0,0.0,532.136899316639,-0.18569533817705186,-0.34744897474952685,True
2026-10-05T15:52:54.922376+00:00,2,4,9,12,726,852,0.0,0.0,0.0,0.0,6,0.0,0.0,5180.74269203883,0.0,0.0,532.136899316639,-0.18569533817705186,-0.34744897474952685,True
2026-10-05T15:52:54.922376+00:00,2,6,17715,34923,1047034,1907434,867.4453699141227,1722.925976105292,0.40543000700685083,0.7476222494833186,6,0.0,0.0,5180.74269203883,0.0,0.0,532.136899316639,-0.18569533817705186,-0.34744897474952685,True
2026-10-05T15:52:54.922376+00:00,2,5,9,12,726,852,0.0,0.0,0.0,0.0,6,0.0,0.0,5180.74269203883,0.0,0.0,532.136899316639,-0.18569533817705186,-0.34744897474952685,True
2026-10-05T15:52:54.922376+00:00,2,2,9,12,726,852,0.0,0.0,0.0,0.0,6,0.0,0.0,5180.74269203883,0.0,0.0,532.136899316639,-0.18569533817705186,-0.34744897474952685,True
2026-10-05T15:52:54.922376+00:00,2,3,9,12,726,852,0.0,0.0,0.0,0.0,6,0.0,0.0,5180.74269203883,0.0,0.0,532.136899316639,-0.18569533817705186,-0.34744897474952685,True
2026-10-05T15:52:54.922376+00:00,3,4294967294,0,0,0,0,0.0,0.0,0.0,0.0,6,0.0,0.0,5180.755791849511,0.0,0.0,664.7297685369753,-0.18569533817705186,-0.3116241221865166,True
2026-10-05T15:52:54.922376+00:00,3,1,34923,17715,1907434,1047034,1722.9303326243178,867.4475633004378,0.7476241398898706,0.4054310321603186,6,0.0,0.0,5180.755791849511,0.0,0.0,664.7297685369753,-0.18569533817705186,-0.3116241221865166,True
2026-10-05T15:52:54.922376+00:00,3,2,17715,34923,1047034,1907434,867.4475633004378,1722.9303326243178,0.4054310321603186,0.7476241398898706,6,0.0,0.0,5180.755791849511,0.0,0.0,664.7297685369753,-0.18569533817705186,-0.3116241221865166,True
2026-10-05T15:52:55.924776+00:00,1,4294967294,0,0,0,0,0.0,0.0,0.0,0.0,6,0.0,0.0,5174.4085331987635,0.0,0.0,547.2125450916194,-0.18569533817705186,-0.38167977908030093,True
2026-10-05T15:52:55.924776+00:00,1,4,262,264,25296,25380,4.98882427034204,4.98882427034204,0.003911238227948159,0.003911238227948159,6,0.0,0.0,5174.4085331987635,0.0,0.0,547.2125450916194,-0.18569533817705186,-0.38167977908030093,True
2026-10-05T15:52:55.924776+00:00,1,1,18582,36648,1097720,2001024,865.0621284773097,1721.1443732680036,0.40458167514649057,0.7470465015380984,6,0.0,0.0,5174.4085331987635,0.0,0.0,547.2125450916194,-0.18569533817705186,-0.38167977908030093,True
2026-10-05T15:52:55.924776+00:00,1,6,9,12,726,852,0.0,0.0,0.0,0.0,6,0.0,0.0,5174.4085331987635,0.0,0.0,547.2125450916194,-0.18569533817705186,-0.38167977908030093,True
2026-10-05T15:52:55.924776+00:00,1,5,9,12,726,852,0.0,0.0,0.0,0.0,6,0.0,0.0,5174.4085331987635,0.0,0.0,547.2125450916194,-0.18569533817705186,-0.38167977908030093,True
2026-10-05T15:52:55.924776+00:00,1,2,36143,18079,1951938,1048722,1712.164489581388,856.082244790694,0.7396550594991596,0.397222161582882,6,0.0,0.0,5174.4085331987635,0.0,0.0,547.2125450916194,-0.18569533817705186,-0.38167977908030093,True
2026-10-05T15:52:55.924776+00:00,1,3,262,264,25296,25380,4.98882427034204,4.98882427034204,0.003911238227948159,0.003911238227948159,6,0.0,0.0,5174.4085331987635,0.0,0.0,547.2125450916194,-0.18569533817705186,-0.38167977908030093,True
2026-10-05T15:52:55.924776+00:00,2,4294967294,0,0,0,0,0.0,0.0,0.0,0.0,6,0.0,0.0,5176.932515526561,0.0,0.0,531.7424577542483,-0.18569533817705186,-0.34744897474952685,True
2026-10-05T15:52:55.924776+00:00,2,1,36649,18583,2001078,1097778,1722.31794946007,866.1483083032101,0.7475538450022655,0.40508598853952166,6,0.0,0.0,5176.932515526561,0.0,0.0,531.7424577542483,-0.18569533817705186,-0.34744897474952685,True
2026-10-05T15:52:55.924776+00:00,2,4,9,12,726,852,0.0,0.0,0.0,0.0,6,0.0,0.0,5176.932515526561,0.0,0.0,531.7424577542483,-0.18569533817705186,-0.34744897474952685,True
2026-10-05T15:52:55.924776+00:00,2,6,18583,36649,1097778,2001078,866.1483083032101,1722.31794946007,0.40508598853952166,0.7475538450022655,6,0.0,0.0,5176.932515526561,0.0,0.0,531.7424577542483,-0.18569533817705186,-0.34744897474952685,True
2026-10-05T15:52:55.924776+00:00,2,5,9,12,726,852,0.0,0.0,0.0,0.0,6,0.0,0.0,5176.932515526561,0.0,0.0,531.7424577542483,-0.18569533817705186,-0.34744897474952685,True
2026-10-05T15:52:55.924776+00:00,2,2,9,12,726,852,0.0,0.0,0.0,0.0,6,0.0,0.0,5176.932515526561,0.0,0.0,531.7424577542483,-0.18569533817705186,-0.34744897474952685,True
2026-10-05T15:52:55.924776+00:00,2,3,9,12,726,852,0.0,0.0,0.0,0.0,6,0.0,0.0,5176.932515526561,0.0,0.0,531.7424577542483,-0.18569533817705186,-0.34744897474952685,True
2026-10-05T15:52:55.924776+00:00,3,4294967294,0,0,0,0,0.0,0.0,0.0,0.0,6,0.0,0.0,5176.261238520284,0.0,0.0,664.1487232125828,-0.18569533817705186,-0.3116241221865166,True
2026-10-05T15:52:55.924776+00:00,3,1,36649,18583,2001078,1097778,1722.094621759061,866.0359975010806,0.7474569119814856,0.4050334622782934,6,0.0,0.0,5176.261238520284,0.0,0.0,664.1487232125828,-0.18569533817705186,-0.3116241221865166,True
2026-10-05T15:52:55.924776+00:00,3,2,18583,36649,1097778,2001078,866.0359975010806,1722.094621759061,0.4050334622782934,0.7474569119814856,6,0.0,0.0,5176.261238520284,0.0,0.0,664.1487232125828,-0.18569533817705186,-0.3116241221865166,True
2026-10-05T15:52:56.926619+00:00,1,4294967294,0,0,0,0,0.0,0.0,0.0,0.0,6,0.0,0.0,5450.101618086362,0.0,0.0,576.597576612542,-0.18569533817705186,-0.38167977908030093,True
2026-10-05T15:52:56.926619+00:00,1,4,267,269,25786,25870,4.990935547698133,4.990935547698133,0.003912893469395337,0.003912893469395337,6,0.0,0.0,5450.101618086362,0.0,0.0,576.597576612542,-0.18569533817705186,-0.38167977908030093,True
2026-10-05T15:52:56.926619+00:00,1,1,19496,38465,1151132,2099582,912.3430181192189,1813.7059780335019,0.42652135915784434,0.7870346011360523,6,0.0,0.0,5450.101618086362,0.0,0.0,576.597576612542,-0.18569533817705186,-0.38167977908030093,True
2026-10-05T15:52:56.926619+00:00,1,6,9,12,726,852,0.0,0.0,0.0,0.0,6,0.0,0.0,5450.101618086362,0.0,0.0,576.597576612542,-0.18569533817705186,-0.38167977908030093,True
2026-10-05T15:52:56.926619+00:00,1,5,9,12,726,852,0.0,0.0,0.0,0.0,6,0.0,0.0,5450.101618086362,0.0,0.0,576.597576612542,-0.18569533817705186,-0.38167977908030093,True
2026-10-05T15:52:56.926619+00:00,1,2,37949,18982,2049462,1101096,1802.7259198285658,901.3629599142829,0.7787775973659404,0.41823241340022727,6,0.0,0.0,5450.101618086362,0.0,0.0,576.597576612542,-0.18569533817705186,-0.38167977908030093,True
2026-10-05T15:52:56.926619+00:00,1,3,267,269,25786,25870,4.990935547698133,4.990935547698133,0.003912893469395337,0.003912893469395337,6,0.0,0.0,5450.101618086362,0.0,0.0,576.597576612542,-0.18569533817705186,-0.38167977908030093,True
2026-10-05T15:52:56.926619+00:00,2,4294967294,0,0,0,0,0.0,0.0,0.0,0.0,6,0.0,0.0,5450.7949373570455,0.0,0.0,560.0935646384189,-0.18569533817705186,-0.34744897474952685,True
2026-10-05T15:52:56.926619+00:00,2,1,38466,19496,2099636,1151132,1813.9367035124087,911.460765166114,0.787134721518001,0.4261124001285682,6,0.0,0.0,5450.7949373570455,0.0,0.0,560.0935646384189,-0.18569533817705186,-0.34744897474952685,True
2026-10-05T15:52:56.926619+00:00,2,4,9,12,726,852,0.0,0.0,0.0,0.0,6,0.0,0.0,5450.7949373570455,0.0,0.0,560.0935646384189,-0.18569533817705186,-0.34744897474952685,True
2026-10-05T15:52:56.926619+00:00,2,6,19496,38466,1151132,2099636,911.460765166114,1813.9367035124087,0.4261124001285682,0.787134721518001,6,0.0,0.0,5450.7949373570455,0.0,0.0,560.0935646384189,-0.18569533817705186,-0.34744897474952685,True
2026-10-05T15:52:56.926619+00:00,2,5,9,12,726,852,0.0,0.0,0.0,0.0,6,0.0,0.0,5450.7949373570455,0.0,0.0,560.0935646384189,-0.18569533817705186,-0.34744897474952685,True
2026-10-05T15:52:56.926619+00:00,2,2,9,12,726,852,0.0,0.0,0.0,0.0,6,0.0,0.0,5450.7949373570455,0.0,0.0,560.0935646384189,-0.18569533817705186,-0.34744897474952685,True
2026-10-05T15:52:56.926619+00:00,2,3,9,12,726,852,0.0,0.0,0.0,0.0,6,0.0,0.0,5450.7949373570455,0.0,0.0,560.0935646384189,-0.18569533817705186,-0.34744897474952685,True
2026-10-05T15:52:56.926619+00:00,3,4294967294,0,0,0,0,0.0,0.0,0.0,0.0,6,0.0,0.0,5448.814405040118,0.0,0.0,699.383758032367,-0.18569533817705186,-0.3116241221865166,True
2026-10-05T15:52:56.926619+00:00,3,1,38465,19496,2099582,1151132,1812.9437448795995,911.4634576404594,0.7867057737692514,0.42611365887359537,6,0.0,0.0,5448.814405040118,0.0,0.0,699.383758032367,-0.18569533817705186,-0.3116241221865166,True
2026-10-05T15:52:56.926619+00:00,3,2,19496,38465,1151132,2099582,911.4634576404594,1812.9437448795995,0.42611365887359537,0.7867057737692514,6,0.0,0.0,5448.814405040118,0.0,0.0,699.383758032367,-0.18569533817705186,-0.3116241221865166,True
2026-10-05T15:52:57.928570+00:00,1,4294967294,0,0,0,0,0.0,0.0,0.0,0.0,6,0.0,0.0,5287.714619055867,0.0,0.0,559.2893910008332,-0.18569533817705186,-0.38167977908030093,True
2026-10-05T15:52:57.928570+00:00,1,4,271,273,26178,26262,3.9907280143817863,3.9907280143817863,0.0031287307632753203,0.0031287307632753203,6,0.0,0.0,5287.714619055867,0.0,0.0,559.2893910008332,-0.18569533817705186,-0.38167977908030093,True
2026-10-05T15:52:57.928570+00:00,1,1,20382,40229,1202840,2195190,883.9462551855656,1759.9110543423676,0.41270512833530676,0.7630910479980276,6,0.0,0.0,5287.714619055867,0.0,0.0,559.2893910008332,-0.18569533817705186,-0.38167977908030093,True
2026-10-05T15:52:57.928570+00:00,1,6,9,12,726,852,0.0,0.0,0.0,0.0,6,0.0,0.0,5287.714619055867,0.0,0.0,559.2893910008332,-0.18569533817705186,-0.38167977908030093,True
2026-10-05T15:52:57.928570+00:00,1,5,9,12,726,852,0.0,0.0,0.0,0.0,6,0.0,0.0,5287.714619055867,0.0,0.0,559.2893910008332,-0.18569533817705186,-0.38167977908030093,True
2026-10-05T15:52:57.928570+00:00,1,2,39705,19860,2144286,1152020,1751.9295983136042,875.9647991568021,0.7568335864714769,0.4064476668087561,6,0.0,0.0,5287.714619055867,0.0,0.0,559.2893910008332,-0.18569533817705186,-0.38167977908030093,True
2026-10-05T15:52:57.928570+00:00,1,3,271,273,26178,26262,3.9907280143817863,3.9907280143817863,0.0031287307632753203,0.0031287307632753203,6,0.0,0.0,5287.714619055867,0.0,0.0,559.2893910008332,-0.18569533817705186,-0.38167977908030093,True
2026-10-05T15:52:57.928570+00:00,2,4294967294,0,0,0,0,0.0,0.0,0.0,0.0,6,0.0,0.0,5290.399737659858,0.0,0.0,543.4889446254637,-0.18569533817705186,-0.34744897474952685,True
2026-10-05T15:52:57.928570+00:00,2,1,40229,20382,2195190,1202840,1760.4708828792618,884.728985950667,0.7633353817023029,0.4130705770251656,6,0.0,0.0,5290.399737659858,0.0,0.0,543.4889446254637,-0.18569533817705186,-0.34744897474952685,True
2026-10-05T15:52:57.928570+00:00,2,4,9,12,726,852,0.0,0.0,0.0,0.0,6,0.0,0.0,5290.399737659858,0.0,0.0,543.4889446254637,-0.18569533817705186,-0.34744897474952685,True
2026-10-05T15:52:57.928570+00:00,2,6,20382,40229,1202840,2195190,884.728985950667,1760.4708828792618,0.4130705770251656,0.7633353817023029,6,0.0,0.0,5290.399737659858,0.0,0.0,543.4889446254637,-0.18569533817705186,-0.34744897474952685,True
2026-10-05T15:52:57.928570+00:00,2,5,9,12,726,852,0.0,0.0,0.0,0.0,6,0.0,0.0,5290.399737659858,0.0,0.0,543.4889446254637,-0.18569533817705186,-0.34744897474952685,True
2026-10-05T15:52:57.928570+00:00,2,2,9,12,726,852,0.0,0.0,0.0,0.0,6,0.0,0.0,5290.399737659858,0.0,0.0,543.4889446254637,-0.18569533817705186,-0.34744897474952685,True
2026-10-05T15:52:57.928570+00:00,2,3,9,12,726,852,0.0,0.0,0.0,0.0,6,0.0,0.0,5290.399737659858,0.0,0.0,543.4889446254637,-0.18569533817705186,-0.34744897474952685,True
2026-10-05T15:52:57.928570+00:00,3,4294967294,0,0,0,0,0.0,0.0,0.0,0.0,6,0.0,0.0,5296.131504307669,0.0,0.0,679.6452703369691,-0.18569533817705186,-0.3116241221865166,True
2026-10-05T15:52:57.928570+00:00,3,1,40229,20382,2195190,1202840,1762.7124478488167,885.353304305018,0.764305722058638,0.41336206464111847,6,0.0,0.0,5296.131504307669,0.0,0.0,679.6452703369691,-0.18569533817705186,-0.3116241221865166,True
2026-10-05T15:52:57.928570+00:00,3,2,20382,40229,1202840,2195190,885.353304305018,1762.7124478488167,0.41336206464111847,0.764305722058638,6,0.0,0.0,5296.131504307669,0.0,0.0,679.6452703369691,-0.18569533817705186,-0.3116241221865166,True
2026-10-05T15:52:58.930058+00:00,1,4294967294,0,0,0,0,0.0,0.0,0.0,0.0,6,0.0,0.0,5365.582072431127,0.0,0.0,567.5889737517712,-0.18569533817705186,-0.38167977908030093,True
2026-10-05T15:52:58.930058+00:00,1,4,276,278,26668,26752,4.992167912570829,4.992167912570829,0.00391385964345553,0.00391385964345553,6,0.0,0.0,5365.582072431127,0.0,0.0,567.5889737517712,-0.18569533817705186,-0.38167977908030093,True
2026-10-05T15:52:58.930058+00:00,1,1,21281,42017,1255382,2292182,897.591790680235,1785.1992455353284,0.4196775783396744,0.7747205602817118,6,0.0,0.0,5365.582072431127,0.0,0.0,567.5889737517712,-0.18569533817705186,-0.38167977908030093,True
2026-10-05T15:52:58.930058+00:00,1,6,9,12,726,852,0.0,0.0,0.0,0.0,6,0.0,0.0,5365.582072431127,0.0,0.0,567.5889737517712,-0.18569533817705186,-0.38167977908030093,True
2026-10-05T15:52:58.930058+00:00,1,5,9,12,726,852,0.0,0.0,0.0,0.0,6,0.0,0.0,5365.582072431127,0.0,0.0,567.5889737517712,-0.18569533817705186,-0.38167977908030093,True
2026-10-05T15:52:58.930058+00:00,1,2,41483,20749,2240298,1203582,1775.2149097101867,887.6074548550934,0.7668928409948007,0.41184985905276333,6,0.0,0.0,5365.582072431127,0.0,0.0,567.5889737517712,-0.18569533817705186,-0.38167977908030093,True
2026-10-05T15:52:58.930058+00:00,1,3,276,278,26668,26752,4.992167912570829,4.992167912570829,0.00391385964345553,0.00391385964345553,6,0.0,0.0,5365.582072431127,0.0,0.0,567.5889737517712,-0.18569533817705186,-0.38167977908030093,True
2026-10-05T15:52:58.930058+00:00,2,4294967294,0,0,0,0,0.0,0.0,0.0,0.0,6,0.0,0.0,5361.610363958149,0.0,0.0,550.860894613992,-0.18569533817705186,-0.34744897474952685,True
2026-10-05T15:52:58.930058+00:00,2,1,42017,21281,2292182,1255382,1783.8778062443562,896.9273757347182,0.7741470970167902,0.419366924812935,6,0.0,0.0,5361.610363958149,0.0,0.0,550.860894613992,-0.18569533817705186,-0.34744897474952685,True
2026-10-05T15:52:58.930058+00:00,2,4,9,12,726,852,0.0,0.0,0.0,0.0,6,0.0,0.0,5361.610363958149,0.0,0.0,550.860894613992,-0.18569533817705186,-0.34744897474952685,True
2026-10-05T15:52:58.930058+00:00,2,6,21281,42017,1255382,2292182,896.9273757347182,1783.8778062443562,0.419366924812935,0.7741470970167902,6,0.0,0.0,5361.610363958149,0.0,0.0,550.860894613992,-0.18569533817705186,-0.34744897474952685,True
2026-10-05T15:52:58.930058+00:00,2,5,9,12,726,852,0.0,0.0,0.0,0.0,6,0.0,0.0,5361.610363958149,0.0,0.0,550.860894613992,-0.18569533817705186,-0.34744897474952685,True
2026-10-05T15:52:58.930058+00:00,2,2,9,12,726,852,0.0,0.0,0.0,0.0,6,0.0,0.0,5361.610363958149,0.0,0.0,550.860894613992,-0.18569533817705186,-0.34744897474952685,True
2026-10-05T15:52:58.930058+00:00,2,3,9,12,726,852,0.0,0.0,0.0,0.0,6,0.0,0.0,5361.610363958149,0.0,0.0,550.860894613992,-0.18569533817705186,-0.34744897474952685,True
2026-10-05T15:52:58.930058+00:00,3,4294967294,0,0,0,0,0.0,0.0,0.0,0.0,6,0.0,0.0,5358.465497714542,0.0,0.0,687.7036629661648,-0.18569533817705186,-0.3116241221865166,True
2026-10-05T15:52:58.930058+00:00,3,1,42017,21281,2292182,1255382,1782.8314681640495,896.4012806932217,0.773693019061152,0.41912094407282097,6,0.0,0.0,5358.465497714542,0.0,0.0,687.7036629661648,-0.18569533817705186,-0.3116241221865166,True
2026-10-05T15:52:58.930058+00:00,3,2,21281,42017,1255382,2292182,896.4012806932217,1782.8314681640495,0.41912094407282097,0.773693019061152,6,0.0,0.0,5358.465497714542,0.0,0.0,687.7036629661648,-0.18569533817705186,-0.3116241221865166,True
2026-10-05T15:52:59.931647+00:00,1,4294967294,0,0,0,0,0.0,0.0,0.0,0.0,6,0.0,0.0,5420.721798888587,0.0,0.0,573.4660983110183,-0.18569533817705186,-0.38167977908030093,True
2026-10-05T15:52:59.931647+00:00,1,4,281,284,27158,27312,4.992375942980831,5.990851131576998,0.003914022739296972,0.004473168844910825,6,0.0,0.0,5420.721798888587,0.0,0.0,573.4660983110183,-0.18569533817705186,-0.38167977908030093,True
2026-10-05T15:52:59.931647+00:00,1,1,22189,43823,1308446,2390146,906.615471245319,1803.2461906046765,0.4238646992613358,0.7825169870050787,6,0.0,0.0,5420.721798888587,0.0,0.0,573.4660983110183,-0.18569533817705186,-0.38167977908030093,True
2026-10-05T15:52:59.931647+00:00,1,6,9,12,726,852,0.0,0.0,0.0,0.0,6,0.0,0.0,5420.721798888587,0.0,0.0,573.4660983110183,-0.18569533817705186,-0.38167977908030093,True
2026-10-05T15:52:59.931647+00:00,1,5,9,12,726,852,0.0,0.0,0.0,0.0,6,0.0,0.0,5420.721798888587,0.0,0.0,573.4660983110183,-0.18569533817705186,-0.38167977908030093,True
2026-10-05T15:52:59.931647+00:00,1,2,43279,21647,2337282,1255666,1793.2614387187148,896.6307193593574,0.7746889415264848,0.4160366537827418,6,0.0,0.0,5420.721798888587,0.0,0.0,573.4660983110183,-0.18569533817705186,-0.38167977908030093,True
2026-10-05T15:52:59.931647+00:00,1,3,281,283,27158,27242,4.992375942980831,4.992375942980831,0.003914022739296972,0.003914022739296972,6,0.0,0.0,5420.721798888587,0.0,0.0,573.4660983110183,-0.18569533817705186,-0.38167977908030093,True
2026-10-05T15:52:59.931647+00:00,2,4294967294,0,0,0,0,0.0,0.0,0.0,0.0,6,0.0,0.0,5420.026306625061,0.0,0.0,556.9082983549636,-0.18569533817705186,-0.34744897474952685,True
2026-10-05T15:52:59.931647+00:00,2,1,43823,22189,2390146,1308446,1803.3469988513007,906.6661544612298,0.7825607326488099,0.4238883948927815,6,0.0,0.0,5420.026306625061,0.0,0.0,556.9082983549636,-0.18569533817705186,-0.34744897474952685,True
2026-10-05T15:52:59.931647+00:00,2,4,9,12,726,852,0.0,0.0,0.0,0.0,6,0.0,0.0,5420.026306625061,0.0,0.0,556.9082983549636,-0.18569533817705186,-0.34744897474952685,True
2026-10-05T15:52:59.931647+00:00,2,6,22189,43823,1308446,2390146,906.6661544612298,1803.3469988513007,0.4238883948927815,0.7825607326488099,6,0.0,0.0,5420.026306625061,0.0,0.0,556.9082983549636,-0.18569533817705186,-0.34744897474952685,True
2026-10-05T15:52:59.931647+00:00,2,5,9,12,726,852,0.0,0.0,0.0,0.0,6,0.0,0.0,5420.026306625061,0.0,0.0,556.9082983549636,-0.18569533817705186,-0.34744897474952685,True
2026-10-05T15:52:59.931647+00:00,2,2,9,12,726,852,0.0,0.0,0.0,0.0,6,0.0,0.0,5420.026306625061,0.0,0.0,556.9082983549636,-0.18569533817705186,-0.34744897474952685,True
2026-10-05T15:52:59.931647+00:00,2,3,9,12,726,852,0.0,0.0,0.0,0.0,6,0.0,0.0,5420.026306625061,0.0,0.0,556.9082983549636,-0.18569533817705186,-0.34744897474952685,True
2026-10-05T15:52:59.931647+00:00,3,4294967294,0,0,0,0,0.0,0.0,0.0,0.0,6,0.0,0.0,5419.410781268976,0.0,0.0,695.5825264391593,-0.18569533817705186,-0.3116241221865166,True
2026-10-05T15:52:59.931647+00:00,3,1,43823,22189,2390146,1308446,1803.1422017265606,906.5631889079275,0.7824718611293058,0.42384025600185254,6,0.0,0.0,5419.410781268976,0.0,0.0,695.5825264391593,-0.18569533817705186,-0.3116241221865166,True
2026-10-05T15:52:59.931647+00:00,3,2,22189,43823,1308446,2390146,906.5631889079275,1803.1422017265606,0.42384025600185254,0.7824718611293058,6,0.0,0.0,5419.410781268976,0.0,0.0,695.5825264391593,-0.18569533817705186,-0.3116241221865166,True
2026-10-05T15:53:00.934232+00:00,1,4294967294,0,0,0,0,0.0,0.0,0.0,0.0,6,0.0,0.9969796720163555,5379.702310200254,0.0,0.9969796720163555,569.0939938435805,-0.18569533817705186,-0.21105712437567548,True
2026-10-05T15:53:00.934232+00:00,1,4,286,289,27648,27802,4.984898360081778,4.984898360081778,0.003908160314304114,0.003908160314304114,6,0.0,0.9969796720163555,5379.702310200254,0.0,0.9969796720163555,569.0939938435805,-0.18569533817705186,-0.21105712437567548,True
2026-10-05T15:53:00.934232+00:00,1,1,23092,45618,1361204,2487504,900.2726438307691,1789.5785112693582,0.42078922828991105,0.7765115752653466,6,0.0,0.9969796720163555,5379.702310200254,0.0,0.9969796720163555,569.0939938435805,-0.18569533817705186,-0.21105712437567548,True
2026-10-05T15:53:00.934232+00:00,1,6,9,12,726,852,0.0,0.0,0.0,0.0,6,0.0,0.9969796720163555,5379.702310200254,0.0,0.9969796720163555,569.0939938435805,-0.18569533817705186,-0.21105712437567548,True
2026-10-05T15:53:00.934232+00:00,1,5,9,12,726,852,0.0,0.0,0.0,0.0,6,0.0,0.9969796720163555,5379.702310200254,0.0,0.9969796720163555,569.0939938435805,-0.18569533817705186,-0.21105712437567548,True
2026-10-05T15:53:00.934232+00:00,1,2,45064,22540,2433660,1307444,1779.6087145491947,890.3028471106055,0.7686952546367385,0.41297290766130285,6,0.0,0.9969796720163555,5379.702310200254,0.0,0.9969796720163555,569.0939938435805,-0.18569533817705186,-0.21105712437567548,True
2026-10-05T15:53:00.934232+00:00,1,3,286,288,27648,27732,4.984898360081778,4.984898360081778,0.003908160314304114,0.003908160314304114,6,0.0,0.9969796720163555,5379.702310200254,0.0,0.9969796720163555,569.0939938435805,-0.18569533817705186,-0.21105712437567548,True
2026-10-05T15:53:00.934232+00:00,2,4294967294,0,0,0,0,0.0,0.0,0.0,0.0,6,0.0,0.0,5376.789698259365,0.0,0.0,552.432307465481,-0.18569533817705186,-0.34744897474952685,True
2026-10-05T15:53:00.934232+00:00,2,1,45618,23092,2487504,1361204,1788.6096197879094,899.7852293417728,0.7760911659646186,0.4205614097861639,6,0.0,0.0,5376.789698259365,0.0,0.0,552.432307465481,-0.18569533817705186,-0.34744897474952685,True
2026-10-05T15:53:00.934232+00:00,2,4,9,12,726,852,0.0,0.0,0.0,0.0,6,0.0,0.0,5376.789698259365,0.0,0.0,552.432307465481,-0.18569533817705186,-0.34744897474952685,True
2026-10-05T15:53:00.934232+00:00,2,6,23092,45618,1361204,2487504,899.7852293417728,1788.6096197879094,0.4205614097861639,0.7760911659646186,6,0.0,0.0,5376.789698259365,0.0,0.0,552.432307465481,-0.18569533817705186,-0.34744897474952685,True
2026-10-05T15:53:00.934232+00:00,2,5,9,12,726,852,0.0,0.0,0.0,0.0,6,0.0,0.0,5376.789698259365,0.0,0.0,552.432307465481,-0.18569533817705186,-0.34744897474952685,True
2026-10-05T15:53:00.934232+00:00,2,2,9,12,726,852,0.0,0.0,0.0,0.0,6,0.0,0.0,5376.789698259365,0.0,0.0,552.432307465481,-0.18569533817705186,-0.34744897474952685,True
2026-10-05T15:53:00.934232+00:00,2,3,9,12,726,852,0.0,0.0,0.0,0.0,6,0.0,0.0,5376.789698259365,0.0,0.0,552.432307465481,-0.18569533817705186,-0.34744897474952685,True
2026-10-05T15:53:00.934232+00:00,3,4294967294,0,0,0,0,0.0,0.0,0.0,0.0,6,0.0,0.0,5377.458453356738,0.0,0.0,690.1590277741707,-0.18569533817705186,-0.3116241221865166,True
2026-10-05T15:53:00.934232+00:00,3,1,45618,23092,2487504,1361204,1788.8320837241185,899.8971429542502,0.7761876947396668,0.4206137184317194,6,0.0,0.0,5377.458453356738,0.0,0.0,690.1590277741707,-0.18569533817705186,-0.3116241221865166,True
2026-10-05T15:53:00.934232+00:00,3,2,23092,45618,1361204,2487504,899.8971429542502,1788.8320837241185,0.4206137184317194,0.7761876947396668,6,0.0,0.0,5377.458453356738,0.0,0.0,690.1590277741707,-0.18569533817705186,-0.3116241221865166,True
2026-10-05T15:53:01.936341+00:00,1,4294967294,0,0,0,0,0.0,0.0,0.0,0.0,6,0.0,0.0,5145.441187396694,0.0,0.0,544.1250306919806,-0.18569533817705186,-0.38167977908030093,True
2026-10-05T15:53:01.936341+00:00,1,4,291,294,28138,28292,4.992665619441776,4.992665619441776,0.003914249845642352,0.003914249845642352,6,0.0,0.0,5145.441187396694,0.0,0.0,544.1250306919806,-0.18569533817705186,-0.38167977908030093,True
2026-10-05T15:53:01.936341+00:00,1,1,23955,47332,1411670,2580500,861.7340859156504,1711.4857743446405,0.40313578104119785,0.7428766911129717,6,0.0,0.0,5145.441187396694,0.0,0.0,544.1250306919806,-0.18569533817705186,-0.38167977908030093,True
2026-10-05T15:53:01.936341+00:00,1,6,9,12,726,852,0.0,0.0,0.0,0.0,6,0.0,0.0,5145.441187396694,0.0,0.0,544.1250306919806,-0.18569533817705186,-0.38167977908030093,True
2026-10-05T15:53:01.936341+00:00,1,5,9,12,726,852,0.0,0.0,0.0,0.0,6,0.0,0.0,5145.441187396694,0.0,0.0,544.1250306919806,-0.18569533817705186,-0.38167977908030093,True
2026-10-05T15:53:01.936341+00:00,1,2,46768,23392,2525676,1356860,1701.500443105757,850.7502215528785,0.735048191421687,0.3947481028005356,6,0.0,0.0,5145.441187396694,0.0,0.0,544.1250306919806,-0.18569533817705186,-0.38167977908030093,True
2026-10-05T15:53:01.936341+00:00,1,3,291,293,28138,28222,4.992665619441776,4.992665619441776,0.003914249845642352,0.003914249845642352,6,0.0,0.0,5145.441187396694,0.0,0.0,544.1250306919806,-0.18569533817705186,-0.38167977908030093,True
2026-10-05T15:53:01.936341+00:00,2,4294967294,0,0,0,0,0.0,0.0,0.0,0.0,6,0.0,0.0,5148.600446468402,0.0,0.0,528.8094320665739,-0.18569533817705186,-0.34744897474952685,True
2026-10-05T15:53:01.936341+00:00,2,1,47332,23954,2580500,1411600,1712.2043393959723,861.0969314815217,0.743188586914669,0.4027456237488888,6,0.0,0.0,5148.600446468402,0.0,0.0,528.8094320665739,-0.18569533817705186,-0.34744897474952685,True
2026-10-05T15:53:01.936341+00:00,2,4,9,12,726,852,0.0,0.0,0.0,0.0,6,0.0,0.0,5148.600446468402,0.0,0.0,528.8094320665739,-0.18569533817705186,-0.34744897474952685,True
2026-10-05T15:53:01.936341+00:00,2,6,23954,47333,1411600,2580570,861.0969314815217,1713.2032917526794,0.4027456237488888,0.743748000234425,6,0.0,0.0,5148.600446468402,0.0,0.0,528.8094320665739,-0.18569533817705186,-0.34744897474952685,True
2026-10-05T15:53:01.936341+00:00,2,5,9,13,726,922,0.0,0.9989523567071017,0.0,0.0005594133197559769,6,0.0,0.0,5148.600446468402,0.0,0.0,528.8094320665739,-0.18569533817705186,-0.34744897474952685,True
2026-10-05T15:53:01.936341+00:00,2,2,9,12,726,852,0.0,0.0,0.0,0.0,6,0.0,0.0,5148.600446468402,0.0,0.0,528.8094320665739,-0.18569533817705186,-0.34744897474952685,True
2026-10-05T15:53:01.936341+00:00,2,3,9,12,726,852,0.0,0.0,0.0,0.0,6,0.0,0.0,5148.600446468402,0.0,0.0,528.8094320665739,-0.18569533817705186,-0.34744897474952685,True
2026-10-05T15:53:01.936341+00:00,3,4294967294,0,0,0,0,0.0,0.0,0.0,0.0,6,0.0,0.0,5147.59697923406,0.0,0.0,660.443074927774,-0.18569533817705186,-0.3116241221865166,True
2026-10-05T15:53:01.936341+00:00,3,1,47332,23955,2580500,1411670,1712.2028376493652,862.0951277079358,0.7431879350760344,0.4033046833363494,6,0.0,0.0,5147.59697923406,0.0,0.0,660.443074927774,-0.18569533817705186,-0.3116241221865166,True
2026-10-05T15:53:01.936341+00:00,3,2,23954,47332,1411600,2580500,861.0961762273937,1712.2028376493652,0.4027452705072458,0.7431879350760344,6,0.0,0.0,5147.59697923406,0.0,0.0,660.443074927774,-0.18569533817705186,-0.3116241221865166,True
2026-10-05T15:53:02.938794+00:00,1,4294967294,0,0,0,0,0.0,0.0,0.0,0.0,6,0.0,0.9965906037503297,5194.2302267467185,0.0,0.9965906037503297,549.3252607222714,-0.18569533817705186,-0.21112370934453087,True
2026-10-05T15:53:02.938794+00:00,1,4,296,299,28628,28782,4.982953018751648,4.982953018751648,0.003906635166701293,0.003906635166701293,6,0.0,0.9965906037503297,5194.2302267467185,0.0,0.9965906037503297,549.3252607222714,-0.18569533817705186,-0.21112370934453087,True
2026-10-05T15:53:02.938794+00:00,1,1,24827,49066,1462646,2674576,869.0270064702876,1728.0881069030718,0.4064176209342145,0.7500420611073282,6,0.0,0.9965906037503297,5194.2302267467185,0.0,0.9965906037503297,549.3252607222714,-0.18569533817705186,-0.21112370934453087,True
2026-10-05T15:53:02.938794+00:00,1,6,9,12,726,852,0.0,0.0,0.0,0.0,6,0.0,0.9965906037503297,5194.2302267467185,0.0,0.9965906037503297,549.3252607222714,-0.18569533817705186,-0.21112370934453087,True
2026-10-05T15:53:02.938794+00:00,1,5,9,12,726,852,0.0,0.0,0.0,0.0,6,0.0,0.9965906037503297,5194.2302267467185,0.0,0.9965906037503297,549.3252607222714,-0.18569533817705186,-0.21112370934453087,True
2026-10-05T15:53:02.938794+00:00,1,2,48492,24254,2618772,1406856,1718.1222008655684,859.0611004327842,0.7422287907739256,0.3986043506008119,6,0.0,0.9965906037503297,5194.2302267467185,0.0,0.9965906037503297,549.3252607222714,-0.18569533817705186,-0.21112370934453087,True
2026-10-05T15:53:02.938794+00:00,1,3,296,298,28628,28712,4.982953018751648,4.982953018751648,0.003906635166701293,0.003906635166701293,6,0.0,0.9965906037503297,5194.2302267467185,0.0,0.9965906037503297,549.3252607222714,-0.18569533817705186,-0.21112370934453087,True
2026-10-05T15:53:02.938794+00:00,2,4294967294,0,0,0,0,0.0,0.0,0.0,0.0,6,0.0,0.9962188513490016,5192.292653230997,0.0,0.9962188513490016,533.332587947735,-0.18569533817705186,-0.22790290523391046,True
2026-10-05T15:53:02.938794+00:00,2,1,49066,24826,2674576,1462576,1727.4434882391688,868.7028383763294,0.7497622772760694,0.40626601733093365,6,0.0,0.9962188513490016,5192.292653230997,0.0,0.9962188513490016,533.332587947735,-0.18569533817705186,-0.22790290523391046,True
2026-10-05T15:53:02.938794+00:00,2,4,9,12,726,852,0.0,0.0,0.0,0.0,6,0.0,0.9962188513490016,5192.292653230997,0.0,0.9962188513490016,533.332587947735,-0.18569533817705186,-0.22790290523391046,True
2026-10-05T15:53:02.938794+00:00,2,6,24826,49067,1462576,2674646,868.7028383763294,1727.4434882391688,0.40626601733093365,0.7497622772760694,6,0.0,0.9962188513490016,5192.292653230997,0.0,0.9962188513490016,533.332587947735,-0.18569533817705186,-0.22790290523391046,True
2026-10-05T15:53:02.938794+00:00,2,5,9,13,726,922,0.0,0.0,0.0,0.0,6,0.0,0.9962188513490016,5192.292653230997,0.0,0.9962188513490016,533.332587947735,-0.18569533817705186,-0.22790290523391046,True
2026-10-05T15:53:02.938794+00:00,2,2,9,12,726,852,0.0,0.0,0.0,0.0,6,0.0,0.9962188513490016,5192.292653230997,0.0,0.9962188513490016,533.332587947735,-0.18569533817705186,-0.22790290523391046,True
2026-10-05T15:53:02.938794+00:00,2,3,9,12,726,852,0.0,0.0,0.0,0.0,6,0.0,0.9962188513490016,5192.292653230997,0.0,0.9962188513490016,533.332587947735,-0.18569533817705186,-0.22790290523391046,True
2026-10-05T15:53:02.938794+00:00,3,4294967294,0,0,0,0,0.0,0.0,0.0,0.0,6,0.0,0.9962203221684376,5192.300319141897,0.0,0.9962203221684376,666.2222179783782,-0.18569533817705186,-0.08415786079079182,True
2026-10-05T15:53:02.938794+00:00,3,1,49066,24827,2674576,1462646,1727.4460386400708,868.7041209308776,0.7497633842265434,0.4062666171428662,6,0.0,0.9962203221684376,5192.300319141897,0.0,0.9962203221684376,666.2222179783782,-0.18569533817705186,-0.08415786079079182,True
2026-10-05T15:53:02.938794+00:00,3,2,24826,49066,1462576,2674576,868.7041209308776,1727.4460386400708,0.4062666171428662,0.7497633842265434,6,0.0,0.9962203221684376,5192.300319141897,0.0,0.9962203221684376,666.2222179783782,-0.18569533817705186,-0.08415786079079182,True
2026-10-05T15:53:03.940051+00:00,1,4294967294,0,0,0,0,0.0,0.0,0.0,0.0,6,0.0,0.0,5166.463142715922,0.0,0.0,546.3656774602476,-0.18569533817705186,-0.38167977908030093,True
2026-10-05T15:53:03.940051+00:00,1,4,301,304,29118,29272,4.9956131722258,4.9956131722258,0.003916560727025027,0.003916560727025027,6,0.0,0.0,5166.463142715922,0.0,0.0,546.3656774602476,-0.18569533817705186,-0.38167977908030093,True
2026-10-05T15:53:03.940051+00:00,1,1,25691,50786,1513158,2767912,863.2419561606182,1718.4909312456753,0.4037414600887514,0.7460328816685877,6,0.0,0.0,5166.463142715922,0.0,0.0,546.3656774602476,-0.18569533817705186,-0.38167977908030093,True
2026-10-05T15:53:03.940051+00:00,1,6,10,12,796,852,0.99912263444516,0.0,0.0005595086752892897,0.0,6,0.0,0.0,5166.463142715922,0.0,0.0,546.3656774602476,-0.18569533817705186,-0.38167977908030093,True
2026-10-05T15:53:03.940051+00:00,1,5,9,13,726,922,0.0,0.99912263444516,0.0,0.0005595086752892897,6,0.0,0.0,5166.463142715922,0.0,0.0,546.3656774602476,-0.18569533817705186,-0.38167977908030093,True
2026-10-05T15:53:03.940051+00:00,1,2,50202,25109,2711112,1456446,1708.4997049012236,854.2498524506118,0.7380718725173286,0.3963719315370839,6,0.0,0.0,5166.463142715922,0.0,0.0,546.3656774602476,-0.18569533817705186,-0.38167977908030093,True
2026-10-05T15:53:03.940051+00:00,1,3,301,303,29118,29202,4.9956131722258,4.9956131722258,0.003916560727025027,0.003916560727025027,6,0.0,0.0,5166.463142715922,0.0,0.0,546.3656774602476,-0.18569533817705186,-0.38167977908030093,True
2026-10-05T15:53:03.940051+00:00,2,4294967294,0,0,0,0,0.0,0.0,0.0,0.0,6,0.0,0.0,5169.803014815722,0.0,0.0,531.004389218475,-0.18569533817705186,-0.34744897474952685,True
2026-10-05T15:53:03.940051+00:00,2,1,50786,25691,2767896,1513146,1719.6018537000662,864.7997694479984,0.7463871859873962,0.4044663522865691,6,0.0,0.0,5169.803014815722,0.0,0.0,531.004389218475,-0.18569533817705186,-0.34744897474952685,True
2026-10-05T15:53:03.940051+00:00,2,4,9,12,726,852,0.0,0.0,0.0,0.0,6,0.0,0.0,5169.803014815722,0.0,0.0,531.004389218475,-0.18569533817705186,-0.34744897474952685,True
2026-10-05T15:53:03.940051+00:00,2,6,25691,50787,1513146,2767966,864.7997694479984,1719.6018537000662,0.4044663522865691,0.7463871859873962,6,0.0,0.0,5169.803014815722,0.0,0.0,531.004389218475,-0.18569533817705186,-0.34744897474952685,True
2026-10-05T15:53:03.940051+00:00,2,5,9,13,726,922,0.0,0.0,0.0,0.0,6,0.0,0.0,5169.803014815722,0.0,0.0,531.004389218475,-0.18569533817705186,-0.34744897474952685,True
2026-10-05T15:53:03.940051+00:00,2,2,10,12,796,852,0.9997685195930617,0.0,0.0005598703709721145,0.0,6,0.0,0.0,5169.803014815722,0.0,0.0,531.004389218475,-0.18569533817705186,-0.34744897474952685,True
2026-10-05T15:53:03.940051+00:00,2,3,9,12,726,852,0.0,0.0,0.0,0.0,6,0.0,0.0,5169.803014815722,0.0,0.0,531.004389218475,-0.18569533817705186,-0.34744897474952685,True
2026-10-05T15:53:03.940051+00:00,3,4294967294,0,0,0,0,0.0,0.0,0.0,0.0,6,0.0,0.0,5169.7050250705815,0.0,0.0,663.3011512979509,-0.18569533817705186,-0.3116241221865166,True
2026-10-05T15:53:03.940051+00:00,3,1,50787,25692,2767966,1513216,1720.5690095042487,864.7833778159065,0.7469328985362083,0.4044586859297146,6,0.0,0.0,5169.7050250705815,0.0,0.0,663.3011512979509,-0.18569533817705186,-0.3116241221865166,True
2026-10-05T15:53:03.940051+00:00,3,2,25691,50786,1513146,2767896,864.7833778159065,1719.5692599345193,0.4044586859297146,0.7463730387771598,6,0.0,0.0,5169.7050250705815,0.0,0.0,663.3011512979509,-0.18569533817705186,-0.3116241221865166,True
2026-10-05T15:56:03.221131+00:00,1,4294967294,0,0,0,0,0.0,0.0,0.0,0.0,4,4.0,31.0,0.0,4.0,31.0,0.0,4.0,31.0,True
2026-10-05T15:56:03.221131+00:00,1,4,9,10,798,840,0.0,0.0,0.0,0.0,4,4.0,31.0,0.0,4.0,31.0,0.0,4.0,31.0,True
2026-10-05T15:56:03.221131+00:00,1,1,15,15,1330,1330,0.0,0.0,0.0,0.0,4,4.0,31.0,0.0,4.0,31.0,0.0,4.0,31.0,True
2026-10-05T15:56:03.221131+00:00,1,6,3,5,266,350,0.0,0.0,0.0,0.0,4,4.0,31.0,0.0,4.0,31.0,0.0,4.0,31.0,True
2026-10-05T15:56:03.221131+00:00,1,2,3,5,266,350,0.0,0.0,0.0,0.0,4,4.0,31.0,0.0,4.0,31.0,0.0,4.0,31.0,True
2026-10-05T15:56:03.221131+00:00,1,5,3,5,266,350,0.0,0.0,0.0,0.0,4,4.0,31.0,0.0,4.0,31.0,0.0,4.0,31.0,True
2026-10-05T15:56:03.221131+00:00,1,3,9,10,798,840,0.0,0.0,0.0,0.0,4,4.0,31.0,0.0,4.0,31.0,0.0,4.0,31.0,True
2026-10-05T15:56:03.221131+00:00,2,4294967294,0,0,0,0,0.0,0.0,0.0,0.0,4,4.0,30.0,0.0,4.0,30.0,0.0,4.0,30.0,True
2026-10-05T15:56:03.221131+00:00,2,1,15,15,1330,1330,0.0,0.0,0.0,0.0,4,4.0,30.0,0.0,4.0,30.0,0.0,4.0,30.0,True
2026-10-05T15:56:03.221131+00:00,2,6,15,15,1330,1330,0.0,0.0,0.0,0.0,4,4.0,30.0,0.0,4.0,30.0,0.0,4.0,30.0,True
2026-10-05T15:56:03.221131+00:00,2,4,3,5,266,350,0.0,0.0,0.0,0.0,4,4.0,30.0,0.0,4.0,30.0,0.0,4.0,30.0,True
2026-10-05T15:56:03.221131+00:00,2,5,3,4,266,260,0.0,0.0,0.0,0.0,4,4.0,30.0,0.0,4.0,30.0,0.0,4.0,30.0,True
2026-10-05T15:56:03.221131+00:00,2,2,3,5,266,350,0.0,0.0,0.0,0.0,4,4.0,30.0,0.0,4.0,30.0,0.0,4.0,30.0,True
2026-10-05T15:56:03.221131+00:00,2,3,3,5,266,350,0.0,0.0,0.0,0.0,4,4.0,30.0,0.0,4.0,30.0,0.0,4.0,30.0,True
2026-10-05T15:56:03.221131+00:00,3,4294967294,0,0,0,0,0.0,0.0,0.0,0.0,4,4.0,15.0,0.0,4.0,15.0,0.0,4.0,15.0,True
2026-10-05T15:56:03.221131+00:00,3,1,15,15,1330,1330,0.0,0.0,0.0,0.0,4,4.0,15.0,0.0,4.0,15.0,0.0,4.0,15.0,True
2026-10-05T15:56:03.221131+00:00,3,2,15,15,1330,1330,0.0,0.0,0.0,0.0,4,4.0,15.0,0.0,4.0,15.0,0.0,4.0,15.0,True
2026-10-05T15:56:04.224523+00:00,1,4294967294,0,0,0,0,0.0,0.0,0.0,0.0,4,0.0,2.9921649204004046,72.80934639640985,0.0,2.9921649204004046,72.80934639640985,0.0,2.9921649204004046,True
2026-10-05T15:56:04.224523+00:00,1,4,17,18,1538,1580,7.979106454401079,7.979106454401079,0.005904538776256799,0.005904538776256799,4,0.0,2.9921649204004046,72.80934639640985,0.0,2.9921649204004046,72.80934639640985,0.0,2.9921649204004046,True
2026-10-05T15:56:04.224523+00:00,1,1,28,28,2560,2560,12.966047988401753,12.966047988401753,0.009814300938913327,0.009814300938913327,4,0.0,2.9921649204004046,72.80934639640985,0.0,2.9921649204004046,72.80934639640985,0.0,2.9921649204004046,True
2026-10-05T15:56:04.224523+00:00,1,6,5,8,426,600,1.9947766136002698,2.9921649204004046,0.0012766570327041728,0.0019947766136002697,4,0.0,2.9921649204004046,72.80934639640985,0.0,2.9921649204004046,72.80934639640985,0.0,2.9921649204004046,True
2026-10-05T15:56:04.224523+00:00,1,2,5,8,426,600,1.9947766136002698,2.9921649204004046,0.0012766570327041728,0.0019947766136002697,4,0.0,2.9921649204004046,72.80934639640985,0.0,2.9921649204004046,72.80934639640985,0.0,2.9921649204004046,True
2026-10-05T15:56:04.224523+00:00,1,5,6,8,516,600,2.9921649204004046,2.9921649204004046,0.0019947766136002697,0.0019947766136002697,4,0.0,2.9921649204004046,72.80934639640985,0.0,2.9921649204004046,72.80934639640985,0.0,2.9921649204004046,True
2026-10-05T15:56:04.224523+00:00,1,3,16,18,1448,1580,6.981718147600944,7.979106454401079,0.005186419195360702,0.005904538776256799,4,0.0,2.9921649204004046,72.80934639640985,0.0,2.9921649204004046,72.80934639640985,0.0,2.9921649204004046,True
2026-10-05T15:56:04.224523+00:00,2,4294967294,0,0,0,0,0.0,0.0,0.0,0.0,4,0.0,3.9915984197889087,71.84877155620035,0.0,3.9915984197889087,71.84877155620035,0.0,3.9915984197889087,True
2026-10-05T15:56:04.224523+00:00,2,1,27,27,2470,2470,11.974795259366726,11.974795259366726,0.009100844397118711,0.009100844397118711,4,0.0,3.9915984197889087,71.84877155620035,0.0,3.9915984197889087,71.84877155620035,0.0,3.9915984197889087,True
2026-10-05T15:56:04.224523+00:00,2,6,27,28,2470,2560,11.974795259366726,12.972694864313953,0.009100844397118711,0.009819332112680716,4,0.0,3.9915984197889087,71.84877155620035,0.0,3.9915984197889087,71.84877155620035,0.0,3.9915984197889087,True
2026-10-05T15:56:04.224523+00:00,2,4,6,8,516,600,2.9936988148416814,2.9936988148416814,0.001995799209894454,0.001995799209894454,4,0.0,3.9915984197889087,71.84877155620035,0.0,3.9915984197889087,71.84877155620035,0.0,3.9915984197889087,True
2026-10-05T15:56:04.224523+00:00,2,5,5,8,426,600,1.9957992098944544,3.9915984197889087,0.0012773114943324508,0.0027142869254564578,4,0.0,3.9915984197889087,71.84877155620035,0.0,3.9915984197889087,71.84877155620035,0.0,3.9915984197889087,True
2026-10-05T15:56:04.224523+00:00,2,2,5,8,426,600,1.9957992098944544,2.9936988148416814,0.0012773114943324508,0.001995799209894454,4,0.0,3.9915984197889087,71.84877155620035,0.0,3.9915984197889087,71.84877155620035,0.0,3.9915984197889087,True
2026-10-05T15:56:04.224523+00:00,2,3,6,8,516,600,2.9936988148416814,2.9936988148416814,0.001995799209894454,0.001995799209894454,4,0.0,3.9915984197889087,71.84877155620035,0.0,3.9915984197889087,71.84877155620035,0.0,3.9915984197889087,True
2026-10-05T15:56:04.224523+00:00,3,4294967294,0,0,0,0,0.0,0.0,0.0,0.0,4,0.0,0.9979094525405438,49.89547262702719,0.0,0.9979094525405438,49.89547262702719,0.0,0.9979094525405438,True
2026-10-05T15:56:04.224523+00:00,3,1,28,28,2560,2560,12.972822883027069,12.972822883027069,0.00981942901299895,0.00981942901299895,4,0.0,0.9979094525405438,49.89547262702719,0.0,0.9979094525405438,49.89547262702719,0.0,0.9979094525405438,True
2026-10-05T15:56:04.224523+00:00,3,2,27,27,2470,2470,11.974913430486525,11.974913430486525,0.009100934207169759,0.009100934207169759,4,0.0,0.9979094525405438,49.89547262702719,0.0,0.9979094525405438,49.89547262702719,0.0,0.9979094525405438,True
2026-10-05T15:56:05.227707+00:00,1,4294967294,0,0,0,0,0.0,0.0,0.0,0.0,4,0.0,0.0,42.913709713455034,0.0,0.0,42.913709713455034,0.0,0.0,True
2026-10-05T15:56:05.227707+00:00,1,4,22,23,2028,2070,4.989966245750586,4.989966245750586,0.00391213353666846,0.00391213353666846,4,0.0,0.0,42.913709713455034,0.0,0.0,42.913709713455034,0.0,0.0,True
2026-10-05T15:56:05.227707+00:00,1,1,38,38,3540,3540,9.979932491501172,9.979932491501172,0.00782426707333692,0.00782426707333692,4,0.0,0.0,42.913709713455034,0.0,0.0,42.913709713455034,0.0,0.0,True
2026-10-05T15:56:05.227707+00:00,1,6,6,8,516,600,0.9979932491501171,0.0,0.0007185551393880844,0.0,4,0.0,0.0,42.913709713455034,0.0,0.0,42.913709713455034,0.0,0.0,True
2026-10-05T15:56:05.227707+00:00,1,2,6,8,516,600,0.9979932491501171,0.0,0.0007185551393880844,0.0,4,0.0,0.0,42.913709713455034,0.0,0.0,42.913709713455034,0.0,0.0,True
2026-10-05T15:56:05.227707+00:00,1,5,6,8,516,600,0.0,0.0,0.0,0.0,4,0.0,0.0,42.913709713455034,0.0,0.0,42.913709713455034,0.0,0.0,True
2026-10-05T15:56:05.227707+00:00,1,3,22,23,2028,2070,5.987959494900703,4.989966245750586,0.004630688676056544,0.00391213353666846,4,0.0,0.0,42.913709713455034,0.0,0.0,42.913709713455034,0.0,0.0,True
2026-10-05T15:56:05.227707+00:00,2,4294967294,0,0,0,0,0.0,0.0,0.0,0.0,4,0.0,0.0,44.91187132119262,0.0,0.0,44.91187132119262,0.0,0.0,True
2026-10-05T15:56:05.227707+00:00,2,1,38,38,3540,3540,10.978457434069307,10.978457434069307,0.008543235966875753,0.008543235966875753,4,0.0,0.0,44.91187132119262,0.0,0.0,44.91187132119262,0.0,0.0,True
2026-10-05T15:56:05.227707+00:00,2,6,38,38,3540,3540,10.978457434069307,9.980415849153916,0.008543235966875753,0.007824646025736669,4,0.0,0.0,44.91187132119262,0.0,0.0,44.91187132119262,0.0,0.0,True
2026-10-05T15:56:05.227707+00:00,2,4,6,8,516,600,0.0,0.0,0.0,0.0,4,0.0,0.0,44.91187132119262,0.0,0.0,44.91187132119262,0.0,0.0,True
2026-10-05T15:56:05.227707+00:00,2,5,6,8,516,600,0.9980415849153916,0.0,0.000718589941139082,0.0,4,0.0,0.0,44.91187132119262,0.0,0.0,44.91187132119262,0.0,0.0,True
2026-10-05T15:56:05.227707+00:00,2,2,6,8,516,600,0.9980415849153916,0.0,0.000718589941139082,0.0,4,0.0,0.0,44.91187132119262,0.0,0.0,44.91187132119262,0.0,0.0,True
2026-10-05T15:56:05.227707+00:00,2,3,6,8,516,600,0.0,0.0,0.0,0.0,4,0.0,0.0,44.91187132119262,0.0,0.0,44.91187132119262,0.0,0.0,True
2026-10-05T15:56:05.227707+00:00,3,4294967294,0,0,0,0,0.0,0.0,0.0,0.0,4,0.0,0.0,41.921981557526,0.0,0.0,41.921981557526,0.0,0.0,True
2026-10-05T15:56:05.227707+00:00,3,1,38,38,3540,3540,9.981424180363334,9.981424180363334,0.007825436557404853,0.007825436557404853,4,0.0,0.0,41.921981557526,0.0,0.0,41.921981557526,0.0,0.0,True
2026-10-05T15:56:05.227707+00:00,3,2,38,38,3540,3540,10.979566598399668,10.979566598399668,0.008544099098391014,0.008544099098391014,4,0.0,0.0,41.921981557526,0.0,0.0,41.921981557526,0.0,0.0,True
2026-10-05T15:56:06.230125+00:00,1,4294967294,0,0,0,0,0.0,0.0,0.0,0.0,4,0.0,0.0,39.89617192795816,0.0,0.0,39.89617192795816,0.0,0.0,True
2026-10-05T15:56:06.230125+00:00,1,4,27,28,2518,2560,4.98702149099477,4.98702149099477,0.003909824848939899,0.003909824848939899,4,0.0,0.0,39.89617192795816,0.0,0.0,39.89617192795816,0.0,0.0,True
2026-10-05T15:56:06.230125+00:00,1,1,48,48,4520,4520,9.97404298198954,9.97404298198954,0.007819649697879799,0.007819649697879799,4,0.0,0.0,39.89617192795816,0.0,0.0,39.89617192795816,0.0,0.0,True
2026-10-05T15:56:06.230125+00:00,1,6,6,8,516,600,0.0,0.0,0.0,0.0,4,0.0,0.0,39.89617192795816,0.0,0.0,39.89617192795816,0.0,0.0,True
2026-10-05T15:56:06.230125+00:00,1,2,6,8,516,600,0.0,0.0,0.0,0.0,4,0.0,0.0,39.89617192795816,0.0,0.0,39.89617192795816,0.0,0.0,True
2026-10-05T15:56:06.230125+00:00,1,5,6,8,516,600,0.0,0.0,0.0,0.0,4,0.0,0.0,39.89617192795816,0.0,0.0,39.89617192795816,0.0,0.0,True
2026-10-05T15:56:06.230125+00:00,1,3,27,28,2518,2560,4.98702149099477,4.98702149099477,0.003909824848939899,0.003909824848939899,4,0.0,0.0,39.89617192795816,0.0,0.0,39.89617192795816,0.0,0.0,True
2026-10-05T15:56:06.230125+00:00,2,4294967294,0,0,0,0,0.0,0.0,0.0,0.0,4,0.0,0.0,39.933436432435435,0.0,0.0,39.933436432435435,0.0,0.0,True
2026-10-05T15:56:06.230125+00:00,2,1,48,48,4520,4520,9.983359108108859,9.983359108108859,0.007826953540757346,0.007826953540757346,4,0.0,0.0,39.933436432435435,0.0,0.0,39.933436432435435,0.0,0.0,True
2026-10-05T15:56:06.230125+00:00,2,6,48,48,4520,4520,9.983359108108859,9.983359108108859,0.007826953540757346,0.007826953540757346,4,0.0,0.0,39.933436432435435,0.0,0.0,39.933436432435435,0.0,0.0,True
2026-10-05T15:56:06.230125+00:00,2,4,6,8,516,600,0.0,0.0,0.0,0.0,4,0.0,0.0,39.933436432435435,0.0,0.0,39.933436432435435,0.0,0.0,True
2026-10-05T15:56:06.230125+00:00,2,5,6,8,516,600,0.0,0.0,0.0,0.0,4,0.0,0.0,39.933436432435435,0.0,0.0,39.933436432435435,0.0,0.0,True
2026-10-05T15:56:06.230125+00:00,2,2,6,8,516,600,0.0,0.0,0.0,0.0,4,0.0,0.0,39.933436432435435,0.0,0.0,39.933436432435435,0.0,0.0,True
2026-10-05T15:56:06.230125+00:00,2,3,6,8,516,600,0.0,0.0,0.0,0.0,4,0.0,0.0,39.933436432435435,0.0,0.0,39.933436432435435,0.0,0.0,True
2026-10-05T15:56:06.230125+00:00,3,4294967294,0,0,0,0,0.0,0.0,0.0,0.0,4,0.0,0.0,39.93990382459025,0.0,0.0,39.93990382459025,0.0,0.0,True
2026-10-05T15:56:06.230125+00:00,3,1,48,48,4520,4520,9.984975956147563,9.984975956147563,0.00782822114961969,0.00782822114961969,4,0.0,0.0,39.93990382459025,0.0,0.0,39.93990382459025,0.0,0.0,True
2026-10-05T15:56:06.230125+00:00,3,2,48,48,4520,4520,9.984975956147563,9.984975956147563,0.00782822114961969,0.00782822114961969,4,0.0,0.0,39.93990382459025,0.0,0.0,39.93990382459025,0.0,0.0,True
2026-10-05T15:56:07.232002+00:00,1,4294967294,0,0,0,0,0.0,0.0,0.0,0.0,4,0.0,3.9905865415684048,31.924692332547238,0.0,3.9905865415684048,31.924692332547238,0.0,3.9905865415684048,True
2026-10-05T15:56:07.232002+00:00,1,4,31,32,2910,2952,3.9905865415684048,3.9905865415684048,0.003128619848589629,0.003128619848589629,4,0.0,3.9905865415684048,31.924692332547238,0.0,3.9905865415684048,31.924692332547238,0.0,3.9905865415684048,True
2026-10-05T15:56:07.232002+00:00,1,1,56,56,5304,5304,7.9811730831368095,7.9811730831368095,0.006257239697179258,0.006257239697179258,4,0.0,3.9905865415684048,31.924692332547238,0.0,3.9905865415684048,31.924692332547238,0.0,3.9905865415684048,True
2026-10-05T15:56:07.232002+00:00,1,6,6,8,516,600,0.0,0.0,0.0,0.0,4,0.0,3.9905865415684048,31.924692332547238,0.0,3.9905865415684048,31.924692332547238,0.0,3.9905865415684048,True
2026-10-05T15:56:07.232002+00:00,1,2,6,8,516,600,0.0,0.0,0.0,0.0,4,0.0,3.9905865415684048,31.924692332547238,0.0,3.9905865415684048,31.924692332547238,0.0,3.9905865415684048,True
2026-10-05T15:56:07.232002+00:00,1,5,6,8,516,600,0.0,0.0,0.0,0.0,4,0.0,3.9905865415684048,31.924692332547238,0.0,3.9905865415684048,31.924692332547238,0.0,3.9905865415684048,True
2026-10-05T15:56:07.232002+00:00,1,3,31,32,2910,2952,3.9905865415684048,3.9905865415684048,0.003128619848589629,0.003128619848589629,4,0.0,3.9905865415684048,31.924692332547238,0.0,3.9905865415684048,31.924692332547238,0.0,3.9905865415684048,True
2026-10-05T15:56:07.232002+00:00,2,4294967294,0,0,0,0,0.0,0.0,0.0,0.0,4,0.0,3.9897535229652488,32.9154665644633,0.0,3.9897535229652488,32.9154665644633,0.0,3.9897535229652488,True
2026-10-05T15:56:07.232002+00:00,2,1,56,56,5304,5304,7.9795070459304975,7.9795070459304975,0.006255933524009509,0.006255933524009509,4,0.0,3.9897535229652488,32.9154665644633,0.0,3.9897535229652488,32.9154665644633,0.0,3.9897535229652488,True
2026-10-05T15:56:07.232002+00:00,2,6,56,56,5304,5304,7.9795070459304975,7.9795070459304975,0.006255933524009509,0.006255933524009509,4,0.0,3.9897535229652488,32.9154665644633,0.0,3.9897535229652488,32.9154665644633,0.0,3.9897535229652488,True
2026-10-05T15:56:07.232002+00:00,2,4,6,8,516,600,0.0,0.0,0.0,0.0,4,0.0,3.9897535229652488,32.9154665644633,0.0,3.9897535229652488,32.9154665644633,0.0,3.9897535229652488,True
2026-10-05T15:56:07.232002+00:00,2,5,6,8,516,600,0.0,0.0,0.0,0.0,4,0.0,3.9897535229652488,32.9154665644633,0.0,3.9897535229652488,32.9154665644633,0.0,3.9897535229652488,True
2026-10-05T15:56:07.232002+00:00,2,2,6,8,516,600,0.0,0.0,0.0,0.0,4,0.0,3.9897535229652488,32.9154665644633,0.0,3.9897535229652488,32.9154665644633,0.0,3.9897535229652488,True
2026-10-05T15:56:07.232002+00:00,2,3,6,9,516,670,0.0,0.9974383807413122,0.0,0.0005585654932151348,4,0.0,3.9897535229652488,32.9154665644633,0.0,3.9897535229652488,32.9154665644633,0.0,3.9897535229652488,True
2026-10-05T15:56:07.232002+00:00,3,4294967294,0,0,0,0,0.0,0.0,0.0,0.0,4,0.0,1.9944936438256355,31.91189830121017,0.0,1.9944936438256355,31.91189830121017,0.0,1.9944936438256355,True
2026-10-05T15:56:07.232002+00:00,3,1,56,56,5304,5304,7.977974575302542,7.977974575302542,0.0062547320670371925,0.0062547320670371925,4,0.0,1.9944936438256355,31.91189830121017,0.0,1.9944936438256355,31.91189830121017,0.0,1.9944936438256355,True
2026-10-05T15:56:07.232002+00:00,3,2,56,56,5304,5304,7.977974575302542,7.977974575302542,0.0062547320670371925,0.0062547320670371925,4,0.0,1.9944936438256355,31.91189830121017,0.0,1.9944936438256355,31.91189830121017,0.0,1.9944936438256355,True
2026-10-05T15:56:08.233399+00:00,1,4294967294,0,0,0,0,0.0,0.0,0.0,0.0,4,0.0,1.994670583287368,57.845446915333675,0.0,1.994670583287368,57.845446915333675,0.0,1.994670583287368,True
2026-10-05T15:56:08.233399+00:00,1,4,38,39,3512,3554,6.981347041505788,6.981347041505788,0.004803166764555982,0.004803166764555982,4,0.0,1.994670583287368,57.845446915333675,0.0,1.994670583287368,57.845446915333675,0.0,1.994670583287368,True
2026-10-05T15:56:08.233399+00:00,1,1,69,69,6438,6438,12.965358791367892,12.965358791367892,0.009047825765791502,0.009047825765791502,4,0.0,1.994670583287368,57.845446915333675,0.0,1.994670583287368,57.845446915333675,0.0,1.994670583287368,True
2026-10-05T15:56:08.233399+00:00,1,6,7,9,586,670,0.997335291643684,0.997335291643684,0.000558507763320463,0.000558507763320463,4,0.0,1.994670583287368,57.845446915333675,0.0,1.994670583287368,57.845446915333675,0.0,1.994670583287368,True
2026-10-05T15:56:08.233399+00:00,1,2,6,9,516,670,0.0,0.997335291643684,0.0,0.000558507763320463,4,0.0,1.994670583287368,57.845446915333675,0.0,1.994670583287368,57.845446915333675,0.0,1.994670583287368,True
2026-10-05T15:56:08.233399+00:00,1,5,7,9,586,670,0.997335291643684,0.997335291643684,0.000558507763320463,0.000558507763320463,4,0.0,1.994670583287368,57.845446915333675,0.0,1.994670583287368,57.845446915333675,0.0,1.994670583287368,True
2026-10-05T15:56:08.233399+00:00,1,3,37,39,3442,3554,5.984011749862104,6.981347041505788,0.004244659001235519,0.004803166764555982,4,0.0,1.994670583287368,57.845446915333675,0.0,1.994670583287368,57.845446915333675,0.0,1.994670583287368,True
2026-10-05T15:56:08.233399+00:00,2,4294967294,0,0,0,0,0.0,0.0,0.0,0.0,4,0.0,1.9941359501037905,56.83287457795803,0.0,1.9941359501037905,56.83287457795803,0.0,1.9941359501037905,True
2026-10-05T15:56:08.233399+00:00,2,1,69,69,6438,6438,12.961883675674638,12.961883675674638,0.009045400669670793,0.009045400669670793,4,0.0,1.9941359501037905,56.83287457795803,0.0,1.9941359501037905,56.83287457795803,0.0,1.9941359501037905,True
2026-10-05T15:56:08.233399+00:00,2,6,69,69,6438,6438,12.961883675674638,12.961883675674638,0.009045400669670793,0.009045400669670793,4,0.0,1.9941359501037905,56.83287457795803,0.0,1.9941359501037905,56.83287457795803,0.0,1.9941359501037905,True
2026-10-05T15:56:08.233399+00:00,2,4,7,9,586,670,0.9970679750518953,0.9970679750518953,0.0005583580660290614,0.0005583580660290614,4,0.0,1.9941359501037905,56.83287457795803,0.0,1.9941359501037905,56.83287457795803,0.0,1.9941359501037905,True
2026-10-05T15:56:08.233399+00:00,2,5,6,9,516,670,0.0,0.9970679750518953,0.0,0.0005583580660290614,4,0.0,1.9941359501037905,56.83287457795803,0.0,1.9941359501037905,56.83287457795803,0.0,1.9941359501037905,True
2026-10-05T15:56:08.233399+00:00,2,2,6,9,516,670,0.0,0.9970679750518953,0.0,0.0005583580660290614,4,0.0,1.9941359501037905,56.83287457795803,0.0,1.9941359501037905,56.83287457795803,0.0,1.9941359501037905,True
2026-10-05T15:56:08.233399+00:00,2,3,7,9,586,670,0.9970679750518953,0.0,0.0005583580660290614,0.0,4,0.0,1.9941359501037905,56.83287457795803,0.0,1.9941359501037905,56.83287457795803,0.0,1.9941359501037905,True
2026-10-05T15:56:08.233399+00:00,3,4294967294,0,0,0,0,0.0,0.0,0.0,0.0,4,0.0,0.0,51.888866656492304,0.0,0.0,51.888866656492304,0.0,0.0,True
2026-10-05T15:56:08.233399+00:00,3,1,69,69,6438,6438,12.972216664123076,12.972216664123076,0.009052611505917274,0.009052611505917274,4,0.0,0.0,51.888866656492304,0.0,0.0,51.888866656492304,0.0,0.0,True
2026-10-05T15:56:08.233399+00:00,3,2,69,69,6438,6438,12.972216664123076,12.972216664123076,0.009052611505917274,0.009052611505917274,4,0.0,0.0,51.888866656492304,0.0,0.0,51.888866656492304,0.0,0.0,True
2026-10-05T15:56:09.234370+00:00,1,4294967294,0,0,0,0,0.0,0.0,0.0,0.0,4,0.0,0.0,41.96999770527068,0.0,0.0,41.96999770527068,0.0,0.0,True
2026-10-05T15:56:09.234370+00:00,1,4,43,44,4002,4044,4.996428298246509,4.996428298246509,0.003917199785825263,0.003917199785825263,4,0.0,0.0,41.96999770527068,0.0,0.0,41.96999770527068,0.0,0.0,True
2026-10-05T15:56:09.234370+00:00,1,1,79,79,7418,7418,9.992856596493018,9.992856596493018,0.007834399571650526,0.007834399571650526,4,0.0,0.0,41.96999770527068,0.0,0.0,41.96999770527068,0.0,0.0,True
2026-10-05T15:56:09.234370+00:00,1,6,7,9,586,670,0.0,0.0,0.0,0.0,4,0.0,0.0,41.96999770527068,0.0,0.0,41.96999770527068,0.0,0.0,True
2026-10-05T15:56:09.234370+00:00,1,2,7,9,586,670,0.9992856596493018,0.0,0.0005595999694036091,0.0,4,0.0,0.0,41.96999770527068,0.0,0.0,41.96999770527068,0.0,0.0,True
2026-10-05T15:56:09.234370+00:00,1,5,7,9,586,670,0.0,0.0,0.0,0.0,4,0.0,0.0,41.96999770527068,0.0,0.0,41.96999770527068,0.0,0.0,True
2026-10-05T15:56:09.234370+00:00,1,3,43,44,4002,4044,5.995713957895811,4.996428298246509,0.0044767997552288726,0.003917199785825263,4,0.0,0.0,41.96999770527068,0.0,0.0,41.96999770527068,0.0,0.0,True
2026-10-05T15:56:09.234370+00:00,2,4294967294,0,0,0,0,0.0,0.0,0.0,0.0,4,0.0,0.0,41.93715072143764,0.0,0.0,41.93715072143764,0.0,0.0,True
2026-10-05T15:56:09.234370+00:00,2,1,79,79,7418,7418,9.985035886056579,9.985035886056579,0.00782826813466836,0.00782826813466836,4,0.0,0.0,41.93715072143764,0.0,0.0,41.93715072143764,0.0,0.0,True
2026-10-05T15:56:09.234370+00:00,2,6,79,79,7418,7418,9.985035886056579,9.985035886056579,0.00782826813466836,0.00782826813466836,4,0.0,0.0,41.93715072143764,0.0,0.0,41.93715072143764,0.0,0.0,True
2026-10-05T15:56:09.234370+00:00,2,4,7,9,586,670,0.0,0.0,0.0,0.0,4,0.0,0.0,41.93715072143764,0.0,0.0,41.93715072143764,0.0,0.0,True
2026-10-05T15:56:09.234370+00:00,2,5,7,9,586,670,0.998503588605658,0.0,0.0005591620096191684,0.0,4,0.0,0.0,41.93715072143764,0.0,0.0,41.93715072143764,0.0,0.0,True
2026-10-05T15:56:09.234370+00:00,2,2,7,9,586,670,0.998503588605658,0.0,0.0005591620096191684,0.0,4,0.0,0.0,41.93715072143764,0.0,0.0,41.93715072143764,0.0,0.0,True
2026-10-05T15:56:09.234370+00:00,2,3,7,9,586,670,0.0,0.0,0.0,0.0,4,0.0,0.0,41.93715072143764,0.0,0.0,41.93715072143764,0.0,0.0,True
2026-10-05T15:56:09.234370+00:00,3,4294967294,0,0,0,0,0.0,0.0,0.0,0.0,4,0.0,0.0,39.910095565403665,0.0,0.0,39.910095565403665,0.0,0.0,True
2026-10-05T15:56:09.234370+00:00,3,1,79,79,7418,7418,9.977523891350916,9.977523891350916,0.007822378730819118,0.007822378730819118,4,0.0,0.0,39.910095565403665,0.0,0.0,39.910095565403665,0.0,0.0,True
2026-10-05T15:56:09.234370+00:00,3,2,79,79,7418,7418,9.977523891350916,9.977523891350916,0.007822378730819118,0.007822378730819118,4,0.0,0.0,39.910095565403665,0.0,0.0,39.910095565403665,0.0,0.0,True
2026-10-05T15:56:10.236243+00:00,1,4294967294,0,0,0,0,0.0,0.0,0.0,0.0,4,0.0,0.0,39.93993836057293,0.0,0.0,39.93993836057293,0.0,0.0,True
2026-10-05T15:56:10.236243+00:00,1,4,48,49,4492,4534,4.992492295071616,4.992492295071616,0.003914113959336147,0.003914113959336147,4,0.0,0.0,39.93993836057293,0.0,0.0,39.93993836057293,0.0,0.0,True
2026-10-05T15:56:10.236243+00:00,1,1,89,89,8398,8398,9.984984590143233,9.984984590143233,0.007828227918672295,0.007828227918672295,4,0.0,0.0,39.93993836057293,0.0,0.0,39.93993836057293,0.0,0.0,True
2026-10-05T15:56:10.236243+00:00,1,6,7,9,586,670,0.0,0.0,0.0,0.0,4,0.0,0.0,39.93993836057293,0.0,0.0,39.93993836057293,0.0,0.0,True
2026-10-05T15:56:10.236243+00:00,1,2,7,9,586,670,0.0,0.0,0.0,0.0,4,0.0,0.0,39.93993836057293,0.0,0.0,39.93993836057293,0.0,0.0,True
2026-10-05T15:56:10.236243+00:00,1,5,7,9,586,670,0.0,0.0,0.0,0.0,4,0.0,0.0,39.93993836057293,0.0,0.0,39.93993836057293,0.0,0.0,True
2026-10-05T15:56:10.236243+00:00,1,3,48,49,4492,4534,4.992492295071616,4.992492295071616,0.003914113959336147,0.003914113959336147,4,0.0,0.0,39.93993836057293,0.0,0.0,39.93993836057293,0.0,0.0,True
2026-10-05T15:56:10.236243+00:00,2,4294967294,0,0,0,0,0.0,0.0,0.0,0.0,4,0.0,0.0,39.97429924390648,0.0,0.0,39.97429924390648,0.0,0.0,True
2026-10-05T15:56:10.236243+00:00,2,1,89,89,8398,8398,9.99357481097662,9.99357481097662,0.00783496265180567,0.00783496265180567,4,0.0,0.0,39.97429924390648,0.0,0.0,39.97429924390648,0.0,0.0,True
2026-10-05T15:56:10.236243+00:00,2,6,89,89,8398,8398,9.99357481097662,9.99357481097662,0.00783496265180567,0.00783496265180567,4,0.0,0.0,39.97429924390648,0.0,0.0,39.97429924390648,0.0,0.0,True
2026-10-05T15:56:10.236243+00:00,2,4,7,9,586,670,0.0,0.0,0.0,0.0,4,0.0,0.0,39.97429924390648,0.0,0.0,39.97429924390648,0.0,0.0,True
2026-10-05T15:56:10.236243+00:00,2,5,7,9,586,670,0.0,0.0,0.0,0.0,4,0.0,0.0,39.97429924390648,0.0,0.0,39.97429924390648,0.0,0.0,True
2026-10-05T15:56:10.236243+00:00,2,2,7,9,586,670,0.0,0.0,0.0,0.0,4,0.0,0.0,39.97429924390648,0.0,0.0,39.97429924390648,0.0,0.0,True
2026-10-05T15:56:10.236243+00:00,2,3,7,9,586,670,0.0,0.0,0.0,0.0,4,0.0,0.0,39.97429924390648,0.0,0.0,39.97429924390648,0.0,0.0,True
2026-10-05T15:56:10.236243+00:00,3,4294967294,0,0,0,0,0.0,0.0,0.0,0.0,4,0.0,0.0,39.992815250872546,0.0,0.0,39.992815250872546,0.0,0.0,True
2026-10-05T15:56:10.236243+00:00,3,1,89,89,8398,8398,9.998203812718137,9.998203812718137,0.007838591789171019,0.007838591789171019,4,0.0,0.0,39.992815250872546,0.0,0.0,39.992815250872546,0.0,0.0,True
2026-10-05T15:56:10.236243+00:00,3,2,89,89,8398,8398,9.998203812718137,9.998203812718137,0.007838591789171019,0.007838591789171019,4,0.0,0.0,39.992815250872546,0.0,0.0,39.992815250872546,0.0,0.0,True
2026-10-05T15:56:11.238061+00:00,1,4294967294,0,0,0,0,0.0,0.0,0.0,0.0,4,0.0,0.0,39.91907266271582,0.0,0.0,39.91907266271582,0.0,0.0,True
2026-10-05T15:56:11.238061+00:00,1,4,53,54,4982,5024,4.9898840828394775,4.9898840828394775,0.0039120691209461505,0.0039120691209461505,4,0.0,0.0,39.91907266271582,0.0,0.0,39.91907266271582,0.0,0.0,True
2026-10-05T15:56:11.238061+00:00,1,1,99,99,9378,9378,9.979768165678955,9.979768165678955,0.007824138241892301,0.007824138241892301,4,0.0,0.0,39.91907266271582,0.0,0.0,39.91907266271582,0.0,0.0,True
2026-10-05T15:56:11.238061+00:00,1,6,7,9,586,670,0.0,0.0,0.0,0.0,4,0.0,0.0,39.91907266271582,0.0,0.0,39.91907266271582,0.0,0.0,True
2026-10-05T15:56:11.238061+00:00,1,2,7,9,586,670,0.0,0.0,0.0,0.0,4,0.0,0.0,39.91907266271582,0.0,0.0,39.91907266271582,0.0,0.0,True
2026-10-05T15:56:11.238061+00:00,1,5,7,9,586,670,0.0,0.0,0.0,0.0,4,0.0,0.0,39.91907266271582,0.0,0.0,39.91907266271582,0.0,0.0,True
2026-10-05T15:56:11.238061+00:00,1,3,53,54,4982,5024,4.9898840828394775,4.9898840828394775,0.0039120691209461505,0.0039120691209461505,4,0.0,0.0,39.91907266271582,0.0,0.0,39.91907266271582,0.0,0.0,True
2026-10-05T15:56:11.238061+00:00,2,4294967294,0,0,0,0,0.0,0.0,0.0,0.0,4,0.0,0.0,39.887203177375895,0.0,0.0,39.887203177375895,0.0,0.0,True
2026-10-05T15:56:11.238061+00:00,2,1,99,99,9378,9378,9.971800794343974,9.971800794343974,0.007817891822765675,0.007817891822765675,4,0.0,0.0,39.887203177375895,0.0,0.0,39.887203177375895,0.0,0.0,True
2026-10-05T15:56:11.238061+00:00,2,6,99,99,9378,9378,9.971800794343974,9.971800794343974,0.007817891822765675,0.007817891822765675,4,0.0,0.0,39.887203177375895,0.0,0.0,39.887203177375895,0.0,0.0,True
2026-10-05T15:56:11.238061+00:00,2,4,7,9,586,670,0.0,0.0,0.0,0.0,4,0.0,0.0,39.887203177375895,0.0,0.0,39.887203177375895,0.0,0.0,True
2026-10-05T15:56:11.238061+00:00,2,5,7,9,586,670,0.0,0.0,0.0,0.0,4,0.0,0.0,39.887203177375895,0.0,0.0,39.887203177375895,0.0,0.0,True
2026-10-05T15:56:11.238061+00:00,2,2,7,9,586,670,0.0,0.0,0.0,0.0,4,0.0,0.0,39.887203177375895,0.0,0.0,39.887203177375895,0.0,0.0,True
2026-10-05T15:56:11.238061+00:00,2,3,7,9,586,670,0.0,0.0,0.0,0.0,4,0.0,0.0,39.887203177375895,0.0,0.0,39.887203177375895,0.0,0.0,True
2026-10-05T15:56:11.238061+00:00,3,4294967294,0,0,0,0,0.0,0.0,0.0,0.0,4,0.0,0.0,39.868730689190244,0.0,0.0,39.868730689190244,0.0,0.0,True
2026-10-05T15:56:11.238061+00:00,3,1,99,99,9378,9378,9.967182672297561,9.967182672297561,0.007814271215081287,0.007814271215081287,4,0.0,0.0,39.868730689190244,0.0,0.0,39.868730689190244,0.0,0.0,True
2026-10-05T15:56:11.238061+00:00,3,2,99,99,9378,9378,9.967182672297561,9.967182672297561,0.007814271215081287,0.007814271215081287,4,0.0,0.0,39.868730689190244,0.0,0.0,39.868730689190244,0.0,0.0,True
2026-10-05T15:56:12.239673+00:00,1,4294967294,0,0,0,0,0.0,0.0,0.0,0.0,4,0.0,0.0,39.936762732187695,0.0,0.0,39.936762732187695,0.0,0.0,True
2026-10-05T15:56:12.239673+00:00,1,4,58,59,5472,5514,4.992095341523462,4.992095341523462,0.003913802747754394,0.003913802747754394,4,0.0,0.0,39.936762732187695,0.0,0.0,39.936762732187695,0.0,0.0,True
2026-10-05T15:56:12.239673+00:00,1,1,109,109,10358,10358,9.984190683046924,9.984190683046924,0.007827605495508788,0.007827605495508788,4,0.0,0.0,39.936762732187695,0.0,0.0,39.936762732187695,0.0,0.0,True
2026-10-05T15:56:12.239673+00:00,1,6,7,9,586,670,0.0,0.0,0.0,0.0,4,0.0,0.0,39.936762732187695,0.0,0.0,39.936762732187695,0.0,0.0,True
2026-10-05T15:56:12.239673+00:00,1,2,7,9,586,670,0.0,0.0,0.0,0.0,4,0.0,0.0,39.936762732187695,0.0,0.0,39.936762732187695,0.0,0.0,True
2026-10-05T15:56:12.239673+00:00,1,5,7,9,586,670,0.0,0.0,0.0,0.0,4,0.0,0.0,39.936762732187695,0.0,0.0,39.936762732187695,0.0,0.0,True
2026-10-05T15:56:12.239673+00:00,1,3,58,59,5472,5514,4.992095341523462,4.992095341523462,0.003913802747754394,0.003913802747754394,4,0.0,0.0,39.936762732187695,0.0,0.0,39.936762732187695,0.0,0.0,True
2026-10-05T15:56:12.239673+00:00,2,4294967294,0,0,0,0,0.0,0.0,0.0,0.0,4,0.0,0.0,39.9540507243225,0.0,0.0,39.9540507243225,0.0,0.0,True
2026-10-05T15:56:12.239673+00:00,2,1,109,109,10358,10358,9.988512681080625,9.988512681080625,0.00783099394196721,0.00783099394196721,4,0.0,0.0,39.9540507243225,0.0,0.0,39.9540507243225,0.0,0.0,True
2026-10-05T15:56:12.239673+00:00,2,6,109,109,10358,10358,9.988512681080625,9.988512681080625,0.00783099394196721,0.00783099394196721,4,0.0,0.0,39.9540507243225,0.0,0.0,39.9540507243225,0.0,0.0,True
2026-10-05T15:56:12.239673+00:00,2,4,7,9,586,670,0.0,0.0,0.0,0.0,4,0.0,0.0,39.9540507243225,0.0,0.0,39.9540507243225,0.0,0.0,True
2026-10-05T15:56:12.239673+00:00,2,5,7,9,586,670,0.0,0.0,0.0,0.0,4,0.0,0.0,39.9540507243225,0.0,0.0,39.9540507243225,0.0,0.0,True
2026-10-05T15:56:12.239673+00:00,2,2,7,9,586,670,0.0,0.0,0.0,0.0,4,0.0,0.0,39.9540507243225,0.0,0.0,39.9540507243225,0.0,0.0,True
2026-10-05T15:56:12.239673+00:00,2,3,7,9,586,670,0.0,0.0,0.0,0.0,4,0.0,0.0,39.9540507243225,0.0,0.0,39.9540507243225,0.0,0.0,True
2026-10-05T15:56:12.239673+00:00,3,4294967294,0,0,0,0,0.0,0.0,0.0,0.0,4,0.0,0.0,39.94982481771524,0.0,0.0,39.94982481771524,0.0,0.0,True
2026-10-05T15:56:12.239673+00:00,3,1,109,109,10358,10358,9.98745620442881,9.98745620442881,0.007830165664272186,0.007830165664272186,4,0.0,0.0,39.94982481771524,0.0,0.0,39.94982481771524,0.0,0.0,True
2026-10-05T15:56:12.239673+00:00,3,2,109,109,10358,10358,9.98745620442881,9.98745620442881,0.007830165664272186,0.007830165664272186,4,0.0,0.0,39.94982481771524,0.0,0.0,39.94982481771524,0.0,0.0,True
2026-10-05T15:56:13.241937+00:00,1,4294967294,0,0,0,0,0.0,0.0,0.0,0.0,4,0.0,0.0,39.849713658946754,0.0,0.0,39.849713658946754,0.0,0.0,True
2026-10-05T15:56:13.241937+00:00,1,4,63,64,5962,6004,4.981214207368344,4.981214207368344,0.0039052719385767824,0.0039052719385767824,4,0.0,0.0,39.849713658946754,0.0,0.0,39.849713658946754,0.0,0.0,True
2026-10-05T15:56:13.241937+00:00,1,1,119,119,11338,11338,9.962428414736689,9.962428414736689,0.007810543877153565,0.007810543877153565,4,0.0,0.0,39.849713658946754,0.0,0.0,39.849713658946754,0.0,0.0,True
2026-10-05T15:56:13.241937+00:00,1,6,7,9,586,670,0.0,0.0,0.0,0.0,4,0.0,0.0,39.849713658946754,0.0,0.0,39.849713658946754,0.0,0.0,True
2026-10-05T15:56:13.241937+00:00,1,2,7,9,586,670,0.0,0.0,0.0,0.0,4,0.0,0.0,39.849713658946754,0.0,0.0,39.849713658946754,0.0,0.0,True
2026-10-05T15:56:13.241937+00:00,1,5,7,9,586,670,0.0,0.0,0.0,0.0,4,0.0,0.0,39.849713658946754,0.0,0.0,39.849713658946754,0.0,0.0,True
2026-10-05T15:56:13.241937+00:00,1,3,63,64,5962,6004,4.981214207368344,4.981214207368344,0.0039052719385767824,0.0039052719385767824,4,0.0,0.0,39.849713658946754,0.0,0.0,39.849713658946754,0.0,0.0,True
2026-10-05T15:56:13.241937+00:00,2,4294967294,0,0,0,0,0.0,0.0,0.0,0.0,4,0.0,0.0,39.88530999040808,0.0,0.0,39.88530999040808,0.0,0.0,True
2026-10-05T15:56:13.241937+00:00,2,1,119,119,11338,11338,9.97132749760202,9.97132749760202,0.007817520758119985,0.007817520758119985,4,0.0,0.0,39.88530999040808,0.0,0.0,39.88530999040808,0.0,0.0,True
2026-10-05T15:56:13.241937+00:00,2,6,119,119,11338,11338,9.97132749760202,9.97132749760202,0.007817520758119985,0.007817520758119985,4,0.0,0.0,39.88530999040808,0.0,0.0,39.88530999040808,0.0,0.0,True
2026-10-05T15:56:13.241937+00:00,2,4,7,9,586,670,0.0,0.0,0.0,0.0,4,0.0,0.0,39.88530999040808,0.0,0.0,39.88530999040808,0.0,0.0,True
2026-10-05T15:56:13.241937+00:00,2,5,7,9,586,670,0.0,0.0,0.0,0.0,4,0.0,0.0,39.88530999040808,0.0,0.0,39.88530999040808,0.0,0.0,True
2026-10-05T15:56:13.241937+00:00,2,2,7,9,586,670,0.0,0.0,0.0,0.0,4,0.0,0.0,39.88530999040808,0.0,0.0,39.88530999040808,0.0,0.0,True
2026-10-05T15:56:13.241937+00:00,2,3,7,9,586,670,0.0,0.0,0.0,0.0,4,0.0,0.0,39.88530999040808,0.0,0.0,39.88530999040808,0.0,0.0,True
2026-10-05T15:56:13.241937+00:00,3,4294967294,0,0,0,0,0.0,0.0,0.0,0.0,4,0.0,0.0,39.88566081332031,0.0,0.0,39.88566081332031,0.0,0.0,True
2026-10-05T15:56:13.241937+00:00,3,1,119,119,11338,11338,9.971415203330077,9.971415203330077,0.00781758951941078,0.00781758951941078,4,0.0,0.0,39.88566081332031,0.0,0.0,39.88566081332031,0.0,0.0,True
2026-10-05T15:56:13.241937+00:00,3,2,119,119,11338,11338,9.971415203330077,9.971415203330077,0.00781758951941078,0.00781758951941078,4,0.0,0.0,39.88566081332031,0.0,0.0,39.88566081332031,0.0,0.0,True
2026-10-05T15:56:14.243855+00:00,1,4294967294,0,0,0,0,0.0,0.0,0.0,0.0,4,0.0,0.0,39.96746416622604,0.0,0.0,39.96746416622604,0.0,0.0,True
2026-10-05T15:56:14.243855+00:00,1,4,68,69,6452,6494,4.995933020778255,4.995933020778255,0.0039168114882901514,0.0039168114882901514,4,0.0,0.0,39.96746416622604,0.0,0.0,39.96746416622604,0.0,0.0,True
2026-10-05T15:56:14.243855+00:00,1,1,129,129,12318,12318,9.99186604155651,9.99186604155651,0.007833622976580303,0.007833622976580303,4,0.0,0.0,39.96746416622604,0.0,0.0,39.96746416622604,0.0,0.0,True
2026-10-05T15:56:14.243855+00:00,1,6,7,9,586,670,0.0,0.0,0.0,0.0,4,0.0,0.0,39.96746416622604,0.0,0.0,39.96746416622604,0.0,0.0,True
2026-10-05T15:56:14.243855+00:00,1,2,7,9,586,670,0.0,0.0,0.0,0.0,4,0.0,0.0,39.96746416622604,0.0,0.0,39.96746416622604,0.0,0.0,True
2026-10-05T15:56:14.243855+00:00,1,5,7,9,586,670,0.0,0.0,0.0,0.0,4,0.0,0.0,39.96746416622604,0.0,0.0,39.96746416622604,0.0,0.0,True
2026-10-05T15:56:14.243855+00:00,1,3,68,69,6452,6494,4.995933020778255,4.995933020778255,0.0039168114882901514,0.0039168114882901514,4,0.0,0.0,39.96746416622604,0.0,0.0,39.96746416622604,0.0,0.0,True
2026-10-05T15:56:14.243855+00:00,2,4294967294,0,0,0,0,0.0,0.0,0.0,0.0,4,0.0,0.0,40.9214676113903,0.0,0.0,40.9214676113903,0.0,0.0,True
2026-10-05T15:56:14.243855+00:00,2,1,129,129,12318,12318,9.980845758875683,9.980845758875683,0.007824983074958535,0.007824983074958535,4,0.0,0.0,40.9214676113903,0.0,0.0,40.9214676113903,0.0,0.0,True
2026-10-05T15:56:14.243855+00:00,2,6,129,129,12318,12318,9.980845758875683,9.980845758875683,0.007824983074958535,0.007824983074958535,4,0.0,0.0,40.9214676113903,0.0,0.0,40.9214676113903,0.0,0.0,True
2026-10-05T15:56:14.243855+00:00,2,4,7,9,586,670,0.0,0.0,0.0,0.0,4,0.0,0.0,40.9214676113903,0.0,0.0,40.9214676113903,0.0,0.0,True
2026-10-05T15:56:14.243855+00:00,2,5,7,9,586,670,0.0,0.0,0.0,0.0,4,0.0,0.0,40.9214676113903,0.0,0.0,40.9214676113903,0.0,0.0,True
2026-10-05T15:56:14.243855+00:00,2,2,7,9,586,670,0.0,0.0,0.0,0.0,4,0.0,0.0,40.9214676113903,0.0,0.0,40.9214676113903,0.0,0.0,True
2026-10-05T15:56:14.243855+00:00,2,3,7,10,586,740,0.0,0.9980845758875683,0.0,0.0005589273624970382,4,0.0,0.0,40.9214676113903,0.0,0.0,40.9214676113903,0.0,0.0,True
2026-10-05T15:56:14.243855+00:00,3,4294967294,0,0,0,0,0.0,0.0,0.0,0.0,4,0.0,0.0,39.92677302054055,0.0,0.0,39.92677302054055,0.0,0.0,True
2026-10-05T15:56:14.243855+00:00,3,1,129,129,12318,12318,9.981693255135138,9.981693255135138,0.007825647512025947,0.007825647512025947,4,0.0,0.0,39.92677302054055,0.0,0.0,39.92677302054055,0.0,0.0,True
2026-10-05T15:56:14.243855+00:00,3,2,129,129,12318,12318,9.981693255135138,9.981693255135138,0.007825647512025947,0.007825647512025947,4,0.0,0.0,39.92677302054055,0.0,0.0,39.92677302054055,0.0,0.0,True
2026-10-05T15:56:15.245721+00:00,1,4294967294,0,0,0,0,0.0,0.0,0.0,0.0,4,0.0,3.9988376218660036,41.98779502959304,0.0,3.9988376218660036,41.98779502959304,0.0,3.9988376218660036,True
2026-10-05T15:56:15.245721+00:00,1,4,73,75,6942,7054,4.9985470273325046,5.998256432799005,0.003918860869428683,0.004478698136489924,4,0.0,3.9988376218660036,41.98779502959304,0.0,3.9988376218660036,41.98779502959304,0.0,3.9988376218660036,True
2026-10-05T15:56:15.245721+00:00,1,1,139,139,13298,13298,9.997094054665009,9.997094054665009,0.007837721738857367,0.007837721738857367,4,0.0,3.9988376218660036,41.98779502959304,0.0,3.9988376218660036,41.98779502959304,0.0,3.9988376218660036,True
2026-10-05T15:56:15.245721+00:00,1,6,7,9,586,670,0.0,0.0,0.0,0.0,4,0.0,3.9988376218660036,41.98779502959304,0.0,3.9988376218660036,41.98779502959304,0.0,3.9988376218660036,True
2026-10-05T15:56:15.245721+00:00,1,2,7,10,586,740,0.0,0.9997094054665009,0.0,0.0005598372670612405,4,0.0,3.9988376218660036,41.98779502959304,0.0,3.9988376218660036,41.98779502959304,0.0,3.9988376218660036,True
2026-10-05T15:56:15.245721+00:00,1,5,7,9,586,670,0.0,0.0,0.0,0.0,4,0.0,3.9988376218660036,41.98779502959304,0.0,3.9988376218660036,41.98779502959304,0.0,3.9988376218660036,True
2026-10-05T15:56:15.245721+00:00,1,3,73,74,6942,6984,4.9985470273325046,4.9985470273325046,0.003918860869428683,0.003918860869428683,4,0.0,3.9988376218660036,41.98779502959304,0.0,3.9988376218660036,41.98779502959304,0.0,3.9988376218660036,True
2026-10-05T15:56:15.245721+00:00,2,4294967294,0,0,0,0,0.0,0.0,0.0,0.0,4,0.0,2.000530758825185,43.01141131474147,0.0,2.000530758825185,43.01141131474147,0.0,2.000530758825185,True
2026-10-05T15:56:15.245721+00:00,2,1,139,139,13298,13298,10.002653794125923,10.002653794125923,0.007842080574594724,0.007842080574594724,4,0.0,2.000530758825185,43.01141131474147,0.0,2.000530758825185,43.01141131474147,0.0,2.000530758825185,True
2026-10-05T15:56:15.245721+00:00,2,6,139,140,13298,13368,10.002653794125923,11.002919173538515,0.007842080574594724,0.008402229187065775,4,0.0,2.000530758825185,43.01141131474147,0.0,2.000530758825185,43.01141131474147,0.0,2.000530758825185,True
2026-10-05T15:56:15.245721+00:00,2,4,7,10,586,740,0.0,1.0002653794125924,0.0,0.0005601486124710517,4,0.0,2.000530758825185,43.01141131474147,0.0,2.000530758825185,43.01141131474147,0.0,2.000530758825185,True
2026-10-05T15:56:15.245721+00:00,2,5,7,10,586,740,0.0,1.0002653794125924,0.0,0.0005601486124710517,4,0.0,2.000530758825185,43.01141131474147,0.0,2.000530758825185,43.01141131474147,0.0,2.000530758825185,True
2026-10-05T15:56:15.245721+00:00,2,2,7,9,586,670,0.0,0.0,0.0,0.0,4,0.0,2.000530758825185,43.01141131474147,0.0,2.000530758825185,43.01141131474147,0.0,2.000530758825185,True
2026-10-05T15:56:15.245721+00:00,2,3,7,10,586,740,0.0,0.0,0.0,0.0,4,0.0,2.000530758825185,43.01141131474147,0.0,2.000530758825185,43.01141131474147,0.0,2.000530758825185,True
2026-10-05T15:56:15.245721+00:00,3,4294967294,0,0,0,0,0.0,0.0,0.0,0.0,4,0.0,2.000488831450141,40.009776629002815,0.0,2.000488831450141,40.009776629002815,0.0,2.000488831450141,True
2026-10-05T15:56:15.245721+00:00,3,1,139,139,13298,13298,10.002444157250704,10.002444157250704,0.007841916219284553,0.007841916219284553,4,0.0,2.000488831450141,40.009776629002815,0.0,2.000488831450141,40.009776629002815,0.0,2.000488831450141,True
2026-10-05T15:56:15.245721+00:00,3,2,139,139,13298,13298,10.002444157250704,10.002444157250704,0.007841916219284553,0.007841916219284553,4,0.0,2.000488831450141,40.009776629002815,0.0,2.000488831450141,40.009776629002815,0.0,2.000488831450141,True
2026-10-05T15:56:16.248027+00:00,1,4294967294,0,0,0,0,0.0,0.0,0.0,0.0,4,0.0,0.9968135519053668,46.85023693955224,0.0,0.9968135519053668,46.85023693955224,0.0,0.9968135519053668,True
2026-10-05T15:56:16.248027+00:00,1,4,79,80,7502,7544,5.9808813114322,4.984067759526834,0.004465724712536043,0.003907509123469038,4,0.0,0.9968135519053668,46.85023693955224,0.0,0.9968135519053668,46.85023693955224,0.0,0.9968135519053668,True
2026-10-05T15:56:16.248027+00:00,1,1,150,150,14348,14348,10.964949070959035,10.964949070959035,0.00837323383600508,0.00837323383600508,4,0.0,0.9968135519053668,46.85023693955224,0.0,0.9968135519053668,46.85023693955224,0.0,0.9968135519053668,True
2026-10-05T15:56:16.248027+00:00,1,6,8,10,656,740,0.9968135519053668,0.9968135519053668,0.0005582155890670054,0.0005582155890670054,4,0.0,0.9968135519053668,46.85023693955224,0.0,0.9968135519053668,46.85023693955224,0.0,0.9968135519053668,True
2026-10-05T15:56:16.248027+00:00,1,2,7,10,586,740,0.0,0.0,0.0,0.0,4,0.0,0.9968135519053668,46.85023693955224,0.0,0.9968135519053668,46.85023693955224,0.0,0.9968135519053668,True
2026-10-05T15:56:16.248027+00:00,1,5,8,9,656,670,0.9968135519053668,0.0,0.0005582155890670054,0.0,4,0.0,0.9968135519053668,46.85023693955224,0.0,0.9968135519053668,46.85023693955224,0.0,0.9968135519053668,True
2026-10-05T15:56:16.248027+00:00,1,3,78,80,7432,7544,4.984067759526834,5.9808813114322,0.003907509123469038,0.004465724712536043,4,0.0,0.9968135519053668,46.85023693955224,0.0,0.9968135519053668,46.85023693955224,0.0,0.9968135519053668,True
2026-10-05T15:56:16.248027+00:00,2,4294967294,0,0,0,0,0.0,0.0,0.0,0.0,4,0.0,2.9863194555474006,43.79935201469521,0.0,2.9863194555474006,43.79935201469521,0.0,2.9863194555474006,True
2026-10-05T15:56:16.248027+00:00,2,1,150,150,14348,14348,10.949838003673802,10.949838003673802,0.008361694475532722,0.008361694475532722,4,0.0,2.9863194555474006,43.79935201469521,0.0,2.9863194555474006,43.79935201469521,0.0,2.9863194555474006,True
2026-10-05T15:56:16.248027+00:00,2,6,150,150,14348,14348,10.949838003673802,9.954398185158002,0.008361694475532722,0.0078042481771638745,4,0.0,2.9863194555474006,43.79935201469521,0.0,2.9863194555474006,43.79935201469521,0.0,2.9863194555474006,True
2026-10-05T15:56:16.248027+00:00,2,4,7,10,586,740,0.0,0.0,0.0,0.0,4,0.0,2.9863194555474006,43.79935201469521,0.0,2.9863194555474006,43.79935201469521,0.0,2.9863194555474006,True
2026-10-05T15:56:16.248027+00:00,2,5,7,10,586,740,0.0,0.0,0.0,0.0,4,0.0,2.9863194555474006,43.79935201469521,0.0,2.9863194555474006,43.79935201469521,0.0,2.9863194555474006,True
2026-10-05T15:56:16.248027+00:00,2,2,7,10,586,740,0.0,0.9954398185158002,0.0,0.0005574462983688481,4,0.0,2.9863194555474006,43.79935201469521,0.0,2.9863194555474006,43.79935201469521,0.0,2.9863194555474006,True
2026-10-05T15:56:16.248027+00:00,2,3,7,10,586,740,0.0,0.0,0.0,0.0,4,0.0,2.9863194555474006,43.79935201469521,0.0,2.9863194555474006,43.79935201469521,0.0,2.9863194555474006,True
2026-10-05T15:56:16.248027+00:00,3,4294967294,0,0,0,0,0.0,0.0,0.0,0.0,4,0.0,0.0,43.79462371047575,0.0,0.0,43.79462371047575,0.0,0.0,True
2026-10-05T15:56:16.248027+00:00,3,1,150,150,14348,14348,10.948655927618937,10.948655927618937,0.008360791799272642,0.008360791799272642,4,0.0,0.0,43.79462371047575,0.0,0.0,43.79462371047575,0.0,0.0,True
2026-10-05T15:56:16.248027+00:00,3,2,150,150,14348,14348,10.948655927618937,10.948655927618937,0.008360791799272642,0.008360791799272642,4,0.0,0.0,43.79462371047575,0.0,0.0,43.79462371047575,0.0,0.0,True
2026-10-05T15:56:17.250235+00:00,1,4294967294,0,0,0,0,0.0,0.0,0.0,0.0,4,0.0,0.9978127624950174,32.92782116233557,0.0,0.9978127624950174,32.92782116233557,0.0,0.9978127624950174,True
2026-10-05T15:56:17.250235+00:00,1,4,83,84,7894,7936,3.9912510499800695,3.9912510499800695,0.0031291408231843743,0.0031291408231843743,4,0.0,0.9978127624950174,32.92782116233557,0.0,0.9978127624950174,32.92782116233557,0.0,0.9978127624950174,True
2026-10-05T15:56:17.250235+00:00,1,1,158,158,15132,15132,7.982502099960139,7.982502099960139,0.0062582816463687485,0.0062582816463687485,4,0.0,0.9978127624950174,32.92782116233557,0.0,0.9978127624950174,32.92782116233557,0.0,0.9978127624950174,True
2026-10-05T15:56:17.250235+00:00,1,6,8,10,656,740,0.0,0.0,0.0,0.0,4,0.0,0.9978127624950174,32.92782116233557,0.0,0.9978127624950174,32.92782116233557,0.0,0.9978127624950174,True
2026-10-05T15:56:17.250235+00:00,1,2,8,10,656,740,0.9978127624950174,0.0,0.0005587751469972097,0.0,4,0.0,0.9978127624950174,32.92782116233557,0.0,0.9978127624950174,32.92782116233557,0.0,0.9978127624950174,True
2026-10-05T15:56:17.250235+00:00,1,5,8,9,656,670,0.0,0.0,0.0,0.0,4,0.0,0.9978127624950174,32.92782116233557,0.0,0.9978127624950174,32.92782116233557,0.0,0.9978127624950174,True
2026-10-05T15:56:17.250235+00:00,1,3,82,84,7824,7936,3.9912510499800695,3.9912510499800695,0.0031291408231843743,0.0031291408231843743,4,0.0,0.9978127624950174,32.92782116233557,0.0,0.9978127624950174,32.92782116233557,0.0,0.9978127624950174,True
2026-10-05T15:56:17.250235+00:00,2,4294967294,0,0,0,0,0.0,0.0,0.0,0.0,4,0.0,0.9983846774929734,34.94346371225407,0.0,0.9983846774929734,34.94346371225407,0.0,0.9983846774929734,True
2026-10-05T15:56:17.250235+00:00,2,1,158,158,15132,15132,7.9870774199437875,7.9870774199437875,0.00626186869723593,0.00626186869723593,4,0.0,0.9983846774929734,34.94346371225407,0.0,0.9983846774929734,34.94346371225407,0.0,0.9983846774929734,True
2026-10-05T15:56:17.250235+00:00,2,6,158,158,15132,15132,7.9870774199437875,7.9870774199437875,0.00626186869723593,0.00626186869723593,4,0.0,0.9983846774929734,34.94346371225407,0.0,0.9983846774929734,34.94346371225407,0.0,0.9983846774929734,True
2026-10-05T15:56:17.250235+00:00,2,4,8,10,656,740,0.9983846774929734,0.0,0.0005590954193960652,0.0,4,0.0,0.9983846774929734,34.94346371225407,0.0,0.9983846774929734,34.94346371225407,0.0,0.9983846774929734,True
2026-10-05T15:56:17.250235+00:00,2,5,8,10,656,740,0.9983846774929734,0.0,0.0005590954193960652,0.0,4,0.0,0.9983846774929734,34.94346371225407,0.0,0.9983846774929734,34.94346371225407,0.0,0.9983846774929734,True
2026-10-05T15:56:17.250235+00:00,2,2,7,10,586,740,0.0,0.0,0.0,0.0,4,0.0,0.9983846774929734,34.94346371225407,0.0,0.9983846774929734,34.94346371225407,0.0,0.9983846774929734,True
2026-10-05T15:56:17.250235+00:00,2,3,8,10,656,740,0.9983846774929734,0.0,0.0005590954193960652,0.0,4,0.0,0.9983846774929734,34.94346371225407,0.0,0.9983846774929734,34.94346371225407,0.0,0.9983846774929734,True
2026-10-05T15:56:17.250235+00:00,3,4294967294,0,0,0,0,0.0,0.0,0.0,0.0,4,0.0,0.0,31.952941593025596,0.0,0.0,31.952941593025596,0.0,0.0,True
2026-10-05T15:56:17.250235+00:00,3,1,158,158,15132,15132,7.988235398256399,7.988235398256399,0.0062627765522330165,0.0062627765522330165,4,0.0,0.0,31.952941593025596,0.0,0.0,31.952941593025596,0.0,0.0,True
2026-10-05T15:56:17.250235+00:00,3,2,158,158,15132,15132,7.988235398256399,7.988235398256399,0.0062627765522330165,0.0062627765522330165,4,0.0,0.0,31.952941593025596,0.0,0.0,31.952941593025596,0.0,0.0,True
2026-10-05T15:56:18.252363+00:00,1,4294967294,0,0,0,0,0.0,0.0,0.0,0.0,4,0.0,0.0,41.91747856893945,0.0,0.0,41.91747856893945,0.0,0.0,True
2026-10-05T15:56:18.252363+00:00,1,4,88,89,8384,8426,4.990176020111839,4.990176020111839,0.003912297999767682,0.003912297999767682,4,0.0,0.0,41.91747856893945,0.0,0.0,41.91747856893945,0.0,0.0,True
2026-10-05T15:56:18.252363+00:00,1,1,168,168,16112,16112,9.980352040223679,9.980352040223679,0.007824595999535364,0.007824595999535364,4,0.0,0.0,41.91747856893945,0.0,0.0,41.91747856893945,0.0,0.0,True
2026-10-05T15:56:18.252363+00:00,1,6,8,10,656,740,0.0,0.0,0.0,0.0,4,0.0,0.0,41.91747856893945,0.0,0.0,41.91747856893945,0.0,0.0,True
2026-10-05T15:56:18.252363+00:00,1,2,8,10,656,740,0.0,0.0,0.0,0.0,4,0.0,0.0,41.91747856893945,0.0,0.0,41.91747856893945,0.0,0.0,True
2026-10-05T15:56:18.252363+00:00,1,5,8,10,656,740,0.0,0.9980352040223678,0.0,0.000558899714252526,4,0.0,0.0,41.91747856893945,0.0,0.0,41.91747856893945,0.0,0.0,True
2026-10-05T15:56:18.252363+00:00,1,3,88,89,8384,8426,5.988211224134207,4.990176020111839,0.004471197714020208,0.003912297999767682,4,0.0,0.0,41.91747856893945,0.0,0.0,41.91747856893945,0.0,0.0,True
2026-10-05T15:56:18.252363+00:00,2,4294967294,0,0,0,0,0.0,0.0,0.0,0.0,4,0.0,0.0,40.93355595602369,0.0,0.0,40.93355595602369,0.0,0.0,True
2026-10-05T15:56:18.252363+00:00,2,1,168,168,16112,16112,9.983794135615533,9.983794135615533,0.00782729460232258,0.00782729460232258,4,0.0,0.0,40.93355595602369,0.0,0.0,40.93355595602369,0.0,0.0,True
2026-10-05T15:56:18.252363+00:00,2,6,168,168,16112,16112,9.983794135615533,9.983794135615533,0.00782729460232258,0.00782729460232258,4,0.0,0.0,40.93355595602369,0.0,0.0,40.93355595602369,0.0,0.0,True
2026-10-05T15:56:18.252363+00:00,2,4,8,10,656,740,0.0,0.0,0.0,0.0,4,0.0,0.0,40.93355595602369,0.0,0.0,40.93355595602369,0.0,0.0,True
2026-10-05T15:56:18.252363+00:00,2,5,8,10,656,740,0.0,0.0,0.0,0.0,4,0.0,0.0,40.93355595602369,0.0,0.0,40.93355595602369,0.0,0.0,True
2026-10-05T15:56:18.252363+00:00,2,2,8,10,656,740,0.9983794135615534,0.0,0.0005590924715944699,0.0,4,0.0,0.0,40.93355595602369,0.0,0.0,40.93355595602369,0.0,0.0,True
2026-10-05T15:56:18.252363+00:00,2,3,8,10,656,740,0.0,0.0,0.0,0.0,4,0.0,0.0,40.93355595602369,0.0,0.0,40.93355595602369,0.0,0.0,True
2026-10-05T15:56:18.252363+00:00,3,4294967294,0,0,0,0,0.0,0.0,0.0,0.0,4,0.0,0.0,39.93445509951578,0.0,0.0,39.93445509951578,0.0,0.0,True
2026-10-05T15:56:18.252363+00:00,3,1,168,168,16112,16112,9.983613774878945,9.983613774878945,0.007827153199505093,0.007827153199505093,4,0.0,0.0,39.93445509951578,0.0,0.0,39.93445509951578,0.0,0.0,True
2026-10-05T15:56:18.252363+00:00,3,2,168,168,16112,16112,9.983613774878945,9.983613774878945,0.007827153199505093,0.007827153199505093,4,0.0,0.0,39.93445509951578,0.0,0.0,39.93445509951578,0.0,0.0,True
2026-10-05T15:56:19.254259+00:00,1,4294967294,0,0,0,0,0.0,0.0,0.0,0.0,4,0.0,0.0,39.956499199611905,0.0,0.0,39.956499199611905,0.0,0.0,True
2026-10-05T15:56:19.254259+00:00,1,4,93,94,8874,8916,4.994562399951488,4.994562399951488,0.003915736921561967,0.003915736921561967,4,0.0,0.0,39.956499199611905,0.0,0.0,39.956499199611905,0.0,0.0,True
2026-10-05T15:56:19.254259+00:00,1,1,178,178,17092,17092,9.989124799902976,9.989124799902976,0.007831473843123934,0.007831473843123934,4,0.0,0.0,39.956499199611905,0.0,0.0,39.956499199611905,0.0,0.0,True
2026-10-05T15:56:19.254259+00:00,1,6,8,10,656,740,0.0,0.0,0.0,0.0,4,0.0,0.0,39.956499199611905,0.0,0.0,39.956499199611905,0.0,0.0,True
2026-10-05T15:56:19.254259+00:00,1,2,8,10,656,740,0.0,0.0,0.0,0.0,4,0.0,0.0,39.956499199611905,0.0,0.0,39.956499199611905,0.0,0.0,True
2026-10-05T15:56:19.254259+00:00,1,5,8,10,656,740,0.0,0.0,0.0,0.0,4,0.0,0.0,39.956499199611905,0.0,0.0,39.956499199611905,0.0,0.0,True
2026-10-05T15:56:19.254259+00:00,1,3,93,94,8874,8916,4.994562399951488,4.994562399951488,0.003915736921561967,0.003915736921561967,4,0.0,0.0,39.956499199611905,0.0,0.0,39.956499199611905,0.0,0.0,True
2026-10-05T15:56:19.254259+00:00,2,4294967294,0,0,0,0,0.0,0.0,0.0,0.0,4,0.0,0.0,39.97563748739303,0.0,0.0,39.97563748739303,0.0,0.0,True
2026-10-05T15:56:19.254259+00:00,2,1,178,178,17092,17092,9.993909371848257,9.993909371848257,0.007835224947529034,0.007835224947529034,4,0.0,0.0,39.97563748739303,0.0,0.0,39.97563748739303,0.0,0.0,True
2026-10-05T15:56:19.254259+00:00,2,6,178,178,17092,17092,9.993909371848257,9.993909371848257,0.007835224947529034,0.007835224947529034,4,0.0,0.0,39.97563748739303,0.0,0.0,39.97563748739303,0.0,0.0,True
2026-10-05T15:56:19.254259+00:00,2,4,8,10,656,740,0.0,0.0,0.0,0.0,4,0.0,0.0,39.97563748739303,0.0,0.0,39.97563748739303,0.0,0.0,True
2026-10-05T15:56:19.254259+00:00,2,5,8,10,656,740,0.0,0.0,0.0,0.0,4,0.0,0.0,39.97563748739303,0.0,0.0,39.97563748739303,0.0,0.0,True
2026-10-05T15:56:19.254259+00:00,2,2,8,10,656,740,0.0,0.0,0.0,0.0,4,0.0,0.0,39.97563748739303,0.0,0.0,39.97563748739303,0.0,0.0,True
2026-10-05T15:56:19.254259+00:00,2,3,8,10,656,740,0.0,0.0,0.0,0.0,4,0.0,0.0,39.97563748739303,0.0,0.0,39.97563748739303,0.0,0.0,True
2026-10-05T15:56:19.254259+00:00,3,4294967294,0,0,0,0,0.0,0.0,0.0,0.0,4,0.0,0.0,39.97276160102405,0.0,0.0,39.97276160102405,0.0,0.0,True
2026-10-05T15:56:19.254259+00:00,3,1,178,178,17092,17092,9.993190400256012,9.993190400256012,0.007834661273800713,0.007834661273800713,4,0.0,0.0,39.97276160102405,0.0,0.0,39.97276160102405,0.0,0.0,True
2026-10-05T15:56:19.254259+00:00,3,2,178,178,17092,17092,9.993190400256012,9.993190400256012,0.007834661273800713,0.007834661273800713,4,0.0,0.0,39.97276160102405,0.0,0.0,39.97276160102405,0.0,0.0,True
2026-10-05T15:56:20.255885+00:00,1,4294967294,0,0,0,0,0.0,0.0,0.0,0.0,4,0.0,0.0,39.8968675549505,0.0,0.0,39.8968675549505,0.0,0.0,True
2026-10-05T15:56:20.255885+00:00,1,4,98,99,9364,9406,4.987108444368812,4.987108444368812,0.003909893020385149,0.003909893020385149,4,0.0,0.0,39.8968675549505,0.0,0.0,39.8968675549505,0.0,0.0,True
2026-10-05T15:56:20.255885+00:00,1,1,188,188,18072,18072,9.974216888737624,9.974216888737624,0.007819786040770297,0.007819786040770297,4,0.0,0.0,39.8968675549505,0.0,0.0,39.8968675549505,0.0,0.0,True
2026-10-05T15:56:20.255885+00:00,1,6,8,10,656,740,0.0,0.0,0.0,0.0,4,0.0,0.0,39.8968675549505,0.0,0.0,39.8968675549505,0.0,0.0,True
2026-10-05T15:56:20.255885+00:00,1,2,8,10,656,740,0.0,0.0,0.0,0.0,4,0.0,0.0,39.8968675549505,0.0,0.0,39.8968675549505,0.0,0.0,True
2026-10-05T15:56:20.255885+00:00,1,5,8,10,656,740,0.0,0.0,0.0,0.0,4,0.0,0.0,39.8968675549505,0.0,0.0,39.8968675549505,0.0,0.0,True
2026-10-05T15:56:20.255885+00:00,1,3,98,99,9364,9406,4.987108444368812,4.987108444368812,0.003909893020385149,0.003909893020385149,4,0.0,0.0,39.8968675549505,0.0,0.0,39.8968675549505,0.0,0.0,True
2026-10-05T15:56:20.255885+00:00,2,4294967294,0,0,0,0,0.0,0.0,0.0,0.0,4,0.0,0.0,39.88190059905322,0.0,0.0,39.88190059905322,0.0,0.0,True
2026-10-05T15:56:20.255885+00:00,2,1,188,188,18072,18072,9.970475149763304,9.970475149763304,0.00781685251741443,0.00781685251741443,4,0.0,0.0,39.88190059905322,0.0,0.0,39.88190059905322,0.0,0.0,True
2026-10-05T15:56:20.255885+00:00,2,6,188,188,18072,18072,9.970475149763304,9.970475149763304,0.00781685251741443,0.00781685251741443,4,0.0,0.0,39.88190059905322,0.0,0.0,39.88190059905322,0.0,0.0,True
2026-10-05T15:56:20.255885+00:00,2,4,8,10,656,740,0.0,0.0,0.0,0.0,4,0.0,0.0,39.88190059905322,0.0,0.0,39.88190059905322,0.0,0.0,True
2026-10-05T15:56:20.255885+00:00,2,5,8,10,656,740,0.0,0.0,0.0,0.0,4,0.0,0.0,39.88190059905322,0.0,0.0,39.88190059905322,0.0,0.0,True
2026-10-05T15:56:20.255885+00:00,2,2,8,10,656,740,0.0,0.0,0.0,0.0,4,0.0,0.0,39.88190059905322,0.0,0.0,39.88190059905322,0.0,0.0,True
2026-10-05T15:56:20.255885+00:00,2,3,8,10,656,740,0.0,0.0,0.0,0.0,4,0.0,0.0,39.88190059905322,0.0,0.0,39.88190059905322,0.0,0.0,True
2026-10-05T15:56:20.255885+00:00,3,4294967294,0,0,0,0,0.0,0.0,0.0,0.0,4,0.0,0.0,39.88451681451967,0.0,0.0,39.88451681451967,0.0,0.0,True
2026-10-05T15:56:20.255885+00:00,3,1,188,188,18072,18072,9.971129203629918,9.971129203629918,0.007817365295645855,0.007817365295645855,4,0.0,0.0,39.88451681451967,0.0,0.0,39.88451681451967,0.0,0.0,True
2026-10-05T15:56:20.255885+00:00,3,2,188,188,18072,18072,9.971129203629918,9.971129203629918,0.007817365295645855,0.007817365295645855,4,0.0,0.0,39.88451681451967,0.0,0.0,39.88451681451967,0.0,0.0,True
2026-10-05T15:56:21.257829+00:00,1,4294967294,0,0,0,0,0.0,0.0,0.0,0.0,4,0.0,0.0,39.919318745347375,0.0,0.0,39.919318745347375,0.0,0.0,True
2026-10-05T15:56:21.257829+00:00,1,4,103,104,9854,9896,4.989914843168422,4.989914843168422,0.0039120932370440425,0.0039120932370440425,4,0.0,0.0,39.919318745347375,0.0,0.0,39.919318745347375,0.0,0.0,True
2026-10-05T15:56:21.257829+00:00,1,1,198,198,19052,19052,9.979829686336844,9.979829686336844,0.007824186474088085,0.007824186474088085,4,0.0,0.0,39.919318745347375,0.0,0.0,39.919318745347375,0.0,0.0,True
2026-10-05T15:56:21.257829+00:00,1,6,8,10,656,740,0.0,0.0,0.0,0.0,4,0.0,0.0,39.919318745347375,0.0,0.0,39.919318745347375,0.0,0.0,True
2026-10-05T15:56:21.257829+00:00,1,2,8,10,656,740,0.0,0.0,0.0,0.0,4,0.0,0.0,39.919318745347375,0.0,0.0,39.919318745347375,0.0,0.0,True
2026-10-05T15:56:21.257829+00:00,1,5,8,10,656,740,0.0,0.0,0.0,0.0,4,0.0,0.0,39.919318745347375,0.0,0.0,39.919318745347375,0.0,0.0,True
2026-10-05T15:56:21.257829+00:00,1,3,103,104,9854,9896,4.989914843168422,4.989914843168422,0.0039120932370440425,0.0039120932370440425,4,0.0,0.0,39.919318745347375,0.0,0.0,39.919318745347375,0.0,0.0,True
2026-10-05T15:56:21.257829+00:00,2,4294967294,0,0,0,0,0.0,0.0,0.0,0.0,4,0.0,0.0,39.91222017610596,0.0,0.0,39.91222017610596,0.0,0.0,True
2026-10-05T15:56:21.257829+00:00,2,1,198,198,19052,19052,9.97805504402649,9.97805504402649,0.00782279515451677,0.00782279515451677,4,0.0,0.0,39.91222017610596,0.0,0.0,39.91222017610596,0.0,0.0,True
2026-10-05T15:56:21.257829+00:00,2,6,198,198,19052,19052,9.97805504402649,9.97805504402649,0.00782279515451677,0.00782279515451677,4,0.0,0.0,39.91222017610596,0.0,0.0,39.91222017610596,0.0,0.0,True
2026-10-05T15:56:21.257829+00:00,2,4,8,10,656,740,0.0,0.0,0.0,0.0,4,0.0,0.0,39.91222017610596,0.0,0.0,39.91222017610596,0.0,0.0,True
2026-10-05T15:56:21.257829+00:00,2,5,8,10,656,740,0.0,0.0,0.0,0.0,4,0.0,0.0,39.91222017610596,0.0,0.0,39.91222017610596,0.0,0.0,True
2026-10-05T15:56:21.257829+00:00,2,2,8,10,656,740,0.0,0.0,0.0,0.0,4,0.0,0.0,39.91222017610596,0.0,0.0,39.91222017610596,0.0,0.0,True
2026-10-05T15:56:21.257829+00:00,2,3,8,10,656,740,0.0,0.0,0.0,0.0,4,0.0,0.0,39.91222017610596,0.0,0.0,39.91222017610596,0.0,0.0,True
2026-10-05T15:56:21.257829+00:00,3,4294967294,0,0,0,0,0.0,0.0,0.0,0.0,4,0.0,0.0,39.905548913080366,0.0,0.0,39.905548913080366,0.0,0.0,True
2026-10-05T15:56:21.257829+00:00,3,1,198,198,19052,19052,9.976387228270092,9.976387228270092,0.00782148758696375,0.00782148758696375,4,0.0,0.0,39.905548913080366,0.0,0.0,39.905548913080366,0.0,0.0,True
2026-10-05T15:56:21.257829+00:00,3,2,198,198,19052,19052,9.976387228270092,9.976387228270092,0.00782148758696375,0.00782148758696375,4,0.0,0.0,39.905548913080366,0.0,0.0,39.905548913080366,0.0,0.0,True
2026-10-05T15:56:22.259987+00:00,1,4294967294,0,0,0,0,0.0,0.0,0.0,0.0,4,0.0,0.0,39.87486632958286,0.0,0.0,39.87486632958286,0.0,0.0,True
2026-10-05T15:56:22.259987+00:00,1,4,108,109,10344,10386,4.984358291197857,4.984358291197857,0.00390773690029912,0.00390773690029912,4,0.0,0.0,39.87486632958286,0.0,0.0,39.87486632958286,0.0,0.0,True
2026-10-05T15:56:22.259987+00:00,1,1,208,208,20032,20032,9.968716582395714,9.968716582395714,0.00781547380059824,0.00781547380059824,4,0.0,0.0,39.87486632958286,0.0,0.0,39.87486632958286,0.0,0.0,True
2026-10-05T15:56:22.259987+00:00,1,6,8,10,656,740,0.0,0.0,0.0,0.0,4,0.0,0.0,39.87486632958286,0.0,0.0,39.87486632958286,0.0,0.0,True
2026-10-05T15:56:22.259987+00:00,1,2,8,10,656,740,0.0,0.0,0.0,0.0,4,0.0,0.0,39.87486632958286,0.0,0.0,39.87486632958286,0.0,0.0,True
2026-10-05T15:56:22.259987+00:00,1,5,8,10,656,740,0.0,0.0,0.0,0.0,4,0.0,0.0,39.87486632958286,0.0,0.0,39.87486632958286,0.0,0.0,True
2026-10-05T15:56:22.259987+00:00,1,3,108,109,10344,10386,4.984358291197857,4.984358291197857,0.00390773690029912,0.00390773690029912,4,0.0,0.0,39.87486632958286,0.0,0.0,39.87486632958286,0.0,0.0,True
2026-10-05T15:56:22.259987+00:00,2,4294967294,0,0,0,0,0.0,0.0,0.0,0.0,4,0.0,0.0,39.8637054330517,0.0,0.0,39.8637054330517,0.0,0.0,True
2026-10-05T15:56:22.259987+00:00,2,1,208,208,20032,20032,9.965926358262925,9.965926358262925,0.007813286264878132,0.007813286264878132,4,0.0,0.0,39.8637054330517,0.0,0.0,39.8637054330517,0.0,0.0,True
2026-10-05T15:56:22.259987+00:00,2,6,208,208,20032,20032,9.965926358262925,9.965926358262925,0.007813286264878132,0.007813286264878132,4,0.0,0.0,39.8637054330517,0.0,0.0,39.8637054330517,0.0,0.0,True
2026-10-05T15:56:22.259987+00:00,2,4,8,10,656,740,0.0,0.0,0.0,0.0,4,0.0,0.0,39.8637054330517,0.0,0.0,39.8637054330517,0.0,0.0,True
2026-10-05T15:56:22.259987+00:00,2,5,8,10,656,740,0.0,0.0,0.0,0.0,4,0.0,0.0,39.8637054330517,0.0,0.0,39.8637054330517,0.0,0.0,True
2026-10-05T15:56:22.259987+00:00,2,2,8,10,656,740,0.0,0.0,0.0,0.0,4,0.0,0.0,39.8637054330517,0.0,0.0,39.8637054330517,0.0,0.0,True
2026-10-05T15:56:22.259987+00:00,2,3,8,10,656,740,0.0,0.0,0.0,0.0,4,0.0,0.0,39.8637054330517,0.0,0.0,39.8637054330517,0.0,0.0,True
2026-10-05T15:56:22.259987+00:00,3,4294967294,0,0,0,0,0.0,0.0,0.0,0.0,4,0.0,0.0,39.87280348401898,0.0,0.0,39.87280348401898,0.0,0.0,True
2026-10-05T15:56:22.259987+00:00,3,1,208,208,20032,20032,9.968200871004745,9.968200871004745,0.00781506948286772,0.00781506948286772,4,0.0,0.0,39.87280348401898,0.0,0.0,39.87280348401898,0.0,0.0,True
2026-10-05T15:56:22.259987+00:00,3,2,208,208,20032,20032,9.968200871004745,9.968200871004745,0.00781506948286772,0.00781506948286772,4,0.0,0.0,39.87280348401898,0.0,0.0,39.87280348401898,0.0,0.0,True
2026-10-05T15:56:23.261734+00:00,1,4294967294,0,0,0,0,0.0,0.0,0.0,0.0,4,0.0,0.0,39.973180074761856,0.0,0.0,39.973180074761856,0.0,0.0,True
2026-10-05T15:56:23.261734+00:00,1,4,113,114,10834,10876,4.996647509345232,4.996647509345232,0.003917371647326662,0.003917371647326662,4,0.0,0.0,39.973180074761856,0.0,0.0,39.973180074761856,0.0,0.0,True
2026-10-05T15:56:23.261734+00:00,1,1,218,218,21012,21012,9.993295018690464,9.993295018690464,0.007834743294653324,0.007834743294653324,4,0.0,0.0,39.973180074761856,0.0,0.0,39.973180074761856,0.0,0.0,True
2026-10-05T15:56:23.261734+00:00,1,6,8,10,656,740,0.0,0.0,0.0,0.0,4,0.0,0.0,39.973180074761856,0.0,0.0,39.973180074761856,0.0,0.0,True
2026-10-05T15:56:23.261734+00:00,1,2,8,10,656,740,0.0,0.0,0.0,0.0,4,0.0,0.0,39.973180074761856,0.0,0.0,39.973180074761856,0.0,0.0,True
2026-10-05T15:56:23.261734+00:00,1,5,8,10,656,740,0.0,0.0,0.0,0.0,4,0.0,0.0,39.973180074761856,0.0,0.0,39.973180074761856,0.0,0.0,True
2026-10-05T15:56:23.261734+00:00,1,3,113,114,10834,10876,4.996647509345232,4.996647509345232,0.003917371647326662,0.003917371647326662,4,0.0,0.0,39.973180074761856,0.0,0.0,39.973180074761856,0.0,0.0,True
2026-10-05T15:56:23.261734+00:00,2,4294967294,0,0,0,0,0.0,0.0,0.0,0.0,4,0.0,0.0,39.99605282950716,0.0,0.0,39.99605282950716,0.0,0.0,True
2026-10-05T15:56:23.261734+00:00,2,1,218,218,21012,21012,9.99901320737679,9.99901320737679,0.007839226354583402,0.007839226354583402,4,0.0,0.0,39.99605282950716,0.0,0.0,39.99605282950716,0.0,0.0,True
2026-10-05T15:56:23.261734+00:00,2,6,218,218,21012,21012,9.99901320737679,9.99901320737679,0.007839226354583402,0.007839226354583402,4,0.0,0.0,39.99605282950716,0.0,0.0,39.99605282950716,0.0,0.0,True
2026-10-05T15:56:23.261734+00:00,2,4,8,10,656,740,0.0,0.0,0.0,0.0,4,0.0,0.0,39.99605282950716,0.0,0.0,39.99605282950716,0.0,0.0,True
2026-10-05T15:56:23.261734+00:00,2,5,8,10,656,740,0.0,0.0,0.0,0.0,4,0.0,0.0,39.99605282950716,0.0,0.0,39.99605282950716,0.0,0.0,True
2026-10-05T15:56:23.261734+00:00,2,2,8,10,656,740,0.0,0.0,0.0,0.0,4,0.0,0.0,39.99605282950716,0.0,0.0,39.99605282950716,0.0,0.0,True
2026-10-05T15:56:23.261734+00:00,2,3,8,10,656,740,0.0,0.0,0.0,0.0,4,0.0,0.0,39.99605282950716,0.0,0.0,39.99605282950716,0.0,0.0,True
2026-10-05T15:56:23.261734+00:00,3,4294967294,0,0,0,0,0.0,0.0,0.0,0.0,4,0.0,0.0,39.99356111654001,0.0,0.0,39.99356111654001,0.0,0.0,True
2026-10-05T15:56:23.261734+00:00,3,1,218,218,21012,21012,9.998390279135002,9.998390279135002,0.007838737978841843,0.007838737978841843,4,0.0,0.0,39.99356111654001,0.0,0.0,39.99356111654001,0.0,0.0,True
2026-10-05T15:56:23.261734+00:00,3,2,218,218,21012,21012,9.998390279135002,9.998390279135002,0.007838737978841843,0.007838737978841843,4,0.0,0.0,39.99356111654001,0.0,0.0,39.99356111654001,0.0,0.0,True
2026-10-05T15:56:24.263553+00:00,1,4294967294,0,0,0,0,0.0,0.0,0.0,0.0,4,0.0,0.0,39.92715856863837,0.0,0.0,39.92715856863837,0.0,0.0,True
2026-10-05T15:56:24.263553+00:00,1,4,118,119,11324,11366,4.990894821079796,4.990894821079796,0.00391286153972656,0.00391286153972656,4,0.0,0.0,39.92715856863837,0.0,0.0,39.92715856863837,0.0,0.0,True
2026-10-05T15:56:24.263553+00:00,1,1,228,228,21992,21992,9.981789642159592,9.981789642159592,0.00782572307945312,0.00782572307945312,4,0.0,0.0,39.92715856863837,0.0,0.0,39.92715856863837,0.0,0.0,True
2026-10-05T15:56:24.263553+00:00,1,6,8,10,656,740,0.0,0.0,0.0,0.0,4,0.0,0.0,39.92715856863837,0.0,0.0,39.92715856863837,0.0,0.0,True
2026-10-05T15:56:24.263553+00:00,1,2,8,10,656,740,0.0,0.0,0.0,0.0,4,0.0,0.0,39.92715856863837,0.0,0.0,39.92715856863837,0.0,0.0,True
2026-10-05T15:56:24.263553+00:00,1,5,8,10,656,740,0.0,0.0,0.0,0.0,4,0.0,0.0,39.92715856863837,0.0,0.0,39.92715856863837,0.0,0.0,True
2026-10-05T15:56:24.263553+00:00,1,3,118,119,11324,11366,4.990894821079796,4.990894821079796,0.00391286153972656,0.00391286153972656,4,0.0,0.0,39.92715856863837,0.0,0.0,39.92715856863837,0.0,0.0,True
2026-10-05T15:56:24.263553+00:00,2,4294967294,0,0,0,0,0.0,0.0,0.0,0.0,4,0.0,0.0,39.928640970533394,0.0,0.0,39.928640970533394,0.0,0.0,True
2026-10-05T15:56:24.263553+00:00,2,1,228,228,21992,21992,9.982160242633348,9.982160242633348,0.007826013630224546,0.007826013630224546,4,0.0,0.0,39.928640970533394,0.0,0.0,39.928640970533394,0.0,0.0,True
2026-10-05T15:56:24.263553+00:00,2,6,228,228,21992,21992,9.982160242633348,9.982160242633348,0.007826013630224546,0.007826013630224546,4,0.0,0.0,39.928640970533394,0.0,0.0,39.928640970533394,0.0,0.0,True
2026-10-05T15:56:24.263553+00:00,2,4,8,10,656,740,0.0,0.0,0.0,0.0,4,0.0,0.0,39.928640970533394,0.0,0.0,39.928640970533394,0.0,0.0,True
2026-10-05T15:56:24.263553+00:00,2,5,8,10,656,740,0.0,0.0,0.0,0.0,4,0.0,0.0,39.928640970533394,0.0,0.0,39.928640970533394,0.0,0.0,True
2026-10-05T15:56:24.263553+00:00,2,2,8,10,656,740,0.0,0.0,0.0,0.0,4,0.0,0.0,39.928640970533394,0.0,0.0,39.928640970533394,0.0,0.0,True
2026-10-05T15:56:24.263553+00:00,2,3,8,10,656,740,0.0,0.0,0.0,0.0,4,0.0,0.0,39.928640970533394,0.0,0.0,39.928640970533394,0.0,0.0,True
2026-10-05T15:56:24.263553+00:00,3,4294967294,0,0,0,0,0.0,0.0,0.0,0.0,4,0.0,0.0,39.928532040432465,0.0,0.0,39.928532040432465,0.0,0.0,True
2026-10-05T15:56:24.263553+00:00,3,1,228,228,21992,21992,9.982133010108116,9.982133010108116,0.007825992279924763,0.007825992279924763,4,0.0,0.0,39.928532040432465,0.0,0.0,39.928532040432465,0.0,0.0,True
2026-10-05T15:56:24.263553+00:00,3,2,228,228,21992,21992,9.982133010108116,9.982133010108116,0.007825992279924763,0.007825992279924763,4,0.0,0.0,39.928532040432465,0.0,0.0,39.928532040432465,0.0,0.0,True
2026-10-05T15:56:25.265342+00:00,1,4294967294,0,0,0,0,0.0,0.0,0.0,0.0,4,0.0,0.0,39.96590021490763,0.0,0.0,39.96590021490763,0.0,0.0,True
2026-10-05T15:56:25.265342+00:00,1,4,123,124,11814,11856,4.995737526863453,4.995737526863453,0.003916658221060947,0.003916658221060947,4,0.0,0.0,39.96590021490763,0.0,0.0,39.96590021490763,0.0,0.0,True
2026-10-05T15:56:25.265342+00:00,1,1,238,238,22972,22972,9.991475053726907,9.991475053726907,0.007833316442121895,0.007833316442121895,4,0.0,0.0,39.96590021490763,0.0,0.0,39.96590021490763,0.0,0.0,True
2026-10-05T15:56:25.265342+00:00,1,6,8,10,656,740,0.0,0.0,0.0,0.0,4,0.0,0.0,39.96590021490763,0.0,0.0,39.96590021490763,0.0,0.0,True
2026-10-05T15:56:25.265342+00:00,1,2,8,10,656,740,0.0,0.0,0.0,0.0,4,0.0,0.0,39.96590021490763,0.0,0.0,39.96590021490763,0.0,0.0,True
2026-10-05T15:56:25.265342+00:00,1,5,8,10,656,740,0.0,0.0,0.0,0.0,4,0.0,0.0,39.96590021490763,0.0,0.0,39.96590021490763,0.0,0.0,True
2026-10-05T15:56:25.265342+00:00,1,3,123,124,11814,11856,4.995737526863453,4.995737526863453,0.003916658221060947,0.003916658221060947,4,0.0,0.0,39.96590021490763,0.0,0.0,39.96590021490763,0.0,0.0,True
2026-10-05T15:56:25.265342+00:00,2,4294967294,0,0,0,0,0.0,0.0,0.0,0.0,4,0.0,0.0,39.98074343461031,0.0,0.0,39.98074343461031,0.0,0.0,True
2026-10-05T15:56:25.265342+00:00,2,1,238,238,22972,22972,9.995185858652578,9.995185858652578,0.007836225713183622,0.007836225713183622,4,0.0,0.0,39.98074343461031,0.0,0.0,39.98074343461031,0.0,0.0,True
2026-10-05T15:56:25.265342+00:00,2,6,238,238,22972,22972,9.995185858652578,9.995185858652578,0.007836225713183622,0.007836225713183622,4,0.0,0.0,39.98074343461031,0.0,0.0,39.98074343461031,0.0,0.0,True
2026-10-05T15:56:25.265342+00:00,2,4,8,10,656,740,0.0,0.0,0.0,0.0,4,0.0,0.0,39.98074343461031,0.0,0.0,39.98074343461031,0.0,0.0,True
2026-10-05T15:56:25.265342+00:00,2,5,8,10,656,740,0.0,0.0,0.0,0.0,4,0.0,0.0,39.98074343461031,0.0,0.0,39.98074343461031,0.0,0.0,True
2026-10-05T15:56:25.265342+00:00,2,2,8,10,656,740,0.0,0.0,0.0,0.0,4,0.0,0.0,39.98074343461031,0.0,0.0,39.98074343461031,0.0,0.0,True
2026-10-05T15:56:25.265342+00:00,2,3,8,10,656,740,0.0,0.0,0.0,0.0,4,0.0,0.0,39.98074343461031,0.0,0.0,39.98074343461031,0.0,0.0,True
2026-10-05T15:56:25.265342+00:00,3,4294967294,0,0,0,0,0.0,0.0,0.0,0.0,4,0.0,0.0,39.980054710194366,0.0,0.0,39.980054710194366,0.0,0.0,True
2026-10-05T15:56:25.265342+00:00,3,1,238,238,22972,22972,9.995013677548592,9.995013677548592,0.007836090723198096,0.007836090723198096,4,0.0,0.0,39.980054710194366,0.0,0.0,39.980054710194366,0.0,0.0,True
2026-10-05T15:56:25.265342+00:00,3,2,238,238,22972,22972,9.995013677548592,9.995013677548592,0.007836090723198096,0.007836090723198096,4,0.0,0.0,39.980054710194366,0.0,0.0,39.980054710194366,0.0,0.0,True
2026-10-05T15:56:26.267992+00:00,1,4294967294,0,0,0,0,0.0,0.0,0.0,0.0,4,0.0,0.0,39.801840091199416,0.0,0.0,39.801840091199416,0.0,0.0,True
2026-10-05T15:56:26.267992+00:00,1,4,128,129,12304,12346,4.975230011399927,4.975230011399927,0.0039005803289375433,0.0039005803289375433,4,0.0,0.0,39.801840091199416,0.0,0.0,39.801840091199416,0.0,0.0,True
2026-10-05T15:56:26.267992+00:00,1,1,248,248,23952,23952,9.950460022799854,9.950460022799854,0.0078011606578750866,0.0078011606578750866,4,0.0,0.0,39.801840091199416,0.0,0.0,39.801840091199416,0.0,0.0,True
2026-10-05T15:56:26.267992+00:00,1,6,8,10,656,740,0.0,0.0,0.0,0.0,4,0.0,0.0,39.801840091199416,0.0,0.0,39.801840091199416,0.0,0.0,True
2026-10-05T15:56:26.267992+00:00,1,2,8,10,656,740,0.0,0.0,0.0,0.0,4,0.0,0.0,39.801840091199416,0.0,0.0,39.801840091199416,0.0,0.0,True
2026-10-05T15:56:26.267992+00:00,1,5,8,10,656,740,0.0,0.0,0.0,0.0,4,0.0,0.0,39.801840091199416,0.0,0.0,39.801840091199416,0.0,0.0,True
2026-10-05T15:56:26.267992+00:00,1,3,128,129,12304,12346,4.975230011399927,4.975230011399927,0.0039005803289375433,0.0039005803289375433,4,0.0,0.0,39.801840091199416,0.0,0.0,39.801840091199416,0.0,0.0,True
2026-10-05T15:56:26.267992+00:00,2,4294967294,0,0,0,0,0.0,0.0,0.0,0.0,4,0.0,0.0,39.705503013557426,0.0,0.0,39.705503013557426,0.0,0.0,True
2026-10-05T15:56:26.267992+00:00,2,1,248,248,23952,23952,9.926375753389356,9.926375753389356,0.007782278590657254,0.007782278590657254,4,0.0,0.0,39.705503013557426,0.0,0.0,39.705503013557426,0.0,0.0,True
2026-10-05T15:56:26.267992+00:00,2,6,248,248,23952,23952,9.926375753389356,9.926375753389356,0.007782278590657254,0.007782278590657254,4,0.0,0.0,39.705503013557426,0.0,0.0,39.705503013557426,0.0,0.0,True
2026-10-05T15:56:26.267992+00:00,2,4,8,10,656,740,0.0,0.0,0.0,0.0,4,0.0,0.0,39.705503013557426,0.0,0.0,39.705503013557426,0.0,0.0,True
2026-10-05T15:56:26.267992+00:00,2,5,8,10,656,740,0.0,0.0,0.0,0.0,4,0.0,0.0,39.705503013557426,0.0,0.0,39.705503013557426,0.0,0.0,True
2026-10-05T15:56:26.267992+00:00,2,2,8,10,656,740,0.0,0.0,0.0,0.0,4,0.0,0.0,39.705503013557426,0.0,0.0,39.705503013557426,0.0,0.0,True
2026-10-05T15:56:26.267992+00:00,2,3,8,10,656,740,0.0,0.0,0.0,0.0,4,0.0,0.0,39.705503013557426,0.0,0.0,39.705503013557426,0.0,0.0,True
2026-10-05T15:56:26.267992+00:00,3,4294967294,0,0,0,0,0.0,0.0,0.0,0.0,4,0.0,0.0,39.701449821776365,0.0,0.0,39.701449821776365,0.0,0.0,True
2026-10-05T15:56:26.267992+00:00,3,1,248,248,23952,23952,9.925362455444091,9.925362455444091,0.007781484165068168,0.007781484165068168,4,0.0,0.0,39.701449821776365,0.0,0.0,39.701449821776365,0.0,0.0,True
2026-10-05T15:56:26.267992+00:00,3,2,248,248,23952,23952,9.925362455444091,9.925362455444091,0.007781484165068168,0.007781484165068168,4,0.0,0.0,39.701449821776365,0.0,0.0,39.701449821776365,0.0,0.0,True
2026-10-05T15:56:27.269165+00:00,1,4294967294,0,0,0,0,0.0,0.0,0.0,0.0,4,0.0,0.0,36.022606707283316,0.0,0.0,36.022606707283316,0.0,0.0,True
2026-10-05T15:56:27.269165+00:00,1,4,133,134,12794,12836,5.003139820456016,5.003139820456016,0.003922461619237517,0.003922461619237517,4,0.0,0.0,36.022606707283316,0.0,0.0,36.022606707283316,0.0,0.0,True
2026-10-05T15:56:27.269165+00:00,1,1,257,257,24834,24834,9.005651676820829,9.005651676820829,0.00706043091462753,0.00706043091462753,4,0.0,0.0,36.022606707283316,0.0,0.0,36.022606707283316,0.0,0.0,True
2026-10-05T15:56:27.269165+00:00,1,6,8,10,656,740,0.0,0.0,0.0,0.0,4,0.0,0.0,36.022606707283316,0.0,0.0,36.022606707283316,0.0,0.0,True
2026-10-05T15:56:27.269165+00:00,1,2,8,10,656,740,0.0,0.0,0.0,0.0,4,0.0,0.0,36.022606707283316,0.0,0.0,36.022606707283316,0.0,0.0,True
2026-10-05T15:56:27.269165+00:00,1,5,8,10,656,740,0.0,0.0,0.0,0.0,4,0.0,0.0,36.022606707283316,0.0,0.0,36.022606707283316,0.0,0.0,True
2026-10-05T15:56:27.269165+00:00,1,3,132,133,12696,12738,4.002511856364813,4.002511856364813,0.0031379692953900137,0.0031379692953900137,4,0.0,0.0,36.022606707283316,0.0,0.0,36.022606707283316,0.0,0.0,True
2026-10-05T15:56:27.269165+00:00,2,4294967294,0,0,0,0,0.0,0.0,0.0,0.0,4,0.0,0.0,36.1104227480394,0.0,0.0,36.1104227480394,0.0,0.0,True
2026-10-05T15:56:27.269165+00:00,2,1,257,257,24834,24834,9.02760568700985,9.02760568700985,0.007077642858615721,0.007077642858615721,4,0.0,0.0,36.1104227480394,0.0,0.0,36.1104227480394,0.0,0.0,True
2026-10-05T15:56:27.269165+00:00,2,6,257,257,24834,24834,9.02760568700985,9.02760568700985,0.007077642858615721,0.007077642858615721,4,0.0,0.0,36.1104227480394,0.0,0.0,36.1104227480394,0.0,0.0,True
2026-10-05T15:56:27.269165+00:00,2,4,8,10,656,740,0.0,0.0,0.0,0.0,4,0.0,0.0,36.1104227480394,0.0,0.0,36.1104227480394,0.0,0.0,True
2026-10-05T15:56:27.269165+00:00,2,5,8,10,656,740,0.0,0.0,0.0,0.0,4,0.0,0.0,36.1104227480394,0.0,0.0,36.1104227480394,0.0,0.0,True
2026-10-05T15:56:27.269165+00:00,2,2,8,10,656,740,0.0,0.0,0.0,0.0,4,0.0,0.0,36.1104227480394,0.0,0.0,36.1104227480394,0.0,0.0,True
2026-10-05T15:56:27.269165+00:00,2,3,8,10,656,740,0.0,0.0,0.0,0.0,4,0.0,0.0,36.1104227480394,0.0,0.0,36.1104227480394,0.0,0.0,True
2026-10-05T15:56:27.269165+00:00,3,4294967294,0,0,0,0,0.0,0.0,0.0,0.0,4,0.0,0.0,36.1140898269132,0.0,0.0,36.1140898269132,0.0,0.0,True
2026-10-05T15:56:27.269165+00:00,3,1,257,257,24834,24834,9.0285224567283,9.0285224567283,0.007078361606074987,0.007078361606074987,4,0.0,0.0,36.1140898269132,0.0,0.0,36.1140898269132,0.0,0.0,True
2026-10-05T15:56:27.269165+00:00,3,2,257,257,24834,24834,9.0285224567283,9.0285224567283,0.007078361606074987,0.007078361606074987,4,0.0,0.0,36.1140898269132,0.0,0.0,36.1140898269132,0.0,0.0,True
2026-10-05T15:56:28.270965+00:00,1,4294967294,0,0,0,0,0.0,0.0,0.0,0.0,4,0.0,0.0,35.93046201630983,0.0,0.0,35.93046201630983,0.0,0.0,True
2026-10-05T15:56:28.270965+00:00,1,4,137,138,13186,13228,3.992273557367759,3.992273557367759,0.003129942468976323,0.003129942468976323,4,0.0,0.0,35.93046201630983,0.0,0.0,35.93046201630983,0.0,0.0,True
2026-10-05T15:56:28.270965+00:00,1,1,266,266,25716,25716,8.982615504077458,8.982615504077458,0.007042370555196727,0.007042370555196727,4,0.0,0.0,35.93046201630983,0.0,0.0,35.93046201630983,0.0,0.0,True
2026-10-05T15:56:28.270965+00:00,1,6,8,10,656,740,0.0,0.0,0.0,0.0,4,0.0,0.0,35.93046201630983,0.0,0.0,35.93046201630983,0.0,0.0,True
2026-10-05T15:56:28.270965+00:00,1,2,8,10,656,740,0.0,0.0,0.0,0.0,4,0.0,0.0,35.93046201630983,0.0,0.0,35.93046201630983,0.0,0.0,True
2026-10-05T15:56:28.270965+00:00,1,5,8,10,656,740,0.0,0.0,0.0,0.0,4,0.0,0.0,35.93046201630983,0.0,0.0,35.93046201630983,0.0,0.0,True
2026-10-05T15:56:28.270965+00:00,1,3,137,138,13186,13228,4.990341946709699,4.990341946709699,0.003912428086220404,0.003912428086220404,4,0.0,0.0,35.93046201630983,0.0,0.0,35.93046201630983,0.0,0.0,True
2026-10-05T15:56:28.270965+00:00,2,4294967294,0,0,0,0,0.0,0.0,0.0,0.0,4,0.0,0.0,36.90975877710015,0.0,0.0,36.90975877710015,0.0,0.0,True
2026-10-05T15:56:28.270965+00:00,2,1,266,266,25716,25716,8.978049432267603,8.978049432267603,0.007038790754897801,0.007038790754897801,4,0.0,0.0,36.90975877710015,0.0,0.0,36.90975877710015,0.0,0.0,True
2026-10-05T15:56:28.270965+00:00,2,6,266,266,25716,25716,8.978049432267603,8.978049432267603,0.007038790754897801,0.007038790754897801,4,0.0,0.0,36.90975877710015,0.0,0.0,36.90975877710015,0.0,0.0,True
2026-10-05T15:56:28.270965+00:00,2,4,8,10,656,740,0.0,0.0,0.0,0.0,4,0.0,0.0,36.90975877710015,0.0,0.0,36.90975877710015,0.0,0.0,True
2026-10-05T15:56:28.270965+00:00,2,5,8,10,656,740,0.0,0.0,0.0,0.0,4,0.0,0.0,36.90975877710015,0.0,0.0,36.90975877710015,0.0,0.0,True
2026-10-05T15:56:28.270965+00:00,2,2,8,10,656,740,0.0,0.0,0.0,0.0,4,0.0,0.0,36.90975877710015,0.0,0.0,36.90975877710015,0.0,0.0,True
2026-10-05T15:56:28.270965+00:00,2,3,8,11,656,810,0.0,0.9975610480297338,0.0,0.000558634186896651,4,0.0,0.0,36.90975877710015,0.0,0.0,36.90975877710015,0.0,0.0,True
2026-10-05T15:56:28.270965+00:00,3,4294967294,0,0,0,0,0.0,0.0,0.0,0.0,4,0.0,0.0,35.90984929287429,0.0,0.0,35.90984929287429,0.0,0.0,True
2026-10-05T15:56:28.270965+00:00,3,1,266,266,25716,25716,8.977462323218573,8.977462323218573,0.007038330461403361,0.007038330461403361,4,0.0,0.0,35.90984929287429,0.0,0.0,35.90984929287429,0.0,0.0,True
2026-10-05T15:56:28.270965+00:00,3,2,266,266,25716,25716,8.977462323218573,8.977462323218573,0.007038330461403361,0.007038330461403361,4,0.0,0.0,35.90984929287429,0.0,0.0,35.90984929287429,0.0,0.0,True
2026-10-05T15:56:29.272385+00:00,1,4294967294,0,0,0,0,0.0,0.0,0.0,0.0,4,0.0,0.0,39.92973867353498,0.0,0.0,39.92973867353498,0.0,0.0,True
2026-10-05T15:56:29.272385+00:00,1,4,142,143,13676,13718,4.991217334191872,4.991217334191872,0.003913114390006428,0.003913114390006428,4,0.0,0.0,39.92973867353498,0.0,0.0,39.92973867353498,0.0,0.0,True
2026-10-05T15:56:29.272385+00:00,1,1,276,276,26696,26696,9.982434668383744,9.982434668383744,0.007826228780012856,0.007826228780012856,4,0.0,0.0,39.92973867353498,0.0,0.0,39.92973867353498,0.0,0.0,True
2026-10-05T15:56:29.272385+00:00,1,6,8,10,656,740,0.0,0.0,0.0,0.0,4,0.0,0.0,39.92973867353498,0.0,0.0,39.92973867353498,0.0,0.0,True
2026-10-05T15:56:29.272385+00:00,1,2,8,10,656,740,0.0,0.0,0.0,0.0,4,0.0,0.0,39.92973867353498,0.0,0.0,39.92973867353498,0.0,0.0,True
2026-10-05T15:56:29.272385+00:00,1,5,8,10,656,740,0.0,0.0,0.0,0.0,4,0.0,0.0,39.92973867353498,0.0,0.0,39.92973867353498,0.0,0.0,True
2026-10-05T15:56:29.272385+00:00,1,3,142,143,13676,13718,4.991217334191872,4.991217334191872,0.003913114390006428,0.003913114390006428,4,0.0,0.0,39.92973867353498,0.0,0.0,39.92973867353498,0.0,0.0,True
2026-10-05T15:56:29.272385+00:00,2,4294967294,0,0,0,0,0.0,0.0,0.0,0.0,4,0.0,0.0,39.937355063489065,0.0,0.0,39.937355063489065,0.0,0.0,True
2026-10-05T15:56:29.272385+00:00,2,1,276,276,26696,26696,9.984338765872266,9.984338765872266,0.007827721592443855,0.007827721592443855,4,0.0,0.0,39.937355063489065,0.0,0.0,39.937355063489065,0.0,0.0,True
2026-10-05T15:56:29.272385+00:00,2,6,276,276,26696,26696,9.984338765872266,9.984338765872266,0.007827721592443855,0.007827721592443855,4,0.0,0.0,39.937355063489065,0.0,0.0,39.937355063489065,0.0,0.0,True
2026-10-05T15:56:29.272385+00:00,2,4,8,10,656,740,0.0,0.0,0.0,0.0,4,0.0,0.0,39.937355063489065,0.0,0.0,39.937355063489065,0.0,0.0,True
2026-10-05T15:56:29.272385+00:00,2,5,8,10,656,740,0.0,0.0,0.0,0.0,4,0.0,0.0,39.937355063489065,0.0,0.0,39.937355063489065,0.0,0.0,True
2026-10-05T15:56:29.272385+00:00,2,2,8,10,656,740,0.0,0.0,0.0,0.0,4,0.0,0.0,39.937355063489065,0.0,0.0,39.937355063489065,0.0,0.0,True
2026-10-05T15:56:29.272385+00:00,2,3,8,11,656,810,0.0,0.0,0.0,0.0,4,0.0,0.0,39.937355063489065,0.0,0.0,39.937355063489065,0.0,0.0,True
2026-10-05T15:56:29.272385+00:00,3,4294967294,0,0,0,0,0.0,0.0,0.0,0.0,4,0.0,0.0,39.9376880611662,0.0,0.0,39.9376880611662,0.0,0.0,True
2026-10-05T15:56:29.272385+00:00,3,1,276,276,26696,26696,9.98442201529155,9.98442201529155,0.007827786859988575,0.007827786859988575,4,0.0,0.0,39.9376880611662,0.0,0.0,39.9376880611662,0.0,0.0,True
2026-10-05T15:56:29.272385+00:00,3,2,276,276,26696,26696,9.98442201529155,9.98442201529155,0.007827786859988575,0.007827786859988575,4,0.0,0.0,39.9376880611662,0.0,0.0,39.9376880611662,0.0,0.0,True
2026-10-05T15:56:30.274128+00:00,1,4294967294,0,0,0,0,0.0,0.0,0.0,0.0,4,0.0,0.9980483981938173,40.91998432594651,0.0,0.9980483981938173,40.91998432594651,0.0,0.9980483981938173,True
2026-10-05T15:56:30.274128+00:00,1,4,147,148,14166,14208,4.9902419909690865,4.9902419909690865,0.003912349720919764,0.003912349720919764,4,0.0,0.9980483981938173,40.91998432594651,0.0,0.9980483981938173,40.91998432594651,0.0,0.9980483981938173,True
2026-10-05T15:56:30.274128+00:00,1,1,286,286,27676,27676,9.980483981938173,9.980483981938173,0.007824699441839528,0.007824699441839528,4,0.0,0.9980483981938173,40.91998432594651,0.0,0.9980483981938173,40.91998432594651,0.0,0.9980483981938173,True
2026-10-05T15:56:30.274128+00:00,1,6,8,10,656,740,0.0,0.0,0.0,0.0,4,0.0,0.9980483981938173,40.91998432594651,0.0,0.9980483981938173,40.91998432594651,0.0,0.9980483981938173,True
2026-10-05T15:56:30.274128+00:00,1,2,8,10,656,740,0.0,0.0,0.0,0.0,4,0.0,0.9980483981938173,40.91998432594651,0.0,0.9980483981938173,40.91998432594651,0.0,0.9980483981938173,True
2026-10-05T15:56:30.274128+00:00,1,5,8,10,656,740,0.0,0.0,0.0,0.0,4,0.0,0.9980483981938173,40.91998432594651,0.0,0.9980483981938173,40.91998432594651,0.0,0.9980483981938173,True
2026-10-05T15:56:30.274128+00:00,1,3,147,149,14166,14278,4.9902419909690865,5.988290389162904,0.003912349720919764,0.004471256823908301,4,0.0,0.9980483981938173,40.91998432594651,0.0,0.9980483981938173,40.91998432594651,0.0,0.9980483981938173,True
2026-10-05T15:56:30.274128+00:00,2,4294967294,0,0,0,0,0.0,0.0,0.0,0.0,4,0.0,0.9976270025126837,42.89796110804539,0.0,0.9976270025126837,42.89796110804539,0.0,0.9976270025126837,True
2026-10-05T15:56:30.274128+00:00,2,1,286,286,27676,27676,9.976270025126835,9.976270025126835,0.007821395699699439,0.007821395699699439,4,0.0,0.9976270025126837,42.89796110804539,0.0,0.9976270025126837,42.89796110804539,0.0,0.9976270025126837,True
2026-10-05T15:56:30.274128+00:00,2,6,286,287,27676,27746,9.976270025126835,10.97389702763952,0.007821395699699439,0.008380066821106542,4,0.0,0.9976270025126837,42.89796110804539,0.0,0.9976270025126837,42.89796110804539,0.0,0.9976270025126837,True
2026-10-05T15:56:30.274128+00:00,2,4,8,11,656,810,0.0,0.9976270025126837,0.0,0.0005586711214071029,4,0.0,0.9976270025126837,42.89796110804539,0.0,0.9976270025126837,42.89796110804539,0.0,0.9976270025126837,True
2026-10-05T15:56:30.274128+00:00,2,5,8,11,656,810,0.0,0.9976270025126837,0.0,0.0005586711214071029,4,0.0,0.9976270025126837,42.89796110804539,0.0,0.9976270025126837,42.89796110804539,0.0,0.9976270025126837,True
2026-10-05T15:56:30.274128+00:00,2,2,8,10,656,740,0.0,0.0,0.0,0.0,4,0.0,0.9976270025126837,42.89796110804539,0.0,0.9976270025126837,42.89796110804539,0.0,0.9976270025126837,True
2026-10-05T15:56:30.274128+00:00,2,3,8,11,656,810,0.0,0.0,0.0,0.0,4,0.0,0.9976270025126837,42.89796110804539,0.0,0.9976270025126837,42.89796110804539,0.0,0.9976270025126837,True
2026-10-05T15:56:30.274128+00:00,3,4294967294,0,0,0,0,0.0,0.0,0.0,0.0,4,0.0,1.9951917176383074,39.90383435276615,0.0,1.9951917176383074,39.90383435276615,0.0,1.9951917176383074,True
2026-10-05T15:56:30.274128+00:00,3,1,286,286,27676,27676,9.975958588191537,9.975958588191537,0.007821151533142166,0.007821151533142166,4,0.0,1.9951917176383074,39.90383435276615,0.0,1.9951917176383074,39.90383435276615,0.0,1.9951917176383074,True
2026-10-05T15:56:30.274128+00:00,3,2,286,286,27676,27676,9.975958588191537,9.975958588191537,0.007821151533142166,0.007821151533142166,4,0.0,1.9951917176383074,39.90383435276615,0.0,1.9951917176383074,39.90383435276615,0.0,1.9951917176383074,True
2026-10-05T15:56:31.275953+00:00,1,4294967294,0,0,0,0,0.0,0.0,0.0,0.0,4,0.0,1.9988165227169334,43.97396349977254,0.0,1.9988165227169334,43.97396349977254,0.0,1.9988165227169334,True
2026-10-05T15:56:31.275953+00:00,1,4,152,154,14656,14768,4.997041306792334,5.9964495681508,0.00391768038452519,0.004477349010885931,4,0.0,1.9988165227169334,43.97396349977254,0.0,1.9988165227169334,43.97396349977254,0.0,1.9988165227169334,True
2026-10-05T15:56:31.275953+00:00,1,1,296,297,28656,28726,9.994082613584668,10.993490874943134,0.00783536076905038,0.00839502939541112,4,0.0,1.9988165227169334,43.97396349977254,0.0,1.9988165227169334,43.97396349977254,0.0,1.9988165227169334,True
2026-10-05T15:56:31.275953+00:00,1,6,9,10,726,740,0.9994082613584667,0.0,0.0005596686263607414,0.0,4,0.0,1.9988165227169334,43.97396349977254,0.0,1.9988165227169334,43.97396349977254,0.0,1.9988165227169334,True
2026-10-05T15:56:31.275953+00:00,1,2,8,11,656,810,0.0,0.9994082613584667,0.0,0.0005596686263607414,4,0.0,1.9988165227169334,43.97396349977254,0.0,1.9988165227169334,43.97396349977254,0.0,1.9988165227169334,True
2026-10-05T15:56:31.275953+00:00,1,5,8,10,656,740,0.0,0.0,0.0,0.0,4,0.0,1.9988165227169334,43.97396349977254,0.0,1.9988165227169334,43.97396349977254,0.0,1.9988165227169334,True
2026-10-05T15:56:31.275953+00:00,1,3,152,154,14656,14768,4.997041306792334,4.997041306792334,0.00391768038452519,0.00391768038452519,4,0.0,1.9988165227169334,43.97396349977254,0.0,1.9988165227169334,43.97396349977254,0.0,1.9988165227169334,True
2026-10-05T15:56:31.275953+00:00,2,4294967294,0,0,0,0,0.0,0.0,0.0,0.0,4,0.0,0.0,41.99965392284453,0.0,0.0,41.99965392284453,0.0,0.0,True
2026-10-05T15:56:31.275953+00:00,2,1,296,297,28656,28726,9.999917600677268,10.999909360744995,0.007839935398930978,0.008399930784568906,4,0.0,0.0,41.99965392284453,0.0,0.0,41.99965392284453,0.0,0.0,True
2026-10-05T15:56:31.275953+00:00,2,6,297,297,28726,28726,10.999909360744995,9.999917600677268,0.008399930784568906,0.007839935398930978,4,0.0,0.0,41.99965392284453,0.0,0.0,41.99965392284453,0.0,0.0,True
2026-10-05T15:56:31.275953+00:00,2,4,8,11,656,810,0.0,0.0,0.0,0.0,4,0.0,0.0,41.99965392284453,0.0,0.0,41.99965392284453,0.0,0.0,True
2026-10-05T15:56:31.275953+00:00,2,5,8,11,656,810,0.0,0.0,0.0,0.0,4,0.0,0.0,41.99965392284453,0.0,0.0,41.99965392284453,0.0,0.0,True
2026-10-05T15:56:31.275953+00:00,2,2,8,10,656,740,0.0,0.0,0.0,0.0,4,0.0,0.0,41.99965392284453,0.0,0.0,41.99965392284453,0.0,0.0,True
2026-10-05T15:56:31.275953+00:00,2,3,8,11,656,810,0.0,0.0,0.0,0.0,4,0.0,0.0,41.99965392284453,0.0,0.0,41.99965392284453,0.0,0.0,True
2026-10-05T15:56:31.275953+00:00,3,4294967294,0,0,0,0,0.0,0.0,0.0,0.0,4,0.0,0.0,42.00163634169269,0.0,0.0,42.00163634169269,0.0,0.0,True
2026-10-05T15:56:31.275953+00:00,3,1,297,296,28726,28656,11.000428565681418,10.000389605164925,0.008400327268338536,0.007840305450449302,4,0.0,0.0,42.00163634169269,0.0,0.0,42.00163634169269,0.0,0.0,True
2026-10-05T15:56:31.275953+00:00,3,2,297,296,28726,28656,11.000428565681418,10.000389605164925,0.008400327268338536,0.007840305450449302,4,0.0,0.0,42.00163634169269,0.0,0.0,42.00163634169269,0.0,0.0,True
2026-10-05T15:56:32.278371+00:00,1,4294967294,0,0,0,0,0.0,0.0,0.0,0.0,4,0.0,19.930415882791966,41.85387335386313,0.0,19.930415882791966,41.85387335386313,0.0,19.930415882791966,True
2026-10-05T15:56:32.278371+00:00,1,4,157,159,15146,15258,4.982603970697991,4.982603970697991,0.003906361513027225,0.003906361513027225,4,0.0,19.930415882791966,41.85387335386313,0.0,19.930415882791966,41.85387335386313,0.0,19.930415882791966,True
2026-10-05T15:56:32.278371+00:00,1,1,307,307,29706,29706,10.961728735535582,9.965207941395983,0.008370774670772626,0.00781272302605445,4,0.0,19.930415882791966,41.85387335386313,0.0,19.930415882791966,41.85387335386313,0.0,19.930415882791966,True
2026-10-05T15:56:32.278371+00:00,1,6,9,10,726,740,0.0,0.0,0.0,0.0,4,0.0,19.930415882791966,41.85387335386313,0.0,19.930415882791966,41.85387335386313,0.0,19.930415882791966,True
2026-10-05T15:56:32.278371+00:00,1,2,8,11,656,810,0.0,0.0,0.0,0.0,4,0.0,19.930415882791966,41.85387335386313,0.0,19.930415882791966,41.85387335386313,0.0,19.930415882791966,True
2026-10-05T15:56:32.278371+00:00,1,5,9,10,726,740,0.9965207941395983,0.0,0.000558051644718175,0.0,4,0.0,19.930415882791966,41.85387335386313,0.0,19.930415882791966,41.85387335386313,0.0,19.930415882791966,True
2026-10-05T15:56:32.278371+00:00,1,3,157,159,15146,15258,4.982603970697991,4.982603970697991,0.003906361513027225,0.003906361513027225,4,0.0,19.930415882791966,41.85387335386313,0.0,19.930415882791966,41.85387335386313,0.0,19.930415882791966,True
2026-10-05T15:56:32.278371+00:00,2,4294967294,0,0,0,0,0.0,0.0,0.0,0.0,4,0.0,30.867220453291097,40.82438834144951,0.0,30.867220453291097,40.82438834144951,0.0,30.867220453291097,True
2026-10-05T15:56:32.278371+00:00,2,1,306,307,29636,29706,9.957167888158418,9.957167888158418,0.0078064196243162,0.0078064196243162,4,0.0,30.867220453291097,40.82438834144951,0.0,30.867220453291097,40.82438834144951,0.0,30.867220453291097,True
2026-10-05T15:56:32.278371+00:00,2,6,307,307,29706,29706,9.957167888158418,9.957167888158418,0.0078064196243162,0.0078064196243162,4,0.0,30.867220453291097,40.82438834144951,0.0,30.867220453291097,40.82438834144951,0.0,30.867220453291097,True
2026-10-05T15:56:32.278371+00:00,2,4,8,11,656,810,0.0,0.0,0.0,0.0,4,0.0,30.867220453291097,40.82438834144951,0.0,30.867220453291097,40.82438834144951,0.0,30.867220453291097,True
2026-10-05T15:56:32.278371+00:00,2,5,8,11,656,810,0.0,0.0,0.0,0.0,4,0.0,30.867220453291097,40.82438834144951,0.0,30.867220453291097,40.82438834144951,0.0,30.867220453291097,True
2026-10-05T15:56:32.278371+00:00,2,2,8,11,656,810,0.0,0.9957167888158418,0.0,0.0005576014017368713,4,0.0,30.867220453291097,40.82438834144951,0.0,30.867220453291097,40.82438834144951,0.0,30.867220453291097,True
2026-10-05T15:56:32.278371+00:00,2,3,8,11,656,810,0.0,0.0,0.0,0.0,4,0.0,30.867220453291097,40.82438834144951,0.0,30.867220453291097,40.82438834144951,0.0,30.867220453291097,True
2026-10-05T15:56:32.278371+00:00,3,4294967294,0,0,0,0,0.0,0.0,0.0,0.0,4,0.0,26.88345701481435,40.823027318792164,0.0,26.88345701481435,40.823027318792164,0.0,26.88345701481435,True
2026-10-05T15:56:32.278371+00:00,3,1,307,307,29706,29706,9.956835931412723,10.952519524553995,0.007806159370227575,0.008363742182386688,4,0.0,26.88345701481435,40.823027318792164,0.0,26.88345701481435,40.823027318792164,0.0,26.88345701481435,True
2026-10-05T15:56:32.278371+00:00,3,2,307,306,29706,29636,9.956835931412723,9.956835931412723,0.007806159370227575,0.007806159370227575,4,0.0,26.88345701481435,40.823027318792164,0.0,26.88345701481435,40.823027318792164,0.0,26.88345701481435,True
2026-10-05T15:56:33.281009+00:00,1,4294967294,0,0,0,0,0.0,0.0,0.0,0.0,6,1.9939258259943404,0.0,4774.455390343448,1.9939258259943404,0.0,4774.455390343448,1.9939258259943404,0.0,True
2026-10-05T15:56:33.281009+00:00,1,4,163,165,15706,15790,5.981777477983021,5.981777477983021,0.0044663938502273225,0.004243074157715956,6,1.9939258259943404,0.0,4774.455390343448,1.9939258259943404,0.0,4774.455390343448,1.9939258259943404,0.0,True
2026-10-05T15:56:33.281009+00:00,1,1,1108,1898,76548,116048,798.5672933107334,1586.1679945784979,0.3735978941649076,0.6886381746720134,6,1.9939258259943404,0.0,4774.455390343448,1.9939258259943404,0.0,4774.455390343448,1.9939258259943404,0.0,True
2026-10-05T15:56:33.281009+00:00,1,6,9,11,726,782,0.0,0.9969629129971702,0.0,0.00033497953876704915,6,1.9939258259943404,0.0,4774.455390343448,1.9939258259943404,0.0,4774.455390343448,1.9939258259943404,0.0,True
2026-10-05T15:56:33.281009+00:00,1,2,1589,802,86018,46672,1576.1983654485261,788.5976641807616,0.6808219854341155,0.3657817049270098,6,1.9939258259943404,0.0,4774.455390343448,1.9939258259943404,0.0,4774.455390343448,1.9939258259943404,0.0,True
2026-10-05T15:56:33.281009+00:00,1,5,9,11,726,782,0.0,0.9969629129971702,0.0,0.00033497953876704915,6,1.9939258259943404,0.0,4774.455390343448,1.9939258259943404,0.0,4774.455390343448,1.9939258259943404,0.0,True
2026-10-05T15:56:33.281009+00:00,1,3,162,165,15636,15790,4.984814564985851,5.981777477983021,0.003908094618948907,0.004243074157715956,6,1.9939258259943404,0.0,4774.455390343448,1.9939258259943404,0.0,4774.455390343448,1.9939258259943404,0.0,True
2026-10-05T15:56:33.281009+00:00,2,4294967294,0,0,0,0,0.0,0.0,0.0,0.0,6,1.9940741142406408,0.0,4780.792688891936,1.9940741142406408,0.0,4780.792688891936,1.9940741142406408,0.0,True
2026-10-05T15:56:33.281009+00:00,2,1,1900,1109,116156,76606,1589.2770690497907,799.623719810497,0.690109169456401,0.37408830383154423,6,1.9940741142406408,0.0,4780.792688891936,1.9940741142406408,0.0,4780.792688891936,1.9940741142406408,0.0,True
2026-10-05T15:56:33.281009+00:00,2,6,1109,1900,76606,116156,799.623719810497,1588.2800319926705,0.37408830383154423,0.6895508287044136,6,1.9940741142406408,0.0,4780.792688891936,1.9940741142406408,0.0,4780.792688891936,1.9940741142406408,0.0,True
2026-10-05T15:56:33.281009+00:00,2,4,8,12,656,852,0.0,0.9970370571203204,0.0,0.0003350044511924277,6,1.9940741142406408,0.0,4780.792688891936,1.9940741142406408,0.0,4780.792688891936,1.9940741142406408,0.0,True
2026-10-05T15:56:33.281009+00:00,2,5,8,12,656,852,0.0,0.9970370571203204,0.0,0.0003350044511924277,6,1.9940741142406408,0.0,4780.792688891936,1.9940741142406408,0.0,4780.792688891936,1.9940741142406408,0.0,True
2026-10-05T15:56:33.281009+00:00,2,2,8,12,656,852,0.0,0.9970370571203204,0.0,0.0003350044511924277,6,1.9940741142406408,0.0,4780.792688891936,1.9940741142406408,0.0,4780.792688891936,1.9940741142406408,0.0,True
2026-10-05T15:56:33.281009+00:00,2,3,8,12,656,852,0.0,0.9970370571203204,0.0,0.0003350044511924277,6,1.9940741142406408,0.0,4780.792688891936,1.9940741142406408,0.0,4780.792688891936,1.9940741142406408,0.0,True
2026-10-05T15:56:33.281009+00:00,3,4294967294,0,0,0,0,0.0,0.0,0.0,0.0,6,1.9940832976130909,0.0,4770.84428953932,1.9940832976130909,0.0,4770.84428953932,1.9940832976130909,0.0,True
2026-10-05T15:56:33.281009+00:00,3,1,1898,1108,116048,76548,1586.2932632512138,798.6303606940429,0.688692560330038,0.3736273993071696,6,1.9940832976130909,0.0,4770.84428953932,1.9940832976130909,0.0,4770.84428953932,1.9940832976130909,0.0,True
2026-10-05T15:56:33.281009+00:00,3,2,1108,1898,76548,116048,798.6303606940429,1587.2903049000204,0.3736273993071696,0.6892509036533696,6,1.9940832976130909,0.0,4770.84428953932,1.9940832976130909,0.0,4770.84428953932,1.9940832976130909,0.0,True
2026-10-05T15:56:34.283291+00:00,1,4294967294,0,0,0,0,0.0,0.0,0.0,0.0,6,0.0,0.9980372091267009,5265.644315352474,0.0,0.9980372091267009,5265.644315352474,0.0,0.9980372091267009,True
2026-10-05T15:56:34.283291+00:00,1,4,169,171,16238,16322,5.9882232547602054,5.9882232547602054,0.004247646362043239,0.004247646362043239,6,0.0,0.9980372091267009,5265.644315352474,0.0,0.9980372091267009,5265.644315352474,0.0,0.9980372091267009,True
2026-10-05T15:56:34.283291+00:00,1,1,1991,3653,128146,211246,881.2668556588769,1751.55530201736,0.4119737913321561,0.7600891698755494,6,0.0,0.9980372091267009,5265.644315352474,0.0,0.9980372091267009,5265.644315352474,0.0,0.9980372091267009,True
2026-10-05T15:56:34.283291+00:00,1,6,9,11,726,782,0.0,0.0,0.0,0.0,6,0.0,0.9980372091267009,5265.644315352474,0.0,0.9980372091267009,5265.644315352474,0.0,0.9980372091267009,True
2026-10-05T15:56:34.283291+00:00,1,2,3333,1674,180194,97248,1740.5768927169663,870.2884463584832,0.7519292176537294,0.4038138391103362,6,0.0,0.9980372091267009,5265.644315352474,0.0,0.9980372091267009,5265.644315352474,0.0,0.9980372091267009,True
2026-10-05T15:56:34.283291+00:00,1,5,9,11,726,782,0.0,0.0,0.0,0.0,6,0.0,0.9980372091267009,5265.644315352474,0.0,0.9980372091267009,5265.644315352474,0.0,0.9980372091267009,True
2026-10-05T15:56:34.283291+00:00,1,3,167,170,16126,16280,4.9901860456335045,4.9901860456335045,0.003912305859776668,0.003912305859776668,6,0.0,0.9980372091267009,5265.644315352474,0.0,0.9980372091267009,5265.644315352474,0.0,0.9980372091267009,True
2026-10-05T15:56:34.283291+00:00,2,4294967294,0,0,0,0,0.0,0.0,0.0,0.0,6,0.0,2.993444198538897,5258.483642099995,0.0,2.993444198538897,5258.483642099995,0.0,2.993444198538897,True
2026-10-05T15:56:34.283291+00:00,2,1,3653,1991,211246,128146,1749.1692266795621,880.0725943704357,0.7590576235708365,0.41141897064718597,6,0.0,2.993444198538897,5258.483642099995,0.0,2.993444198538897,5258.483642099995,0.0,2.993444198538897,True
2026-10-05T15:56:34.283291+00:00,2,6,1991,3653,128146,211246,880.0725943704357,1749.1692266795621,0.41141897064718597,0.7590576235708365,6,0.0,2.993444198538897,5258.483642099995,0.0,2.993444198538897,5258.483642099995,0.0,2.993444198538897,True
2026-10-05T15:56:34.283291+00:00,2,4,8,12,656,852,0.0,0.0,0.0,0.0,6,0.0,2.993444198538897,5258.483642099995,0.0,2.993444198538897,5258.483642099995,0.0,2.993444198538897,True
2026-10-05T15:56:34.283291+00:00,2,5,8,12,656,852,0.0,0.0,0.0,0.0,6,0.0,2.993444198538897,5258.483642099995,0.0,2.993444198538897,5258.483642099995,0.0,2.993444198538897,True
2026-10-05T15:56:34.283291+00:00,2,2,8,12,656,852,0.0,0.0,0.0,0.0,6,0.0,2.993444198538897,5258.483642099995,0.0,2.993444198538897,5258.483642099995,0.0,2.993444198538897,True
2026-10-05T15:56:34.283291+00:00,2,3,8,12,656,852,0.0,0.0,0.0,0.0,6,0.0,2.993444198538897,5258.483642099995,0.0,2.993444198538897,5258.483642099995,0.0,2.993444198538897,True
2026-10-05T15:56:34.283291+00:00,3,4294967294,0,0,0,0,0.0,0.0,0.0,0.0,6,0.0,0.0,5264.194559415474,0.0,0.0,5264.194559415474,0.0,0.0,True
2026-10-05T15:56:34.283291+00:00,3,1,3653,1991,211246,128146,1751.0730575766029,881.024222131134,0.7598798994196122,0.4118603652414247,6,0.0,0.0,5264.194559415474,0.0,0.0,5264.194559415474,0.0,0.0,True
2026-10-05T15:56:34.283291+00:00,3,2,1991,3653,128146,211246,881.024222131134,1751.0730575766029,0.4118603652414247,0.7598798994196122,6,0.0,0.0,5264.194559415474,0.0,0.0,5264.194559415474,0.0,0.0,True
2026-10-05T15:56:35.285406+00:00,1,4294967294,0,0,0,0,0.0,0.0,0.0,0.0,6,0.0,0.0,5245.825087474051,0.0,0.0,5245.825087474051,0.0,0.0,True
2026-10-05T15:56:35.285406+00:00,1,4,174,176,16728,16812,4.990320669210474,4.990320669210474,0.003912411404661012,0.003912411404661012,6,0.0,0.0,5245.825087474051,0.0,0.0,5245.825087474051,0.0,0.0,True
2026-10-05T15:56:35.285406+00:00,1,1,2870,5401,179528,306078,877.2983736472014,1744.6161059559818,0.4102602506005961,0.7571873435241083,6,0.0,0.0,5245.825087474051,0.0,0.0,5245.825087474051,0.0,0.0,True
2026-10-05T15:56:35.285406+00:00,1,6,9,12,726,852,0.0,0.9980641338420949,0.0,0.000558915914951573,6,0.0,0.0,5245.825087474051,0.0,0.0,5245.825087474051,0.0,0.0,True
2026-10-05T15:56:35.285406+00:00,1,2,5072,2543,274116,147650,1735.633528751403,867.3177323087805,0.7499214366297379,0.40243542779127417,6,0.0,0.0,5245.825087474051,0.0,0.0,5245.825087474051,0.0,0.0,True
2026-10-05T15:56:35.285406+00:00,1,5,9,11,726,782,0.0,0.0,0.0,0.0,6,0.0,0.0,5245.825087474051,0.0,0.0,5245.825087474051,0.0,0.0,True
2026-10-05T15:56:35.285406+00:00,1,3,172,175,16616,16770,4.990320669210474,4.990320669210474,0.003912411404661012,0.003912411404661012,6,0.0,0.0,5245.825087474051,0.0,0.0,5245.825087474051,0.0,0.0,True
2026-10-05T15:56:35.285406+00:00,2,4294967294,0,0,0,0,0.0,0.0,0.0,0.0,6,0.0,0.0,5245.050547186517,0.0,0.0,5245.050547186517,0.0,0.0,True
2026-10-05T15:56:35.285406+00:00,2,1,5401,2870,306078,179528,1743.6950088402496,876.835190372185,0.7567875747292382,0.4100436473420124,6,0.0,0.0,5245.050547186517,0.0,0.0,5245.050547186517,0.0,0.0,True
2026-10-05T15:56:35.285406+00:00,2,6,2870,5402,179528,306132,876.835190372185,1744.6925460306616,0.4100436473420124,0.7572185107954962,6,0.0,0.0,5245.050547186517,0.0,0.0,5245.050547186517,0.0,0.0,True
2026-10-05T15:56:35.285406+00:00,2,4,8,12,656,852,0.0,0.0,0.0,0.0,6,0.0,0.0,5245.050547186517,0.0,0.0,5245.050547186517,0.0,0.0,True
2026-10-05T15:56:35.285406+00:00,2,5,9,12,726,852,0.9975371904120421,0.0,0.0005586208266307437,0.0,6,0.0,0.0,5245.050547186517,0.0,0.0,5245.050547186517,0.0,0.0,True
2026-10-05T15:56:35.285406+00:00,2,2,9,12,726,852,0.9975371904120421,0.0,0.0005586208266307437,0.0,6,0.0,0.0,5245.050547186517,0.0,0.0,5245.050547186517,0.0,0.0,True
2026-10-05T15:56:35.285406+00:00,2,3,9,12,726,852,0.9975371904120421,0.0,0.0005586208266307437,0.0,6,0.0,0.0,5245.050547186517,0.0,0.0,5245.050547186517,0.0,0.0,True
2026-10-05T15:56:35.285406+00:00,3,4294967294,0,0,0,0,0.0,0.0,0.0,0.0,6,0.0,0.0,5241.928755414924,0.0,0.0,5241.928755414924,0.0,0.0,True
2026-10-05T15:56:35.285406+00:00,3,1,5401,2870,306078,179528,1743.9839102522433,876.9804674552184,0.7569129619086533,0.41011158478984333,6,0.0,0.0,5241.928755414924,0.0,0.0,5241.928755414924,0.0,0.0,True
2026-10-05T15:56:35.285406+00:00,3,2,2870,5401,179528,306078,876.9804674552184,1743.9839102522433,0.41011158478984333,0.7569129619086533,6,0.0,0.0,5241.928755414924,0.0,0.0,5241.928755414924,0.0,0.0,True
2026-10-05T15:56:36.287848+00:00,1,4294967294,0,0,0,0,0.0,0.0,0.0,0.0,6,0.0,0.9985483244286173,5132.538387563093,0.0,0.9985483244286173,5132.538387563093,0.0,0.9985483244286173,True
2026-10-05T15:56:36.287848+00:00,1,4,179,181,17218,17302,4.992741622143087,4.992741622143087,0.00391430943176018,0.00391430943176018,6,0.0,0.9985483244286173,5132.538387563093,0.0,0.9985483244286173,5132.538387563093,0.0,0.9985483244286173,True
2026-10-05T15:56:36.287848+00:00,1,1,3729,7111,229710,398814,857.7530106841823,1707.5176347729357,0.400873216131815,0.7408110193136981,6,0.0,0.9985483244286173,5132.538387563093,0.0,0.9985483244286173,5132.538387563093,0.0,0.9985483244286173,True
2026-10-05T15:56:36.287848+00:00,1,6,9,12,726,852,0.0,0.0,0.0,0.0,6,0.0,0.9985483244286173,5132.538387563093,0.0,0.9985483244286173,5132.538387563093,0.0,0.9985483244286173,True
2026-10-05T15:56:36.287848+00:00,1,2,6774,3394,366024,197008,1699.5292481775068,849.7646240887534,0.7341966352126829,0.39429078557718156,6,0.0,0.9985483244286173,5132.538387563093,0.0,0.9985483244286173,5132.538387563093,0.0,0.9985483244286173,True
2026-10-05T15:56:36.287848+00:00,1,5,9,11,726,782,0.0,0.0,0.0,0.0,6,0.0,0.9985483244286173,5132.538387563093,0.0,0.9985483244286173,5132.538387563093,0.0,0.9985483244286173,True
2026-10-05T15:56:36.287848+00:00,1,3,176,179,17008,17162,3.994193297714469,3.994193297714469,0.003131447545408144,0.003131447545408144,6,0.0,0.9985483244286173,5132.538387563093,0.0,0.9985483244286173,5132.538387563093,0.0,0.9985483244286173,True
2026-10-05T15:56:36.287848+00:00,2,4294967294,0,0,0,0,0.0,0.0,0.0,0.0,6,0.0,0.999208441060421,5136.930595491624,0.0,0.999208441060421,5136.930595491624,0.0,0.999208441060421,True
2026-10-05T15:56:36.287848+00:00,2,1,7112,3730,398868,229768,1709.6456426543803,859.319259311962,0.7417324099679717,0.4016018566310044,6,0.0,0.999208441060421,5136.930595491624,0.0,0.999208441060421,5136.930595491624,0.0,0.999208441060421,True
2026-10-05T15:56:36.287848+00:00,2,6,3730,7112,229768,398868,859.319259311962,1708.64643421332,0.4016018566310044,0.7413007519214336,6,0.0,0.999208441060421,5136.930595491624,0.0,0.999208441060421,5136.930595491624,0.0,0.999208441060421,True
2026-10-05T15:56:36.287848+00:00,2,4,8,12,656,852,0.0,0.0,0.0,0.0,6,0.0,0.999208441060421,5136.930595491624,0.0,0.999208441060421,5136.930595491624,0.0,0.999208441060421,True
2026-10-05T15:56:36.287848+00:00,2,5,9,12,726,852,0.0,0.0,0.0,0.0,6,0.0,0.999208441060421,5136.930595491624,0.0,0.999208441060421,5136.930595491624,0.0,0.999208441060421,True
2026-10-05T15:56:36.287848+00:00,2,2,9,12,726,852,0.0,0.0,0.0,0.0,6,0.0,0.999208441060421,5136.930595491624,0.0,0.999208441060421,5136.930595491624,0.0,0.999208441060421,True
2026-10-05T15:56:36.287848+00:00,2,3,9,12,726,852,0.0,0.0,0.0,0.0,6,0.0,0.999208441060421,5136.930595491624,0.0,0.999208441060421,5136.930595491624,0.0,0.999208441060421,True
2026-10-05T15:56:36.287848+00:00,3,4294967294,0,0,0,0,0.0,0.0,0.0,0.0,6,0.0,0.0,5137.307624299089,0.0,0.0,5137.307624299089,0.0,0.0,True
2026-10-05T15:56:36.287848+00:00,3,1,7112,3730,398868,229768,1709.4386124418013,859.2151997077435,0.7416425895895956,0.4015532244959724,6,0.0,0.0,5137.307624299089,0.0,0.0,5137.307624299089,0.0,0.0,True
2026-10-05T15:56:36.287848+00:00,3,2,3730,7112,229768,398868,859.2151997077435,1709.4386124418013,0.4015532244959724,0.7416425895895956,6,0.0,0.0,5137.307624299089,0.0,0.0,5137.307624299089,0.0,0.0,True
2026-10-05T15:56:37.289562+00:00,1,4294967294,0,0,0,0,0.0,0.0,0.0,0.0,6,0.0,0.0,5309.775199003688,0.0,0.0,5309.775199003688,0.0,0.0,True
2026-10-05T15:56:37.289562+00:00,1,4,184,186,17708,17792,4.981027391185448,4.981027391185448,0.003905125474689391,0.003905125474689391,6,0.0,0.0,5309.775199003688,0.0,0.0,5309.775199003688,0.0,0.0,True
2026-10-05T15:56:37.289562+00:00,1,1,4621,8884,281846,494996,888.6152865874839,1766.2723129143596,0.4155053505069512,0.7665362824623979,6,0.0,0.0,5309.775199003688,0.0,0.0,5309.775199003688,0.0,0.0,True
2026-10-05T15:56:37.289562+00:00,1,6,9,12,726,852,0.0,0.0,0.0,0.0,6,0.0,0.0,5309.775199003688,0.0,0.0,5309.775199003688,0.0,0.0,True
2026-10-05T15:56:37.289562+00:00,1,2,8536,4275,461172,248106,1755.3140526537518,877.6570263268759,0.7582956707464208,0.40723286021567046,6,0.0,0.0,5309.775199003688,0.0,0.0,5309.775199003688,0.0,0.0,True
2026-10-05T15:56:37.289562+00:00,1,5,9,12,726,852,0.0,0.9962054782370895,0.0,0.0005578750678127702,6,0.0,0.0,5309.775199003688,0.0,0.0,5309.775199003688,0.0,0.0,True
2026-10-05T15:56:37.289562+00:00,1,3,182,184,17568,17652,5.977232869422537,4.981027391185448,0.004463000542502161,0.003905125474689391,6,0.0,0.0,5309.775199003688,0.0,0.0,5309.775199003688,0.0,0.0,True
2026-10-05T15:56:37.289562+00:00,2,4294967294,0,0,0,0,0.0,0.0,0.0,0.0,6,0.0,0.0,5303.978669320553,0.0,0.0,5303.978669320553,0.0,0.0,True
2026-10-05T15:56:37.289562+00:00,2,1,8884,4621,494996,281846,1764.3420690887967,887.1494263871997,0.7657005617036923,0.41482350462305356,6,0.0,0.0,5303.978669320553,0.0,0.0,5303.978669320553,0.0,0.0,True
2026-10-05T15:56:37.289562+00:00,2,6,4621,8884,281846,494996,887.1494263871997,1764.3420690887967,0.41482350462305356,0.7657005617036923,6,0.0,0.0,5303.978669320553,0.0,0.0,5303.978669320553,0.0,0.0,True
2026-10-05T15:56:37.289562+00:00,2,4,9,12,726,852,0.995678368560269,0.0,0.0005575798863937507,0.0,6,0.0,0.0,5303.978669320553,0.0,0.0,5303.978669320553,0.0,0.0,True
2026-10-05T15:56:37.289562+00:00,2,5,9,12,726,852,0.0,0.0,0.0,0.0,6,0.0,0.0,5303.978669320553,0.0,0.0,5303.978669320553,0.0,0.0,True
2026-10-05T15:56:37.289562+00:00,2,2,9,12,726,852,0.0,0.0,0.0,0.0,6,0.0,0.0,5303.978669320553,0.0,0.0,5303.978669320553,0.0,0.0,True
2026-10-05T15:56:37.289562+00:00,2,3,9,12,726,852,0.0,0.0,0.0,0.0,6,0.0,0.0,5303.978669320553,0.0,0.0,5303.978669320553,0.0,0.0,True
2026-10-05T15:56:37.289562+00:00,3,4294967294,0,0,0,0,0.0,0.0,0.0,0.0,6,0.0,0.0,5303.641650025976,0.0,0.0,5303.641650025976,0.0,0.0,True
2026-10-05T15:56:37.289562+00:00,3,1,8884,4621,494996,281846,1764.5612098847218,887.2596151282659,0.765795665841077,0.41487502793849457,6,0.0,0.0,5303.641650025976,0.0,0.0,5303.641650025976,0.0,0.0,True
2026-10-05T15:56:37.289562+00:00,3,2,4621,8884,281846,494996,887.2596151282659,1764.5612098847218,0.41487502793849457,0.765795665841077,6,0.0,0.0,5303.641650025976,0.0,0.0,5303.641650025976,0.0,0.0,True
2026-10-05T15:56:38.291268+00:00,1,4294967294,0,0,0,0,0.0,0.0,0.0,0.0,6,0.0,0.0,5199.740857628351,0.0,0.0,5199.740857628351,0.0,0.0,True
2026-10-05T15:56:38.291268+00:00,1,4,189,191,18198,18282,5.00167454562173,5.00167454562173,0.003921312843767437,0.003921312843767437,6,0.0,0.0,5199.740857628351,0.0,0.0,5199.740857628351,0.0,0.0,True
2026-10-05T15:56:38.291268+00:00,1,1,5491,10613,332690,588790,870.2913709381811,1729.5790578759943,0.406888224956146,0.7506032997312714,6,0.0,0.0,5199.740857628351,0.0,0.0,5199.740857628351,0.0,0.0,True
2026-10-05T15:56:38.291268+00:00,1,6,9,12,726,852,0.0,0.0,0.0,0.0,6,0.0,0.0,5199.740857628351,0.0,0.0,5199.740857628351,0.0,0.0,True
2026-10-05T15:56:38.291268+00:00,1,2,10255,5135,553986,297970,1719.575708784751,860.2880218469377,0.7427606740437365,0.39904559926861116,6,0.0,0.0,5199.740857628351,0.0,0.0,5199.740857628351,0.0,0.0,True
2026-10-05T15:56:38.291268+00:00,1,5,9,12,726,852,0.0,0.0,0.0,0.0,6,0.0,0.0,5199.740857628351,0.0,0.0,5199.740857628351,0.0,0.0,True
2026-10-05T15:56:38.291268+00:00,1,3,187,189,18058,18142,5.00167454562173,5.00167454562173,0.003921312843767437,0.003921312843767437,6,0.0,0.0,5199.740857628351,0.0,0.0,5199.740857628351,0.0,0.0,True
2026-10-05T15:56:38.291268+00:00,2,4294967294,0,0,0,0,0.0,0.0,0.0,0.0,6,0.0,0.0,5206.348071959073,0.0,0.0,5206.348071959073,0.0,0.0,True
2026-10-05T15:56:38.291268+00:00,2,1,10613,5491,588790,332690,1731.7768019271332,871.3972340524036,0.7515570774318266,0.4074052502819348,6,0.0,0.0,5206.348071959073,0.0,0.0,5206.348071959073,0.0,0.0,True
2026-10-05T15:56:38.291268+00:00,2,6,5491,10613,332690,588790,871.3972340524036,1731.7768019271332,0.4074052502819348,0.7515570774318266,6,0.0,0.0,5206.348071959073,0.0,0.0,5206.348071959073,0.0,0.0,True
2026-10-05T15:56:38.291268+00:00,2,4,9,12,726,852,0.0,0.0,0.0,0.0,6,0.0,0.0,5206.348071959073,0.0,0.0,5206.348071959073,0.0,0.0,True
2026-10-05T15:56:38.291268+00:00,2,5,9,12,726,852,0.0,0.0,0.0,0.0,6,0.0,0.0,5206.348071959073,0.0,0.0,5206.348071959073,0.0,0.0,True
2026-10-05T15:56:38.291268+00:00,2,2,9,12,726,852,0.0,0.0,0.0,0.0,6,0.0,0.0,5206.348071959073,0.0,0.0,5206.348071959073,0.0,0.0,True
2026-10-05T15:56:38.291268+00:00,2,3,9,12,726,852,0.0,0.0,0.0,0.0,6,0.0,0.0,5206.348071959073,0.0,0.0,5206.348071959073,0.0,0.0,True
2026-10-05T15:56:38.291268+00:00,3,4294967294,0,0,0,0,0.0,0.0,0.0,0.0,6,0.0,0.0,5206.188548470096,0.0,0.0,5206.188548470096,0.0,0.0,True
2026-10-05T15:56:38.291268+00:00,3,1,10613,5491,588790,332690,1731.7237399585986,871.3705342764492,0.7515340495809221,0.4073927673080624,6,0.0,0.0,5206.188548470096,0.0,0.0,5206.188548470096,0.0,0.0,True
2026-10-05T15:56:38.291268+00:00,3,2,5491,10613,332690,588790,871.3705342764492,1731.7237399585986,0.4073927673080624,0.7515340495809221,6,0.0,0.0,5206.188548470096,0.0,0.0,5206.188548470096,0.0,0.0,True
2026-10-05T15:56:39.294375+00:00,1,4294967294,0,0,0,0,0.0,0.0,0.0,0.0,6,0.0,0.0,5382.764280664505,0.0,0.0,5382.764280664505,0.0,0.0,True
2026-10-05T15:56:39.294375+00:00,1,4,193,195,18590,18674,3.982807458871258,3.982807458871258,0.0031225210477550665,0.0031225210477550665,6,0.0,0.0,5382.764280664505,0.0,0.0,5382.764280664505,0.0,0.0,True
2026-10-05T15:56:39.294375+00:00,1,1,6395,12412,385482,686332,900.1144857049043,1791.2676546273483,0.4205207427374629,0.7769820103064405,6,0.0,0.0,5382.764280664505,0.0,0.0,5382.764280664505,0.0,0.0,True
2026-10-05T15:56:39.294375+00:00,1,6,9,12,726,852,0.0,0.0,0.0,0.0,6,0.0,0.0,5382.764280664505,0.0,0.0,5382.764280664505,0.0,0.0,True
2026-10-05T15:56:39.294375+00:00,1,2,12045,6030,650646,349880,1782.3063378448878,891.1531689224439,0.7699563379489915,0.41349507038001404,6,0.0,0.0,5382.764280664505,0.0,0.0,5382.764280664505,0.0,0.0,True
2026-10-05T15:56:39.294375+00:00,1,5,9,12,726,852,0.0,0.0,0.0,0.0,6,0.0,0.0,5382.764280664505,0.0,0.0,5382.764280664505,0.0,0.0,True
2026-10-05T15:56:39.294375+00:00,1,3,192,194,18548,18632,4.978509323589073,4.978509323589073,0.0039031513096938327,0.0039031513096938327,6,0.0,0.0,5382.764280664505,0.0,0.0,5382.764280664505,0.0,0.0,True
2026-10-05T15:56:39.294375+00:00,2,4294967294,0,0,0,0,0.0,0.0,0.0,0.0,6,0.0,0.0,5377.3822706277015,0.0,0.0,5377.3822706277015,0.0,0.0,True
2026-10-05T15:56:39.294375+00:00,2,1,12412,6395,686332,385482,1789.476637968782,899.2144973450688,0.776205137168431,0.4201002809189458,6,0.0,0.0,5377.3822706277015,0.0,0.0,5377.3822706277015,0.0,0.0,True
2026-10-05T15:56:39.294375+00:00,2,6,6395,12412,385482,686332,899.2144973450688,1789.476637968782,0.4201002809189458,0.776205137168431,6,0.0,0.0,5377.3822706277015,0.0,0.0,5377.3822706277015,0.0,0.0,True
2026-10-05T15:56:39.294375+00:00,2,4,9,12,726,852,0.0,0.0,0.0,0.0,6,0.0,0.0,5377.3822706277015,0.0,0.0,5377.3822706277015,0.0,0.0,True
2026-10-05T15:56:39.294375+00:00,2,5,9,12,726,852,0.0,0.0,0.0,0.0,6,0.0,0.0,5377.3822706277015,0.0,0.0,5377.3822706277015,0.0,0.0,True
2026-10-05T15:56:39.294375+00:00,2,2,9,12,726,852,0.0,0.0,0.0,0.0,6,0.0,0.0,5377.3822706277015,0.0,0.0,5377.3822706277015,0.0,0.0,True
2026-10-05T15:56:39.294375+00:00,2,3,9,12,726,852,0.0,0.0,0.0,0.0,6,0.0,0.0,5377.3822706277015,0.0,0.0,5377.3822706277015,0.0,0.0,True
2026-10-05T15:56:39.294375+00:00,3,4294967294,0,0,0,0,0.0,0.0,0.0,0.0,6,0.0,0.0,5376.8177731924925,0.0,0.0,5376.8177731924925,0.0,0.0,True
2026-10-05T15:56:39.294375+00:00,3,1,12412,6395,686332,385482,1789.2887854186636,899.120101177583,0.7761236540625115,0.4200561803660793,6,0.0,0.0,5376.8177731924925,0.0,0.0,5376.8177731924925,0.0,0.0,True
2026-10-05T15:56:39.294375+00:00,3,2,6395,12412,385482,686332,899.120101177583,1789.2887854186636,0.4200561803660793,0.7761236540625115,6,0.0,0.0,5376.8177731924925,0.0,0.0,5376.8177731924925,0.0,0.0,True
2026-10-05T15:56:40.297234+00:00,1,4294967294,0,0,0,0,0.0,0.0,0.0,0.0,6,0.0,0.0,5229.448678595247,0.0,0.0,5229.448678595247,0.0,0.0,True
2026-10-05T15:56:40.297234+00:00,1,4,198,200,19080,19164,4.9870767486126715,4.9870767486126715,0.003909868170912334,0.003909868170912334,6,0.0,0.0,5229.448678595247,0.0,0.0,5229.448678595247,0.0,0.0,True
2026-10-05T15:56:40.297234+00:00,1,1,7272,14156,436748,780948,874.7332617066626,1739.4923699160997,0.40906796255100353,0.7549716058347784,6,0.0,0.0,5229.448678595247,0.0,0.0,5229.448678595247,0.0,0.0,True
2026-10-05T15:56:40.297234+00:00,1,6,9,12,726,852,0.0,0.0,0.0,0.0,6,0.0,0.0,5229.448678595247,0.0,0.0,5229.448678595247,0.0,0.0,True
2026-10-05T15:56:40.297234+00:00,1,2,13780,6897,744336,400166,1730.515631768597,864.7591082094372,0.7475827529240339,0.4012482262091789,6,0.0,0.0,5229.448678595247,0.0,0.0,5229.448678595247,0.0,0.0,True
2026-10-05T15:56:40.297234+00:00,1,5,9,12,726,852,0.0,0.0,0.0,0.0,6,0.0,0.0,5229.448678595247,0.0,0.0,5229.448678595247,0.0,0.0,True
2026-10-05T15:56:40.297234+00:00,1,3,197,199,19038,19122,4.9870767486126715,4.9870767486126715,0.003909868170912334,0.003909868170912334,6,0.0,0.0,5229.448678595247,0.0,0.0,5229.448678595247,0.0,0.0,True
2026-10-05T15:56:40.297234+00:00,2,4294967294,0,0,0,0,0.0,0.0,0.0,0.0,6,0.0,0.0,5235.102826835281,0.0,0.0,5235.102826835281,0.0,0.0,True
2026-10-05T15:56:40.297234+00:00,2,1,14158,7273,781056,436806,1741.709134080488,875.8422793371526,0.7559296953797945,0.40958295348246027,6,0.0,0.0,5235.102826835281,0.0,0.0,5235.102826835281,0.0,0.0,True
2026-10-05T15:56:40.297234+00:00,2,6,7273,14158,436806,781056,875.8422793371526,1741.709134080488,0.40958295348246027,0.7559296953797945,6,0.0,0.0,5235.102826835281,0.0,0.0,5235.102826835281,0.0,0.0,True
2026-10-05T15:56:40.297234+00:00,2,4,9,12,726,852,0.0,0.0,0.0,0.0,6,0.0,0.0,5235.102826835281,0.0,0.0,5235.102826835281,0.0,0.0,True
2026-10-05T15:56:40.297234+00:00,2,5,9,12,726,852,0.0,0.0,0.0,0.0,6,0.0,0.0,5235.102826835281,0.0,0.0,5235.102826835281,0.0,0.0,True
2026-10-05T15:56:40.297234+00:00,2,2,9,12,726,852,0.0,0.0,0.0,0.0,6,0.0,0.0,5235.102826835281,0.0,0.0,5235.102826835281,0.0,0.0,True
2026-10-05T15:56:40.297234+00:00,2,3,9,12,726,852,0.0,0.0,0.0,0.0,6,0.0,0.0,5235.102826835281,0.0,0.0,5235.102826835281,0.0,0.0,True
2026-10-05T15:56:40.297234+00:00,3,4294967294,0,0,0,0,0.0,0.0,0.0,0.0,6,0.0,0.0,5235.812546791425,0.0,0.0,5235.812546791425,0.0,0.0,True
2026-10-05T15:56:40.297234+00:00,3,1,14158,7273,781056,436806,1741.9452566116288,875.9610167840837,0.7560321763449251,0.40963848041390716,6,0.0,0.0,5235.812546791425,0.0,0.0,5235.812546791425,0.0,0.0,True
2026-10-05T15:56:40.297234+00:00,3,2,7273,14158,436806,781056,875.9610167840837,1741.9452566116288,0.40963848041390716,0.7560321763449251,6,0.0,0.0,5235.812546791425,0.0,0.0,5235.812546791425,0.0,0.0,True
2026-10-05T15:56:41.299610+00:00,1,4294967294,0,0,0,0,0.0,0.0,0.0,0.0,6,0.0,0.0,5256.408394289908,0.0,0.0,5256.408394289908,0.0,0.0,True
2026-10-05T15:56:41.299610+00:00,1,4,203,205,19570,19654,4.986158598263999,4.986158598263999,0.003909148341038975,0.003909148341038975,6,0.0,0.0,5256.408394289908,0.0,0.0,5256.408394289908,0.0,0.0,True
2026-10-05T15:56:41.299610+00:00,1,1,8154,15910,488304,876104,879.5583767337695,1749.1444362710108,0.41130622830735797,0.7591406521222546,6,0.0,0.0,5256.408394289908,0.0,0.0,5256.408394289908,0.0,0.0,True
2026-10-05T15:56:41.299610+00:00,1,6,9,12,726,852,0.0,0.0,0.0,0.0,6,0.0,0.0,5256.408394289908,0.0,0.0,5256.408394289908,0.0,0.0,True
2026-10-05T15:56:41.299610+00:00,1,2,15523,7769,838458,450742,1738.1748873548302,869.5860595372415,0.7508915513372866,0.40348793162528,6,0.0,0.0,5256.408394289908,0.0,0.0,5256.408394289908,0.0,0.0,True
2026-10-05T15:56:41.299610+00:00,1,5,9,12,726,852,0.0,0.0,0.0,0.0,6,0.0,0.0,5256.408394289908,0.0,0.0,5256.408394289908,0.0,0.0,True
2026-10-05T15:56:41.299610+00:00,1,3,202,204,19528,19612,4.986158598263999,4.986158598263999,0.003909148341038975,0.003909148341038975,6,0.0,0.0,5256.408394289908,0.0,0.0,5256.408394289908,0.0,0.0,True
2026-10-05T15:56:41.299610+00:00,2,4294967294,0,0,0,0,0.0,0.0,0.0,0.0,6,0.0,0.0,5257.223736809269,0.0,0.0,5257.223736809269,0.0,0.0,True
2026-10-05T15:56:41.299610+00:00,2,1,15912,8155,876212,488362,1749.0839215408682,879.5279468637661,0.7591143883153607,0.41129199844451997,6,0.0,0.0,5257.223736809269,0.0,0.0,5257.223736809269,0.0,0.0,True
2026-10-05T15:56:41.299610+00:00,2,6,8155,15912,488362,876212,879.5279468637661,1749.0839215408682,0.41129199844451997,0.7591143883153607,6,0.0,0.0,5257.223736809269,0.0,0.0,5257.223736809269,0.0,0.0,True
2026-10-05T15:56:41.299610+00:00,2,4,9,12,726,852,0.0,0.0,0.0,0.0,6,0.0,0.0,5257.223736809269,0.0,0.0,5257.223736809269,0.0,0.0,True
2026-10-05T15:56:41.299610+00:00,2,5,9,12,726,852,0.0,0.0,0.0,0.0,6,0.0,0.0,5257.223736809269,0.0,0.0,5257.223736809269,0.0,0.0,True
2026-10-05T15:56:41.299610+00:00,2,2,9,12,726,852,0.0,0.0,0.0,0.0,6,0.0,0.0,5257.223736809269,0.0,0.0,5257.223736809269,0.0,0.0,True
2026-10-05T15:56:41.299610+00:00,2,3,9,12,726,852,0.0,0.0,0.0,0.0,6,0.0,0.0,5257.223736809269,0.0,0.0,5257.223736809269,0.0,0.0,True
2026-10-05T15:56:41.299610+00:00,3,4294967294,0,0,0,0,0.0,0.0,0.0,0.0,6,0.0,0.0,5257.230662113503,0.0,0.0,5257.230662113503,0.0,0.0,True
2026-10-05T15:56:41.299610+00:00,3,1,15912,8155,876212,488362,1749.086225596943,879.5291054598083,0.7591153882914604,0.4112925402366066,6,0.0,0.0,5257.230662113503,0.0,0.0,5257.230662113503,0.0,0.0,True
2026-10-05T15:56:41.299610+00:00,3,2,8155,15912,488362,876212,879.5291054598083,1749.086225596943,0.4112925402366066,0.7591153882914604,6,0.0,0.0,5257.230662113503,0.0,0.0,5257.230662113503,0.0,0.0,True
2026-10-05T15:56:42.301778+00:00,1,4294967294,0,0,0,0,0.0,0.0,0.0,0.0,6,0.0,0.0,5179.738203871522,0.0,0.0,5179.738203871522,0.0,0.0,True
2026-10-05T15:56:42.301778+00:00,1,4,208,210,20060,20144,4.9930000037319475,4.9930000037319475,0.003914512002925846,0.003914512002925846,6,0.0,0.0,5179.738203871522,0.0,0.0,5179.738203871522,0.0,0.0,True
2026-10-05T15:56:42.301778+00:00,1,1,9022,17635,539048,969694,866.7848006478661,1722.5850012875217,0.40538366750299826,0.7476717925588368,6,0.0,0.0,5179.738203871522,0.0,0.0,5179.738203871522,0.0,0.0,True
2026-10-05T15:56:42.301778+00:00,1,6,9,12,726,852,0.0,0.0,0.0,0.0,6,0.0,0.0,5179.738203871522,0.0,0.0,5179.738203871522,0.0,0.0,True
2026-10-05T15:56:42.301778+00:00,1,2,17239,8627,931122,500506,1713.5976012808042,856.7988006404021,0.7402741637533075,0.3975546434971466,6,0.0,0.0,5179.738203871522,0.0,0.0,5179.738203871522,0.0,0.0,True
2026-10-05T15:56:42.301778+00:00,1,5,9,12,726,852,0.0,0.0,0.0,0.0,6,0.0,0.0,5179.738203871522,0.0,0.0,5179.738203871522,0.0,0.0,True
2026-10-05T15:56:42.301778+00:00,1,3,207,209,20018,20102,4.9930000037319475,4.9930000037319475,0.003914512002925846,0.003914512002925846,6,0.0,0.0,5179.738203871522,0.0,0.0,5179.738203871522,0.0,0.0,True
2026-10-05T15:56:42.301778+00:00,2,4294967294,0,0,0,0,0.0,0.0,0.0,0.0,6,0.0,0.0,5176.916718141413,0.0,0.0,5176.916718141413,0.0,0.0,True
2026-10-05T15:56:42.301778+00:00,2,1,17636,9022,969748,539048,1722.308842546468,866.1495165242388,0.7475539670367816,0.4050902366278899,6,0.0,0.0,5176.916718141413,0.0,0.0,5176.916718141413,0.0,0.0,True
2026-10-05T15:56:42.301778+00:00,2,6,9022,17636,539048,969748,866.1495165242388,1722.308842546468,0.4050902366278899,0.7475539670367816,6,0.0,0.0,5176.916718141413,0.0,0.0,5176.916718141413,0.0,0.0,True
2026-10-05T15:56:42.301778+00:00,2,4,9,12,726,852,0.0,0.0,0.0,0.0,6,0.0,0.0,5176.916718141413,0.0,0.0,5176.916718141413,0.0,0.0,True
2026-10-05T15:56:42.301778+00:00,2,5,9,12,726,852,0.0,0.0,0.0,0.0,6,0.0,0.0,5176.916718141413,0.0,0.0,5176.916718141413,0.0,0.0,True
2026-10-05T15:56:42.301778+00:00,2,2,9,12,726,852,0.0,0.0,0.0,0.0,6,0.0,0.0,5176.916718141413,0.0,0.0,5176.916718141413,0.0,0.0,True
2026-10-05T15:56:42.301778+00:00,2,3,9,12,726,852,0.0,0.0,0.0,0.0,6,0.0,0.0,5176.916718141413,0.0,0.0,5176.916718141413,0.0,0.0,True
2026-10-05T15:56:42.301778+00:00,3,4294967294,0,0,0,0,0.0,0.0,0.0,0.0,6,0.0,0.0,5176.300018882843,0.0,0.0,5176.300018882843,0.0,0.0,True
2026-10-05T15:56:42.301778+00:00,3,1,17636,9022,969748,539048,1722.1036728201507,866.0463366212706,0.7474649148069866,0.4050419803274346,6,0.0,0.0,5176.300018882843,0.0,0.0,5176.300018882843,0.0,0.0,True
2026-10-05T15:56:42.301778+00:00,3,2,9022,17636,539048,969748,866.0463366212706,1722.1036728201507,0.4050419803274346,0.7474649148069866,6,0.0,0.0,5176.300018882843,0.0,0.0,5176.300018882843,0.0,0.0,True
2026-10-05T15:56:43.303953+00:00,1,4294967294,0,0,0,0,0.0,0.0,0.0,0.0,6,0.0,0.0,5247.211440729847,0.0,0.0,5247.211440729847,0.0,0.0,True
2026-10-05T15:56:43.303953+00:00,1,4,213,215,20550,20634,4.986895495846651,4.986895495846651,0.003909726068743775,0.003909726068743775,6,0.0,0.0,5247.211440729847,0.0,0.0,5247.211440729847,0.0,0.0,True
2026-10-05T15:56:43.303953+00:00,1,1,9902,19386,590488,1064688,877.6936072690106,1746.4108026454974,0.41044144689016276,0.757960241171931,6,0.0,0.0,5247.211440729847,0.0,0.0,5247.211440729847,0.0,0.0,True
2026-10-05T15:56:43.303953+00:00,1,6,9,12,726,852,0.0,0.0,0.0,0.0,6,0.0,0.0,5247.211440729847,0.0,0.0,5247.211440729847,0.0,0.0,True
2026-10-05T15:56:43.303953+00:00,1,2,18979,9497,1025082,550966,1735.4396325546347,867.7198162773174,0.7497099212636023,0.40262199475267524,6,0.0,0.0,5247.211440729847,0.0,0.0,5247.211440729847,0.0,0.0,True
2026-10-05T15:56:43.303953+00:00,1,5,9,12,726,852,0.0,0.0,0.0,0.0,6,0.0,0.0,5247.211440729847,0.0,0.0,5247.211440729847,0.0,0.0,True
2026-10-05T15:56:43.303953+00:00,1,3,212,214,20508,20592,4.986895495846651,4.986895495846651,0.003909726068743775,0.003909726068743775,6,0.0,0.0,5247.211440729847,0.0,0.0,5247.211440729847,0.0,0.0,True
2026-10-05T15:56:43.303953+00:00,2,4294967294,0,0,0,0,0.0,0.0,0.0,0.0,6,0.0,0.0,5249.824084559102,0.0,0.0,5249.824084559102,0.0,0.0,True
2026-10-05T15:56:43.303953+00:00,2,1,19388,9903,1064796,590546,1746.6182674036359,878.2937748759151,0.7580482789049351,0.41071848189384674,6,0.0,0.0,5249.824084559102,0.0,0.0,5249.824084559102,0.0,0.0,True
2026-10-05T15:56:43.303953+00:00,2,6,9903,19388,590546,1064796,878.2937748759151,1746.6182674036359,0.41071848189384674,0.7580482789049351,6,0.0,0.0,5249.824084559102,0.0,0.0,5249.824084559102,0.0,0.0,True
2026-10-05T15:56:43.303953+00:00,2,4,9,12,726,852,0.0,0.0,0.0,0.0,6,0.0,0.0,5249.824084559102,0.0,0.0,5249.824084559102,0.0,0.0,True
2026-10-05T15:56:43.303953+00:00,2,5,9,12,726,852,0.0,0.0,0.0,0.0,6,0.0,0.0,5249.824084559102,0.0,0.0,5249.824084559102,0.0,0.0,True
2026-10-05T15:56:43.303953+00:00,2,2,9,12,726,852,0.0,0.0,0.0,0.0,6,0.0,0.0,5249.824084559102,0.0,0.0,5249.824084559102,0.0,0.0,True
2026-10-05T15:56:43.303953+00:00,2,3,9,12,726,852,0.0,0.0,0.0,0.0,6,0.0,0.0,5249.824084559102,0.0,0.0,5249.824084559102,0.0,0.0,True
2026-10-05T15:56:43.303953+00:00,3,4294967294,0,0,0,0,0.0,0.0,0.0,0.0,6,0.0,0.0,5254.371151882623,0.0,0.0,5254.371151882623,0.0,0.0,True
2026-10-05T15:56:43.303953+00:00,3,1,19388,9903,1064796,590546,1748.131078256429,879.0544976848824,0.7587048526306716,0.41107422040205294,6,0.0,0.0,5254.371151882623,0.0,0.0,5254.371151882623,0.0,0.0,True
2026-10-05T15:56:43.303953+00:00,3,2,9903,19388,590546,1064796,879.0544976848824,1748.131078256429,0.41107422040205294,0.7587048526306716,6,0.0,0.0,5254.371151882623,0.0,0.0,5254.371151882623,0.0,0.0,True
2026-10-05T15:56:44.306185+00:00,1,4294967294,0,0,0,0,0.0,0.0,0.0,0.0,6,0.0,0.0,5279.5677272910525,0.0,0.0,5279.5677272910525,0.0,0.0,True
2026-10-05T15:56:44.306185+00:00,1,4,218,220,21040,21124,4.990139628819521,4.990139628819521,0.003912269468994504,0.003912269468994504,6,0.0,0.0,5279.5677272910525,0.0,0.0,5279.5677272910525,0.0,0.0,True
2026-10-05T15:56:44.306185+00:00,1,1,10787,21146,642218,1160168,883.2547143010552,1756.5291493444713,0.41302387679813407,0.7623336508155005,6,0.0,0.0,5279.5677272910525,0.0,0.0,5279.5677272910525,0.0,0.0,True
2026-10-05T15:56:44.306185+00:00,1,6,9,12,726,852,0.0,0.0,0.0,0.0,6,0.0,0.0,5279.5677272910525,0.0,0.0,5279.5677272910525,0.0,0.0,True
2026-10-05T15:56:44.306185+00:00,1,2,20729,10372,1119582,601716,1746.5488700868323,873.2744350434161,0.7545091118775115,0.40519933786014506,6,0.0,0.0,5279.5677272910525,0.0,0.0,5279.5677272910525,0.0,0.0,True
2026-10-05T15:56:44.306185+00:00,1,5,9,12,726,852,0.0,0.0,0.0,0.0,6,0.0,0.0,5279.5677272910525,0.0,0.0,5279.5677272910525,0.0,0.0,True
2026-10-05T15:56:44.306185+00:00,1,3,217,219,20998,21082,4.990139628819521,4.990139628819521,0.003912269468994504,0.003912269468994504,6,0.0,0.0,5279.5677272910525,0.0,0.0,5279.5677272910525,0.0,0.0,True
2026-10-05T15:56:44.306185+00:00,2,4294967294,0,0,0,0,0.0,0.0,0.0,0.0,6,0.0,0.0,5274.66597745461,0.0,0.0,5274.66597745461,0.0,0.0,True
2026-10-05T15:56:44.306185+00:00,2,1,21146,10787,1160168,642218,1754.8945473817569,882.4384413455479,0.7616282264978063,0.41264578408332264,6,0.0,0.0,5274.66597745461,0.0,0.0,5274.66597745461,0.0,0.0,True
2026-10-05T15:56:44.306185+00:00,2,6,10787,21146,642218,1160168,882.4384413455479,1754.8945473817569,0.41264578408332264,0.7616282264978063,6,0.0,0.0,5274.66597745461,0.0,0.0,5274.66597745461,0.0,0.0,True
2026-10-05T15:56:44.306185+00:00,2,4,9,12,726,852,0.0,0.0,0.0,0.0,6,0.0,0.0,5274.66597745461,0.0,0.0,5274.66597745461,0.0,0.0,True
2026-10-05T15:56:44.306185+00:00,2,5,9,12,726,852,0.0,0.0,0.0,0.0,6,0.0,0.0,5274.66597745461,0.0,0.0,5274.66597745461,0.0,0.0,True
2026-10-05T15:56:44.306185+00:00,2,2,9,12,726,852,0.0,0.0,0.0,0.0,6,0.0,0.0,5274.66597745461,0.0,0.0,5274.66597745461,0.0,0.0,True
2026-10-05T15:56:44.306185+00:00,2,3,9,12,726,852,0.0,0.0,0.0,0.0,6,0.0,0.0,5274.66597745461,0.0,0.0,5274.66597745461,0.0,0.0,True
2026-10-05T15:56:44.306185+00:00,3,4294967294,0,0,0,0,0.0,0.0,0.0,0.0,6,0.0,0.0,5270.065798439118,0.0,0.0,5270.065798439118,0.0,0.0,True
2026-10-05T15:56:44.306185+00:00,3,1,21146,10787,1160168,642218,1753.3640563315614,881.6688428879978,0.7609639898996754,0.41228590452225,6,0.0,0.0,5270.065798439118,0.0,0.0,5270.065798439118,0.0,0.0,True
2026-10-05T15:56:44.306185+00:00,3,2,10787,21146,642218,1160168,881.6688428879978,1753.3640563315614,0.41228590452225,0.7609639898996754,6,0.0,0.0,5270.065798439118,0.0,0.0,5270.065798439118,0.0,0.0,True
2026-10-05T15:56:45.308454+00:00,1,4294967294,0,0,0,0,0.0,0.0,0.0,0.0,6,0.0,0.0,5284.79332595082,0.0,0.0,5284.79332595082,0.0,0.0,True
2026-10-05T15:56:45.308454+00:00,1,4,223,225,21530,21614,4.983773411873651,4.983773411873651,0.003907278354908943,0.003907278354908943,6,0.0,0.0,5284.79332595082,0.0,0.0,5284.79332595082,0.0,0.0,True
2026-10-05T15:56:45.308454+00:00,1,1,11674,22910,694064,1255864,884.1214032663858,1758.275259709024,0.4134219460992021,0.7630834886762574,6,0.0,0.0,5284.79332595082,0.0,0.0,5284.79332595082,0.0,0.0,True
2026-10-05T15:56:45.308454+00:00,1,6,9,12,726,852,0.0,0.0,0.0,0.0,6,0.0,0.0,5284.79332595082,0.0,0.0,5284.79332595082,0.0,0.0,True
2026-10-05T15:56:45.308454+00:00,1,2,22483,11249,1214298,652582,1748.3077128852767,874.1538564426384,0.7552689319664396,0.40560738938938423,6,0.0,0.0,5284.79332595082,0.0,0.0,5284.79332595082,0.0,0.0,True
2026-10-05T15:56:45.308454+00:00,1,5,9,12,726,852,0.0,0.0,0.0,0.0,6,0.0,0.0,5284.79332595082,0.0,0.0,5284.79332595082,0.0,0.0,True
2026-10-05T15:56:45.308454+00:00,1,3,222,224,21488,21572,4.983773411873651,4.983773411873651,0.003907278354908943,0.003907278354908943,6,0.0,0.0,5284.79332595082,0.0,0.0,5284.79332595082,0.0,0.0,True
2026-10-05T15:56:45.308454+00:00,2,4294967294,0,0,0,0,0.0,0.0,0.0,0.0,6,0.0,0.0,5284.43955897756,0.0,0.0,5284.43955897756,0.0,0.0,True
2026-10-05T15:56:45.308454+00:00,2,1,22910,11674,1255864,694064,1758.1575597956275,884.0622196931529,0.7630324074476298,0.4133942714066399,6,0.0,0.0,5284.43955897756,0.0,0.0,5284.43955897756,0.0,0.0,True
2026-10-05T15:56:45.308454+00:00,2,6,11674,22910,694064,1255864,884.0622196931529,1758.1575597956275,0.4133942714066399,0.7630324074476298,6,0.0,0.0,5284.43955897756,0.0,0.0,5284.43955897756,0.0,0.0,True
2026-10-05T15:56:45.308454+00:00,2,4,9,12,726,852,0.0,0.0,0.0,0.0,6,0.0,0.0,5284.43955897756,0.0,0.0,5284.43955897756,0.0,0.0,True
2026-10-05T15:56:45.308454+00:00,2,5,9,12,726,852,0.0,0.0,0.0,0.0,6,0.0,0.0,5284.43955897756,0.0,0.0,5284.43955897756,0.0,0.0,True
2026-10-05T15:56:45.308454+00:00,2,2,9,12,726,852,0.0,0.0,0.0,0.0,6,0.0,0.0,5284.43955897756,0.0,0.0,5284.43955897756,0.0,0.0,True
2026-10-05T15:56:45.308454+00:00,2,3,9,12,726,852,0.0,0.0,0.0,0.0,6,0.0,0.0,5284.43955897756,0.0,0.0,5284.43955897756,0.0,0.0,True
2026-10-05T15:56:45.308454+00:00,3,4294967294,0,0,0,0,0.0,0.0,0.0,0.0,6,0.0,0.0,5284.403801984437,0.0,0.0,5284.403801984437,0.0,0.0,True
2026-10-05T15:56:45.308454+00:00,3,1,22910,11674,1255864,694064,1758.1456632781114,884.056237714107,0.7630272444129803,0.41339147418737854,6,0.0,0.0,5284.403801984437,0.0,0.0,5284.403801984437,0.0,0.0,True
2026-10-05T15:56:45.308454+00:00,3,2,11674,22910,694064,1255864,884.056237714107,1758.1456632781114,0.41339147418737854,0.7630272444129803,6,0.0,0.0,5284.403801984437,0.0,0.0,5284.403801984437,0.0,0.0,True
2026-10-05T15:56:46.311231+00:00,1,4294967294,0,0,0,0,0.0,0.0,0.0,0.0,6,0.0,0.0,5121.707802702795,0.0,0.0,5121.707802702795,0.0,0.0,True
2026-10-05T15:56:46.311231+00:00,1,4,228,230,22020,22104,4.986086256525307,4.986086256525307,0.00390909162511584,0.00390909162511584,6,0.0,0.0,5121.707802702795,0.0,0.0,5121.707802702795,0.0,0.0,True
2026-10-05T15:56:46.311231+00:00,1,1,12533,24619,744246,1348546,856.6096188710477,1704.2442824803497,0.40033884883992465,0.7393927142836455,6,0.0,0.0,5121.707802702795,0.0,0.0,5121.707802702795,0.0,0.0,True
2026-10-05T15:56:46.311231+00:00,1,6,9,12,726,852,0.0,0.0,0.0,0.0,6,0.0,0.0,5121.707802702795,0.0,0.0,5121.707802702795,0.0,0.0,True
2026-10-05T15:56:46.311231+00:00,1,2,24183,12099,1306098,701882,1695.2693272186043,847.6346636093022,0.732356349358437,0.39330248391471617,6,0.0,0.0,5121.707802702795,0.0,0.0,5121.707802702795,0.0,0.0,True
2026-10-05T15:56:46.311231+00:00,1,5,9,12,726,852,0.0,0.0,0.0,0.0,6,0.0,0.0,5121.707802702795,0.0,0.0,5121.707802702795,0.0,0.0,True
2026-10-05T15:56:46.311231+00:00,1,3,226,228,21880,21964,3.9888690052202453,3.9888690052202453,0.0031272733000926724,0.0031272733000926724,6,0.0,0.0,5121.707802702795,0.0,0.0,5121.707802702795,0.0,0.0,True
2026-10-05T15:56:46.311231+00:00,2,4294967294,0,0,0,0,0.0,0.0,0.0,0.0,6,0.0,0.0,5120.9643519281635,0.0,0.0,5120.9643519281635,0.0,0.0,True
2026-10-05T15:56:46.311231+00:00,2,1,24619,12533,1348546,744246,1703.9968998141028,856.4852761499791,0.7392853863947135,0.400280736929064,6,0.0,0.0,5120.9643519281635,0.0,0.0,5120.9643519281635,0.0,0.0,True
2026-10-05T15:56:46.311231+00:00,2,6,12533,24619,744246,1348546,856.4852761499791,1703.9968998141028,0.400280736929064,0.7392853863947135,6,0.0,0.0,5120.9643519281635,0.0,0.0,5120.9643519281635,0.0,0.0,True
2026-10-05T15:56:46.311231+00:00,2,4,9,12,726,852,0.0,0.0,0.0,0.0,6,0.0,0.0,5120.9643519281635,0.0,0.0,5120.9643519281635,0.0,0.0,True
2026-10-05T15:56:46.311231+00:00,2,5,9,12,726,852,0.0,0.0,0.0,0.0,6,0.0,0.0,5120.9643519281635,0.0,0.0,5120.9643519281635,0.0,0.0,True
2026-10-05T15:56:46.311231+00:00,2,2,9,12,726,852,0.0,0.0,0.0,0.0,6,0.0,0.0,5120.9643519281635,0.0,0.0,5120.9643519281635,0.0,0.0,True
2026-10-05T15:56:46.311231+00:00,2,3,9,12,726,852,0.0,0.0,0.0,0.0,6,0.0,0.0,5120.9643519281635,0.0,0.0,5120.9643519281635,0.0,0.0,True
2026-10-05T15:56:46.311231+00:00,3,4294967294,0,0,0,0,0.0,0.0,0.0,0.0,6,0.0,0.0,5120.95228655223,0.0,0.0,5120.95228655223,0.0,0.0,True
2026-10-05T15:56:46.311231+00:00,3,1,24619,12533,1348546,744246,1703.9928850696576,856.4832582064574,0.7392836445829186,0.4002797938376386,6,0.0,0.0,5120.95228655223,0.0,0.0,5120.95228655223,0.0,0.0,True
2026-10-05T15:56:46.311231+00:00,3,2,12533,24619,744246,1348546,856.4832582064574,1703.9928850696576,0.4002797938376386,0.7392836445829186,6,0.0,0.0,5120.95228655223,0.0,0.0,5120.95228655223,0.0,0.0,True
2026-10-05T15:56:47.313406+00:00,1,4294967294,0,0,0,0,0.0,0.0,0.0,0.0,6,0.0,0.0,5218.471071899656,0.0,0.0,5218.471071899656,0.0,0.0,True
2026-10-05T15:56:47.313406+00:00,1,4,233,235,22510,22594,4.9889780802099954,4.9889780802099954,0.0039113588148846365,0.0039113588148846365,6,0.0,0.0,5218.471071899656,0.0,0.0,5218.471071899656,0.0,0.0,True
2026-10-05T15:56:47.313406+00:00,1,1,13408,26359,795396,1442946,873.0711640367492,1736.1643719130786,0.40829796608438607,0.7535352492349178,6,0.0,0.0,5218.471071899656,0.0,0.0,5218.471071899656,0.0,0.0,True
2026-10-05T15:56:47.313406+00:00,1,6,9,12,726,852,0.0,0.0,0.0,0.0,6,0.0,0.0,5218.471071899656,0.0,0.0,5218.471071899656,0.0,0.0,True
2026-10-05T15:56:47.313406+00:00,1,2,25913,12964,1399518,752052,1726.1864157526586,863.0932078763293,0.7457125316051485,0.4004752484546168,6,0.0,0.0,5218.471071899656,0.0,0.0,5218.471071899656,0.0,0.0,True
2026-10-05T15:56:47.313406+00:00,1,5,9,12,726,852,0.0,0.0,0.0,0.0,6,0.0,0.0,5218.471071899656,0.0,0.0,5218.471071899656,0.0,0.0,True
2026-10-05T15:56:47.313406+00:00,1,3,231,233,22370,22454,4.9889780802099954,4.9889780802099954,0.0039113588148846365,0.0039113588148846365,6,0.0,0.0,5218.471071899656,0.0,0.0,5218.471071899656,0.0,0.0,True
2026-10-05T15:56:47.313406+00:00,2,4294967294,0,0,0,0,0.0,0.0,0.0,0.0,6,0.0,0.0,5223.479179385394,0.0,0.0,5223.479179385394,0.0,0.0,True
2026-10-05T15:56:47.313406+00:00,2,1,26361,13409,1443054,795454,1737.8343641117947,873.9052255809024,0.7542560279378989,0.408684372525542,6,0.0,0.0,5223.479179385394,0.0,0.0,5223.479179385394,0.0,0.0,True
2026-10-05T15:56:47.313406+00:00,2,6,13409,26361,795454,1443054,873.9052255809024,1737.8343641117947,0.408684372525542,0.7542560279378989,6,0.0,0.0,5223.479179385394,0.0,0.0,5223.479179385394,0.0,0.0,True
2026-10-05T15:56:47.313406+00:00,2,4,9,12,726,852,0.0,0.0,0.0,0.0,6,0.0,0.0,5223.479179385394,0.0,0.0,5223.479179385394,0.0,0.0,True
2026-10-05T15:56:47.313406+00:00,2,5,9,12,726,852,0.0,0.0,0.0,0.0,6,0.0,0.0,5223.479179385394,0.0,0.0,5223.479179385394,0.0,0.0,True
2026-10-05T15:56:47.313406+00:00,2,2,9,12,726,852,0.0,0.0,0.0,0.0,6,0.0,0.0,5223.479179385394,0.0,0.0,5223.479179385394,0.0,0.0,True
2026-10-05T15:56:47.313406+00:00,2,3,9,12,726,852,0.0,0.0,0.0,0.0,6,0.0,0.0,5223.479179385394,0.0,0.0,5223.479179385394,0.0,0.0,True
2026-10-05T15:56:47.313406+00:00,3,4294967294,0,0,0,0,0.0,0.0,0.0,0.0,6,0.0,0.0,5224.185561834997,0.0,0.0,5224.185561834997,0.0,0.0,True
2026-10-05T15:56:47.313406+00:00,3,1,26361,13409,1443054,795454,1738.0693752323461,874.0234056851523,0.7543580276209348,0.40873963980205735,6,0.0,0.0,5224.185561834997,0.0,0.0,5224.185561834997,0.0,0.0,True
2026-10-05T15:56:47.313406+00:00,3,2,13409,26361,795454,1443054,874.0234056851523,1738.0693752323461,0.40873963980205735,0.7543580276209348,6,0.0,0.0,5224.185561834997,0.0,0.0,5224.185561834997,0.0,0.0,True
2026-10-05T15:56:48.314341+00:00,1,4294967294,0,0,0,0,0.0,0.0,0.0,0.0,6,0.0,0.0,5288.478263541105,0.0,0.0,5288.478263541105,0.0,0.0,True
2026-10-05T15:56:48.314341+00:00,1,4,238,240,23000,23084,5.000452215904978,5.000452215904978,0.003920354537269502,0.003920354537269502,6,0.0,0.0,5288.478263541105,0.0,0.0,5288.478263541105,0.0,0.0,True
2026-10-05T15:56:48.314341+00:00,1,1,14293,28118,847110,1538360,885.080042215181,1759.159089555371,0.413749417429296,0.763381036365372,6,0.0,0.0,5288.478263541105,0.0,0.0,5288.478263541105,0.0,0.0,True
2026-10-05T15:56:48.314341+00:00,1,6,9,12,726,852,0.0,0.0,0.0,0.0,6,0.0,0.0,5288.478263541105,0.0,0.0,5288.478263541105,0.0,0.0,True
2026-10-05T15:56:48.314341+00:00,1,2,27661,13838,1493910,802744,1748.1580946803801,874.0790473401901,0.7552042969019243,0.40557267796584817,6,0.0,0.0,5288.478263541105,0.0,0.0,5288.478263541105,0.0,0.0,True
2026-10-05T15:56:48.314341+00:00,1,5,9,12,726,852,0.0,0.0,0.0,0.0,6,0.0,0.0,5288.478263541105,0.0,0.0,5288.478263541105,0.0,0.0,True
2026-10-05T15:56:48.314341+00:00,1,3,237,239,22902,22986,6.000542659085974,6.000542659085974,0.004256384926178317,0.004256384926178317,6,0.0,0.0,5288.478263541105,0.0,0.0,5288.478263541105,0.0,0.0,True
2026-10-05T15:56:48.314341+00:00,2,4294967294,0,0,0,0,0.0,0.0,0.0,0.0,6,0.0,0.0,5286.826481350876,0.0,0.0,5286.826481350876,0.0,0.0,True
2026-10-05T15:56:48.314341+00:00,2,1,28118,14293,1538360,847110,1758.6054766629097,884.8077640125283,0.7631446946332853,0.41362560957313266,6,0.0,0.0,5286.826481350876,0.0,0.0,5286.826481350876,0.0,0.0,True
2026-10-05T15:56:48.314341+00:00,2,6,14293,28118,847110,1538360,884.8077640125283,1758.6054766629097,0.41362560957313266,0.7631446946332853,6,0.0,0.0,5286.826481350876,0.0,0.0,5286.826481350876,0.0,0.0,True
2026-10-05T15:56:48.314341+00:00,2,4,9,12,726,852,0.0,0.0,0.0,0.0,6,0.0,0.0,5286.826481350876,0.0,0.0,5286.826481350876,0.0,0.0,True
2026-10-05T15:56:48.314341+00:00,2,5,9,12,726,852,0.0,0.0,0.0,0.0,6,0.0,0.0,5286.826481350876,0.0,0.0,5286.826481350876,0.0,0.0,True
2026-10-05T15:56:48.314341+00:00,2,2,9,12,726,852,0.0,0.0,0.0,0.0,6,0.0,0.0,5286.826481350876,0.0,0.0,5286.826481350876,0.0,0.0,True
2026-10-05T15:56:48.314341+00:00,2,3,9,12,726,852,0.0,0.0,0.0,0.0,6,0.0,0.0,5286.826481350876,0.0,0.0,5286.826481350876,0.0,0.0,True
2026-10-05T15:56:48.314341+00:00,3,4294967294,0,0,0,0,0.0,0.0,0.0,0.0,6,0.0,0.0,5286.816908762594,0.0,0.0,5286.816908762594,0.0,0.0,True
2026-10-05T15:56:48.314341+00:00,3,1,28118,14293,1538360,847110,1758.6022924452627,884.8061619360343,0.7631433128459338,0.4136248606422424,6,0.0,0.0,5286.816908762594,0.0,0.0,5286.816908762594,0.0,0.0,True
2026-10-05T15:56:48.314341+00:00,3,2,14293,28118,847110,1538360,884.8061619360343,1758.6022924452627,0.4136248606422424,0.7631433128459338,6,0.0,0.0,5286.816908762594,0.0,0.0,5286.816908762594,0.0,0.0,True
2026-10-05T15:56:49.317110+00:00,1,4294967294,0,0,0,0,0.0,0.0,0.0,0.0,6,0.0,0.0,5452.463095158766,0.0,0.0,5452.463095158766,0.0,0.0,True
2026-10-05T15:56:49.317110+00:00,1,4,243,245,23490,23574,4.989442803036938,4.989442803036938,0.003911723157580959,0.003911723157580959,6,0.0,0.0,5452.463095158766,0.0,0.0,5452.463095158766,0.0,0.0,True
2026-10-05T15:56:49.317110+00:00,1,1,15207,29936,900522,1636972,912.0701443951522,1814.1614031842305,0.4263937903932943,0.7872302939089256,6,0.0,0.0,5452.463095158766,0.0,0.0,5452.463095158766,0.0,0.0,True
2026-10-05T15:56:49.317110+00:00,1,6,9,12,726,852,0.0,0.0,0.0,0.0,6,0.0,0.0,5452.463095158766,0.0,0.0,5452.463095158766,0.0,0.0,True
2026-10-05T15:56:49.317110+00:00,1,2,29469,14742,1591542,855176,1804.1825175781566,902.0912587890783,0.7794068475937638,0.4185703440781324,6,0.0,0.0,5452.463095158766,0.0,0.0,5452.463095158766,0.0,0.0,True
2026-10-05T15:56:49.317110+00:00,1,5,9,12,726,852,0.0,0.0,0.0,0.0,6,0.0,0.0,5452.463095158766,0.0,0.0,5452.463095158766,0.0,0.0,True
2026-10-05T15:56:49.317110+00:00,1,3,242,244,23392,23476,4.989442803036938,4.989442803036938,0.003911723157580959,0.003911723157580959,6,0.0,0.0,5452.463095158766,0.0,0.0,5452.463095158766,0.0,0.0,True
2026-10-05T15:56:49.317110+00:00,2,4294967294,0,0,0,0,0.0,0.0,0.0,0.0,6,0.0,0.0,5451.948478782502,0.0,0.0,5451.948478782502,0.0,0.0,True
2026-10-05T15:56:49.317110+00:00,2,1,29936,15207,1636972,900522,1813.9901783357593,911.9840610554917,0.7871559932499269,0.4263535463378199,6,0.0,0.0,5451.948478782502,0.0,0.0,5451.948478782502,0.0,0.0,True
2026-10-05T15:56:49.317110+00:00,2,6,15207,29936,900522,1636972,911.9840610554917,1813.9901783357593,0.4263535463378199,0.7871559932499269,6,0.0,0.0,5451.948478782502,0.0,0.0,5451.948478782502,0.0,0.0,True
2026-10-05T15:56:49.317110+00:00,2,4,9,12,726,852,0.0,0.0,0.0,0.0,6,0.0,0.0,5451.948478782502,0.0,0.0,5451.948478782502,0.0,0.0,True
2026-10-05T15:56:49.317110+00:00,2,5,9,12,726,852,0.0,0.0,0.0,0.0,6,0.0,0.0,5451.948478782502,0.0,0.0,5451.948478782502,0.0,0.0,True
2026-10-05T15:56:49.317110+00:00,2,2,9,12,726,852,0.0,0.0,0.0,0.0,6,0.0,0.0,5451.948478782502,0.0,0.0,5451.948478782502,0.0,0.0,True
2026-10-05T15:56:49.317110+00:00,2,3,9,12,726,852,0.0,0.0,0.0,0.0,6,0.0,0.0,5451.948478782502,0.0,0.0,5451.948478782502,0.0,0.0,True
2026-10-05T15:56:49.317110+00:00,3,4294967294,0,0,0,0,0.0,0.0,0.0,0.0,6,0.0,0.0,5451.894324872952,0.0,0.0,5451.894324872952,0.0,0.0,True
2026-10-05T15:56:49.317110+00:00,3,1,29936,15207,1636972,900522,1813.9721600693679,911.9750023671079,0.7871481744719935,0.42634931139108945,6,0.0,0.0,5451.894324872952,0.0,0.0,5451.894324872952,0.0,0.0,True
2026-10-05T15:56:49.317110+00:00,3,2,15207,29936,900522,1636972,911.9750023671079,1813.9721600693679,0.42634931139108945,0.7871481744719935,6,0.0,0.0,5451.894324872952,0.0,0.0,5451.894324872952,0.0,0.0,True
2026-10-05T15:56:50.318918+00:00,1,4294967294,0,0,0,0,0.0,0.0,0.0,0.0,6,0.0,0.0,5347.793186738816,0.0,0.0,5347.793186738816,0.0,0.0,True
2026-10-05T15:56:50.318918+00:00,1,4,248,250,23924,24008,4.98303502305145,4.98303502305145,0.003460219520006927,0.003460219520006927,6,0.0,0.0,5347.793186738816,0.0,0.0,5347.793186738816,0.0,0.0,True
2026-10-05T15:56:50.318918+00:00,1,1,16105,31721,952934,1733734,894.9530901400403,1778.9435032293675,0.4178733306050761,0.7714694958408069,6,0.0,0.0,5347.793186738816,0.0,0.0,5347.793186738816,0.0,0.0,True
2026-10-05T15:56:50.318918+00:00,1,6,9,12,726,852,0.0,0.0,0.0,0.0,6,0.0,0.0,5347.793186738816,0.0,0.0,5347.793186738816,0.0,0.0,True
2026-10-05T15:56:50.318918+00:00,1,2,31243,15629,1687338,906622,1767.9808261786543,883.9904130893271,0.7637677169091787,0.4101715516734478,6,0.0,0.0,5347.793186738816,0.0,0.0,5347.793186738816,0.0,0.0,True
2026-10-05T15:56:50.318918+00:00,1,5,9,12,726,852,0.0,0.0,0.0,0.0,6,0.0,0.0,5347.793186738816,0.0,0.0,5347.793186738816,0.0,0.0,True
2026-10-05T15:56:50.318918+00:00,1,3,248,250,23924,24008,5.97964202766174,5.97964202766174,0.004241559411621394,0.004241559411621394,6,0.0,0.0,5347.793186738816,0.0,0.0,5347.793186738816,0.0,0.0,True
2026-10-05T15:56:50.318918+00:00,2,4294967294,0,0,0,0,0.0,0.0,0.0,0.0,6,0.0,0.0,5337.895133390525,0.0,0.0,5337.895133390525,0.0,0.0,True
2026-10-05T15:56:50.318918+00:00,2,1,31721,16105,1733734,952934,1775.6509155985998,893.2966510966626,0.7700416084936772,0.41709990269290226,6,0.0,0.0,5337.895133390525,0.0,0.0,5337.895133390525,0.0,0.0,True
2026-10-05T15:56:50.318918+00:00,2,6,16105,31721,952934,1733734,893.2966510966626,1775.6509155985998,0.41709990269290226,0.7700416084936772,6,0.0,0.0,5337.895133390525,0.0,0.0,5337.895133390525,0.0,0.0,True
2026-10-05T15:56:50.318918+00:00,2,4,9,12,726,852,0.0,0.0,0.0,0.0,6,0.0,0.0,5337.895133390525,0.0,0.0,5337.895133390525,0.0,0.0,True
2026-10-05T15:56:50.318918+00:00,2,5,9,12,726,852,0.0,0.0,0.0,0.0,6,0.0,0.0,5337.895133390525,0.0,0.0,5337.895133390525,0.0,0.0,True
2026-10-05T15:56:50.318918+00:00,2,2,9,12,726,852,0.0,0.0,0.0,0.0,6,0.0,0.0,5337.895133390525,0.0,0.0,5337.895133390525,0.0,0.0,True
2026-10-05T15:56:50.318918+00:00,2,3,9,12,726,852,0.0,0.0,0.0,0.0,6,0.0,0.0,5337.895133390525,0.0,0.0,5337.895133390525,0.0,0.0,True
2026-10-05T15:56:50.318918+00:00,3,4294967294,0,0,0,0,0.0,0.0,0.0,0.0,6,0.0,0.0,5338.11711924732,0.0,0.0,5338.11711924732,0.0,0.0,True
2026-10-05T15:56:50.318918+00:00,3,1,31721,16105,1733734,952934,1775.724759198,893.3338004256605,0.7700736320426526,0.41711724853371684,6,0.0,0.0,5338.11711924732,0.0,0.0,5338.11711924732,0.0,0.0,True
2026-10-05T15:56:50.318918+00:00,3,2,16105,31721,952934,1733734,893.3338004256605,1775.724759198,0.41711724853371684,0.7700736320426526,6,0.0,0.0,5338.11711924732,0.0,0.0,5338.11711924732,0.0,0.0,True
2026-10-05T15:56:51.320347+00:00,1,4294967294,0,0,0,0,0.0,0.0,0.0,0.0,6,0.0,0.0,5173.995888931276,0.0,0.0,5173.995888931276,0.0,0.0,True
2026-10-05T15:56:51.320347+00:00,1,4,253,255,24414,24498,4.998064034902701,4.998064034902701,0.003918482203363717,0.003918482203363717,6,0.0,0.0,5173.995888931276,0.0,0.0,5173.995888931276,0.0,0.0,True
2026-10-05T15:56:51.320347+00:00,1,1,16971,33443,1003562,1827162,865.6646908451478,1721.3332536204903,0.4048671775344863,0.7471346026446233,6,0.0,0.0,5173.995888931276,0.0,0.0,5173.995888931276,0.0,0.0,True
2026-10-05T15:56:51.320347+00:00,1,6,9,12,726,852,0.0,0.0,0.0,0.0,6,0.0,0.0,5173.995888931276,0.0,0.0,5173.995888931276,0.0,0.0,True
2026-10-05T15:56:51.320347+00:00,1,2,32955,16485,1779786,956270,1711.3371255506847,855.6685627753424,0.7392976382378957,0.3970302131277589,6,0.0,0.0,5173.995888931276,0.0,0.0,5173.995888931276,0.0,0.0,True
2026-10-05T15:56:51.320347+00:00,1,5,9,12,726,852,0.0,0.0,0.0,0.0,6,0.0,0.0,5173.995888931276,0.0,0.0,5173.995888931276,0.0,0.0,True
2026-10-05T15:56:51.320347+00:00,1,3,253,255,24414,24498,4.998064034902701,4.998064034902701,0.003918482203363717,0.003918482203363717,6,0.0,0.0,5173.995888931276,0.0,0.0,5173.995888931276,0.0,0.0,True
2026-10-05T15:56:51.320347+00:00,2,4294967294,0,0,0,0,0.0,0.0,0.0,0.0,6,0.0,0.0,5186.622003300693,0.0,0.0,5186.622003300693,0.0,0.0,True
2026-10-05T15:56:51.320347+00:00,2,1,33443,16971,1827162,1003562,1725.2005195448703,867.6095528024725,0.7488131667365303,0.4057767800395712,6,0.0,0.0,5186.622003300693,0.0,0.0,5186.622003300693,0.0,0.0,True
2026-10-05T15:56:51.320347+00:00,2,6,16971,33444,1003562,1827216,867.6095528024725,1726.2023781508778,0.4057767800395712,0.7492459696543255,6,0.0,0.0,5186.622003300693,0.0,0.0,5186.622003300693,0.0,0.0,True
2026-10-05T15:56:51.320347+00:00,2,4,9,12,726,852,0.0,0.0,0.0,0.0,6,0.0,0.0,5186.622003300693,0.0,0.0,5186.622003300693,0.0,0.0,True
2026-10-05T15:56:51.320347+00:00,2,5,9,12,726,852,0.0,0.0,0.0,0.0,6,0.0,0.0,5186.622003300693,0.0,0.0,5186.622003300693,0.0,0.0,True
2026-10-05T15:56:51.320347+00:00,2,2,9,12,726,852,0.0,0.0,0.0,0.0,6,0.0,0.0,5186.622003300693,0.0,0.0,5186.622003300693,0.0,0.0,True
2026-10-05T15:56:51.320347+00:00,2,3,9,12,726,852,0.0,0.0,0.0,0.0,6,0.0,0.0,5186.622003300693,0.0,0.0,5186.622003300693,0.0,0.0,True
2026-10-05T15:56:51.320347+00:00,3,4294967294,0,0,0,0,0.0,0.0,0.0,0.0,6,0.0,0.0,5185.287840931631,0.0,0.0,5185.287840931631,0.0,0.0,True
2026-10-05T15:56:51.320347+00:00,3,1,33443,16971,1827162,1003562,1725.0899656267907,867.5539548390248,0.7487651814568167,0.4057507771417103,6,0.0,0.0,5185.287840931631,0.0,0.0,5185.287840931631,0.0,0.0,True
2026-10-05T15:56:51.320347+00:00,3,2,16971,33443,1003562,1827162,867.5539548390248,1725.0899656267907,0.4057507771417103,0.7487651814568167,6,0.0,0.0,5185.287840931631,0.0,0.0,5185.287840931631,0.0,0.0,True
2026-10-05T15:56:52.323170+00:00,1,4294967294,0,0,0,0,0.0,0.0,0.0,0.0,6,0.0,0.0,5287.504811774592,0.0,0.0,5287.504811774592,0.0,0.0,True
2026-10-05T15:56:52.323170+00:00,1,4,258,260,24904,24988,4.980694057813293,4.980694057813293,0.003904864141325622,0.003904864141325622,6,0.0,0.0,5287.504811774592,0.0,0.0,5287.504811774592,0.0,0.0,True
2026-10-05T15:56:52.323170+00:00,1,1,17859,35209,1055466,1922966,884.5712646676409,1759.181141219655,0.41362871100278586,0.7634726616235915,6,0.0,0.0,5287.504811774592,0.0,0.0,5287.504811774592,0.0,0.0,True
2026-10-05T15:56:52.323170+00:00,1,6,9,12,726,852,0.0,0.0,0.0,0.0,6,0.0,0.0,5287.504811774592,0.0,0.0,5287.504811774592,0.0,0.0,True
2026-10-05T15:56:52.323170+00:00,1,2,34711,17363,1874610,1007194,1749.2197531040285,874.6098765520143,0.7556629333409404,0.4058189827201346,6,0.0,0.0,5287.504811774592,0.0,0.0,5287.504811774592,0.0,0.0,True
2026-10-05T15:56:52.323170+00:00,1,5,9,12,726,852,0.0,0.0,0.0,0.0,6,0.0,0.0,5287.504811774592,0.0,0.0,5287.504811774592,0.0,0.0,True
2026-10-05T15:56:52.323170+00:00,1,3,258,260,24904,24988,4.980694057813293,4.980694057813293,0.003904864141325622,0.003904864141325622,6,0.0,0.0,5287.504811774592,0.0,0.0,5287.504811774592,0.0,0.0,True
2026-10-05T15:56:52.323170+00:00,2,4294967294,0,0,0,0,0.0,0.0,0.0,0.0,6,0.0,0.0,5281.929577449908,0.0,0.0,5281.929577449908,0.0,0.0,True
2026-10-05T15:56:52.323170+00:00,2,1,35211,17860,1923074,1055524,1757.6607364824838,883.8011282426064,0.7628088532013936,0.4132650099054426,6,0.0,0.0,5281.929577449908,0.0,0.0,5281.929577449908,0.0,0.0,True
2026-10-05T15:56:52.323170+00:00,2,6,17860,35211,1055524,1923074,883.8011282426064,1756.666584482211,0.4132650099054426,0.7623793795372757,6,0.0,0.0,5281.929577449908,0.0,0.0,5281.929577449908,0.0,0.0,True
2026-10-05T15:56:52.323170+00:00,2,4,9,12,726,852,0.0,0.0,0.0,0.0,6,0.0,0.0,5281.929577449908,0.0,0.0,5281.929577449908,0.0,0.0,True
2026-10-05T15:56:52.323170+00:00,2,5,9,12,726,852,0.0,0.0,0.0,0.0,6,0.0,0.0,5281.929577449908,0.0,0.0,5281.929577449908,0.0,0.0,True
2026-10-05T15:56:52.323170+00:00,2,2,9,12,726,852,0.0,0.0,0.0,0.0,6,0.0,0.0,5281.929577449908,0.0,0.0,5281.929577449908,0.0,0.0,True
2026-10-05T15:56:52.323170+00:00,2,3,9,12,726,852,0.0,0.0,0.0,0.0,6,0.0,0.0,5281.929577449908,0.0,0.0,5281.929577449908,0.0,0.0,True
2026-10-05T15:56:52.323170+00:00,3,4294967294,0,0,0,0,0.0,0.0,0.0,0.0,6,0.0,0.0,5282.271140395731,0.0,0.0,5282.271140395731,0.0,0.0,True
2026-10-05T15:56:52.323170+00:00,3,1,35211,17860,1923074,1055524,1757.4436161497276,883.691954048138,0.7627146249418673,0.4132139601012314,6,0.0,0.0,5282.271140395731,0.0,0.0,5282.271140395731,0.0,0.0,True
2026-10-05T15:56:52.323170+00:00,3,2,17860,35211,1055524,1923074,883.691954048138,1757.4436161497276,0.4132139601012314,0.7627146249418673,6,0.0,0.0,5282.271140395731,0.0,0.0,5282.271140395731,0.0,0.0,True
2026-10-05T15:56:53.325309+00:00,1,4294967294,0,0,0,0,0.0,0.0,0.0,0.0,6,0.0,0.0,5282.332704647202,0.0,0.0,5282.332704647202,0.0,0.0,True
2026-10-05T15:56:53.325309+00:00,1,4,263,265,25394,25478,4.99275302896711,4.99275302896711,0.003914318374710214,0.003914318374710214,6,0.0,0.0,5282.332704647202,0.0,0.0,5282.332704647202,0.0,0.0,True
2026-10-05T15:56:53.325309+00:00,1,1,18744,36969,1107196,2018446,883.7172861271785,1757.4490661964228,0.4132401827015497,0.7627328947292474,6,0.0,0.0,5282.332704647202,0.0,0.0,5282.332704647202,0.0,0.0,True
2026-10-05T15:56:53.325309+00:00,1,6,9,12,726,852,0.0,0.0,0.0,0.0,6,0.0,0.0,5282.332704647202,0.0,0.0,5282.332704647202,0.0,0.0,True
2026-10-05T15:56:53.325309+00:00,1,2,36461,18238,1969110,1057944,1747.4635601384884,873.7317800692442,0.754904257979827,0.4054115459521293,6,0.0,0.0,5282.332704647202,0.0,0.0,5282.332704647202,0.0,0.0,True
2026-10-05T15:56:53.325309+00:00,1,5,9,12,726,852,0.0,0.0,0.0,0.0,6,0.0,0.0,5282.332704647202,0.0,0.0,5282.332704647202,0.0,0.0,True
2026-10-05T15:56:53.325309+00:00,1,3,263,265,25394,25478,4.99275302896711,4.99275302896711,0.003914318374710214,0.003914318374710214,6,0.0,0.0,5282.332704647202,0.0,0.0,5282.332704647202,0.0,0.0,True
2026-10-05T15:56:53.325309+00:00,2,4294967294,0,0,0,0,0.0,0.0,0.0,0.0,6,0.0,0.0,5281.001885465971,0.0,0.0,5281.001885465971,0.0,0.0,True
2026-10-05T15:56:53.325309+00:00,2,1,36969,18744,2018446,1107196,1757.0025198049161,883.4984229280693,0.762543091325754,0.4131414525750154,6,0.0,0.0,5281.001885465971,0.0,0.0,5281.001885465971,0.0,0.0,True
2026-10-05T15:56:53.325309+00:00,2,6,18744,36969,1107196,2018446,883.4984229280693,1757.0025198049161,0.4131414525750154,0.762543091325754,6,0.0,0.0,5281.001885465971,0.0,0.0,5281.001885465971,0.0,0.0,True
2026-10-05T15:56:53.325309+00:00,2,4,9,12,726,852,0.0,0.0,0.0,0.0,6,0.0,0.0,5281.001885465971,0.0,0.0,5281.001885465971,0.0,0.0,True
2026-10-05T15:56:53.325309+00:00,2,5,9,12,726,852,0.0,0.0,0.0,0.0,6,0.0,0.0,5281.001885465971,0.0,0.0,5281.001885465971,0.0,0.0,True
2026-10-05T15:56:53.325309+00:00,2,2,9,12,726,852,0.0,0.0,0.0,0.0,6,0.0,0.0,5281.001885465971,0.0,0.0,5281.001885465971,0.0,0.0,True
2026-10-05T15:56:53.325309+00:00,2,3,9,12,726,852,0.0,0.0,0.0,0.0,6,0.0,0.0,5281.001885465971,0.0,0.0,5281.001885465971,0.0,0.0,True
2026-10-05T15:56:53.325309+00:00,3,4294967294,0,0,0,0,0.0,0.0,0.0,0.0,6,0.0,0.0,5281.079958877129,0.0,0.0,5281.079958877129,0.0,0.0,True
2026-10-05T15:56:53.325309+00:00,3,1,36969,18744,2018446,1107196,1757.0284950238442,883.5114844147204,0.7625543646298706,0.4131475603862211,6,0.0,0.0,5281.079958877129,0.0,0.0,5281.079958877129,0.0,0.0,True
2026-10-05T15:56:53.325309+00:00,3,2,18744,36969,1107196,2018446,883.5114844147204,1757.0284950238442,0.4131475603862211,0.7625543646298706,6,0.0,0.0,5281.079958877129,0.0,0.0,5281.079958877129,0.0,0.0,True
2026-10-05T15:56:54.326174+00:00,1,4294967294,0,0,0,0,0.0,0.0,0.0,0.0,6,0.0,0.0,5253.47697301716,0.0,0.0,5253.47697301716,0.0,0.0,True
2026-10-05T15:56:54.326174+00:00,1,4,268,270,25884,25968,4.9937994040087075,4.9937994040087075,0.003915138732742827,0.003915138732742827,6,0.0,0.0,5253.47697301716,0.0,0.0,5253.47697301716,0.0,0.0,True
2026-10-05T15:56:54.326174+00:00,1,1,19624,38719,1158636,2113386,878.9086951055325,1747.8297914030477,0.4110096661475327,0.7585781046665387,6,0.0,0.0,5253.47697301716,0.0,0.0,5253.47697301716,0.0,0.0,True
2026-10-05T15:56:54.326174+00:00,1,6,9,12,726,852,0.0,0.0,0.0,0.0,6,0.0,0.0,5253.47697301716,0.0,0.0,5253.47697301716,0.0,0.0,True
2026-10-05T15:56:54.326174+00:00,1,2,38201,19108,2063070,1108404,1737.8421925950302,868.9210962975151,0.750747827201053,0.403179388682047,6,0.0,0.0,5253.47697301716,0.0,0.0,5253.47697301716,0.0,0.0,True
2026-10-05T15:56:54.326174+00:00,1,5,9,12,726,852,0.0,0.0,0.0,0.0,6,0.0,0.0,5253.47697301716,0.0,0.0,5253.47697301716,0.0,0.0,True
2026-10-05T15:56:54.326174+00:00,1,3,268,270,25884,25968,4.9937994040087075,4.9937994040087075,0.003915138732742827,0.003915138732742827,6,0.0,0.0,5253.47697301716,0.0,0.0,5253.47697301716,0.0,0.0,True
2026-10-05T15:56:54.326174+00:00,2,4294967294,0,0,0,0,0.0,0.0,0.0,0.0,6,0.0,0.0,5259.651579489509,0.0,0.0,5259.651579489509,0.0,0.0,True
2026-10-05T15:56:54.326174+00:00,2,1,38721,19625,2113494,1158694,1749.8878783261716,879.9379114185829,0.759467319904776,0.4114873331417406,6,0.0,0.0,5259.651579489509,0.0,0.0,5259.651579489509,0.0,0.0,True
2026-10-05T15:56:54.326174+00:00,2,6,19625,38721,1158694,2113494,879.9379114185829,1749.8878783261716,0.4114873331417406,0.759467319904776,6,0.0,0.0,5259.651579489509,0.0,0.0,5259.651579489509,0.0,0.0,True
2026-10-05T15:56:54.326174+00:00,2,4,9,12,726,852,0.0,0.0,0.0,0.0,6,0.0,0.0,5259.651579489509,0.0,0.0,5259.651579489509,0.0,0.0,True
2026-10-05T15:56:54.326174+00:00,2,5,9,12,726,852,0.0,0.0,0.0,0.0,6,0.0,0.0,5259.651579489509,0.0,0.0,5259.651579489509,0.0,0.0,True
2026-10-05T15:56:54.326174+00:00,2,2,9,12,726,852,0.0,0.0,0.0,0.0,6,0.0,0.0,5259.651579489509,0.0,0.0,5259.651579489509,0.0,0.0,True
2026-10-05T15:56:54.326174+00:00,2,3,9,12,726,852,0.0,0.0,0.0,0.0,6,0.0,0.0,5259.651579489509,0.0,0.0,5259.651579489509,0.0,0.0,True
2026-10-05T15:56:54.326174+00:00,3,4294967294,0,0,0,0,0.0,0.0,0.0,0.0,6,0.0,0.0,5259.636250368122,0.0,0.0,5259.636250368122,0.0,0.0,True
2026-10-05T15:56:54.326174+00:00,3,1,38721,19625,2113494,1158694,1749.8827783222464,879.9353468618145,0.7594651064564972,0.4114861338723244,6,0.0,0.0,5259.636250368122,0.0,0.0,5259.636250368122,0.0,0.0,True
2026-10-05T15:56:54.326174+00:00,3,2,19625,38721,1158694,2113494,879.9353468618145,1749.8827783222464,0.4114861338723244,0.7594651064564972,6,0.0,0.0,5259.636250368122,0.0,0.0,5259.636250368122,0.0,0.0,True
2026-10-05T15:56:55.327852+00:00,1,4294967294,0,0,0,0,0.0,0.0,0.0,0.0,6,0.0,0.0,5218.008604033952,0.0,0.0,5218.008604033952,0.0,0.0,True
2026-10-05T15:56:55.327852+00:00,1,4,273,275,26374,26458,4.988535950319266,4.988535950319266,0.003911012185050304,0.003911012185050304,6,0.0,0.0,5218.008604033952,0.0,0.0,5218.008604033952,0.0,0.0,True
2026-10-05T15:56:55.327852+00:00,1,1,20499,40459,1209786,2207786,872.9937913058715,1736.0105107111044,0.4082617821741287,0.7534684699362219,6,0.0,0.0,5218.008604033952,0.0,0.0,5218.008604033952,0.0,0.0,True
2026-10-05T15:56:55.327852+00:00,1,6,9,12,726,852,0.0,0.0,0.0,0.0,6,0.0,0.0,5218.008604033952,0.0,0.0,5218.008604033952,0.0,0.0,True
2026-10-05T15:56:55.327852+00:00,1,2,39931,19973,2156490,1158574,1726.033438810466,863.016719405233,0.7456464455661213,0.40043975780402813,6,0.0,0.0,5218.008604033952,0.0,0.0,5218.008604033952,0.0,0.0,True
2026-10-05T15:56:55.327852+00:00,1,5,9,12,726,852,0.0,0.0,0.0,0.0,6,0.0,0.0,5218.008604033952,0.0,0.0,5218.008604033952,0.0,0.0,True
2026-10-05T15:56:55.327852+00:00,1,3,273,275,26374,26458,4.988535950319266,4.988535950319266,0.003911012185050304,0.003911012185050304,6,0.0,0.0,5218.008604033952,0.0,0.0,5218.008604033952,0.0,0.0,True
2026-10-05T15:56:55.327852+00:00,2,4294967294,0,0,0,0,0.0,0.0,0.0,0.0,6,0.0,0.0,5214.444712565011,0.0,0.0,5214.444712565011,0.0,0.0,True
2026-10-05T15:56:55.327852+00:00,2,1,40459,20499,2207786,1209786,1734.821001232387,872.4013550501187,0.7529562340538745,0.4079883755809672,6,0.0,0.0,5214.444712565011,0.0,0.0,5214.444712565011,0.0,0.0,True
2026-10-05T15:56:55.327852+00:00,2,6,20499,40459,1209786,2207786,872.4013550501187,1734.821001232387,0.4079883755809672,0.7529562340538745,6,0.0,0.0,5214.444712565011,0.0,0.0,5214.444712565011,0.0,0.0,True
2026-10-05T15:56:55.327852+00:00,2,4,9,12,726,852,0.0,0.0,0.0,0.0,6,0.0,0.0,5214.444712565011,0.0,0.0,5214.444712565011,0.0,0.0,True
2026-10-05T15:56:55.327852+00:00,2,5,9,12,726,852,0.0,0.0,0.0,0.0,6,0.0,0.0,5214.444712565011,0.0,0.0,5214.444712565011,0.0,0.0,True
2026-10-05T15:56:55.327852+00:00,2,2,9,12,726,852,0.0,0.0,0.0,0.0,6,0.0,0.0,5214.444712565011,0.0,0.0,5214.444712565011,0.0,0.0,True
2026-10-05T15:56:55.327852+00:00,2,3,9,12,726,852,0.0,0.0,0.0,0.0,6,0.0,0.0,5214.444712565011,0.0,0.0,5214.444712565011,0.0,0.0,True
2026-10-05T15:56:55.327852+00:00,3,4294967294,0,0,0,0,0.0,0.0,0.0,0.0,6,0.0,0.0,5214.554069974688,0.0,0.0,5214.554069974688,0.0,0.0,True
2026-10-05T15:56:55.327852+00:00,3,1,40459,20499,2207786,1209786,1734.8573839234318,872.4196510639123,0.7529720250628688,0.40799693191906095,6,0.0,0.0,5214.554069974688,0.0,0.0,5214.554069974688,0.0,0.0,True
2026-10-05T15:56:55.327852+00:00,3,2,20499,40459,1209786,2207786,872.4196510639123,1734.8573839234318,0.40799693191906095,0.7529720250628688,6,0.0,0.0,5214.554069974688,0.0,0.0,5214.554069974688,0.0,0.0,True
2026-10-05T15:56:56.329658+00:00,1,4294967294,0,0,0,0,0.0,0.0,0.0,0.0,6,0.0,0.0,5245.24953062843,0.0,0.0,5245.24953062843,0.0,0.0,True
2026-10-05T15:56:56.329658+00:00,1,4,278,280,26864,26948,4.989773145574991,4.989773145574991,0.003911982146130793,0.003911982146130793,6,0.0,0.0,5245.24953062843,0.0,0.0,5245.24953062843,0.0,0.0,True
2026-10-05T15:56:56.329658+00:00,1,1,21378,42208,1261128,2302628,877.2021189920833,1745.4226463221319,0.4098958925441779,0.7571841034761972,6,0.0,0.0,5245.24953062843,0.0,0.0,5245.24953062843,0.0,0.0,True
2026-10-05T15:56:56.329658+00:00,1,6,9,12,726,852,0.0,0.0,0.0,0.0,6,0.0,0.0,5245.24953062843,0.0,0.0,5245.24953062843,0.0,0.0,True
2026-10-05T15:56:56.329658+00:00,1,2,41671,20843,2250450,1209034,1736.4410546600968,868.2205273300484,0.7501425356131619,0.40285432468114246,6,0.0,0.0,5245.24953062843,0.0,0.0,5245.24953062843,0.0,0.0,True
2026-10-05T15:56:56.329658+00:00,1,5,9,12,726,852,0.0,0.0,0.0,0.0,6,0.0,0.0,5245.24953062843,0.0,0.0,5245.24953062843,0.0,0.0,True
2026-10-05T15:56:56.329658+00:00,1,3,277,279,26766,26850,3.991818516459993,3.991818516459993,0.0031295857169046344,0.0031295857169046344,6,0.0,0.0,5245.24953062843,0.0,0.0,5245.24953062843,0.0,0.0,True
2026-10-05T15:56:56.329658+00:00,2,4294967294,0,0,0,0,0.0,0.0,0.0,0.0,6,0.0,0.0,5243.224050924557,0.0,0.0,5243.224050924557,0.0,0.0,True
2026-10-05T15:56:56.329658+00:00,2,1,42208,21378,2302628,1261128,1744.7486425165619,876.8633829457164,0.7568917129951093,0.40973760916677104,6,0.0,0.0,5243.224050924557,0.0,0.0,5243.224050924557,0.0,0.0,True
2026-10-05T15:56:56.329658+00:00,2,6,21378,42208,1261128,2302628,876.8633829457164,1744.7486425165619,0.40973760916677104,0.7568917129951093,6,0.0,0.0,5243.224050924557,0.0,0.0,5243.224050924557,0.0,0.0,True
2026-10-05T15:56:56.329658+00:00,2,4,9,12,726,852,0.0,0.0,0.0,0.0,6,0.0,0.0,5243.224050924557,0.0,0.0,5243.224050924557,0.0,0.0,True
2026-10-05T15:56:56.329658+00:00,2,5,9,12,726,852,0.0,0.0,0.0,0.0,6,0.0,0.0,5243.224050924557,0.0,0.0,5243.224050924557,0.0,0.0,True
2026-10-05T15:56:56.329658+00:00,2,2,9,12,726,852,0.0,0.0,0.0,0.0,6,0.0,0.0,5243.224050924557,0.0,0.0,5243.224050924557,0.0,0.0,True
2026-10-05T15:56:56.329658+00:00,2,3,9,12,726,852,0.0,0.0,0.0,0.0,6,0.0,0.0,5243.224050924557,0.0,0.0,5243.224050924557,0.0,0.0,True
2026-10-05T15:56:56.329658+00:00,3,4294967294,0,0,0,0,0.0,0.0,0.0,0.0,6,0.0,0.0,5243.878627732598,0.0,0.0,5243.878627732598,0.0,0.0,True
2026-10-05T15:56:56.329658+00:00,3,1,42208,21378,2302628,1261128,1744.9664611690096,876.9728526972896,0.7569862051924126,0.4097887618037246,6,0.0,0.0,5243.878627732598,0.0,0.0,5243.878627732598,0.0,0.0,True
2026-10-05T15:56:56.329658+00:00,3,2,21378,42208,1261128,2302628,876.9728526972896,1744.9664611690096,0.4097887618037246,0.7569862051924126,6,0.0,0.0,5243.878627732598,0.0,0.0,5243.878627732598,0.0,0.0,True
2026-10-05T15:56:57.331232+00:00,1,4294967294,0,0,0,0,0.0,0.0,0.0,0.0,6,0.0,0.0,5175.700892528916,0.0,0.0,5175.700892528916,0.0,0.0,True
2026-10-05T15:56:57.331232+00:00,1,4,283,285,27354,27438,4.993922127102389,4.993922127102389,0.003915234947648272,0.003915234947648272,6,0.0,0.0,5175.700892528916,0.0,0.0,5175.700892528916,0.0,0.0,True
2026-10-05T15:56:57.331232+00:00,1,1,22245,43932,1311814,2396164,865.9460968395542,1721.9043494249036,0.40499509909489867,0.7473784001290384,6,0.0,0.0,5175.700892528916,0.0,0.0,5175.700892528916,0.0,0.0,True
2026-10-05T15:56:57.331232+00:00,1,6,9,12,726,852,0.0,0.0,0.0,0.0,6,0.0,0.0,5175.700892528916,0.0,0.0,5175.700892528916,0.0,0.0,True
2026-10-05T15:56:57.331232+00:00,1,2,43385,21700,2343006,1258740,1711.9165051706989,855.9582525853494,0.7395479302337419,0.3971646291996021,6,0.0,0.0,5175.700892528916,0.0,0.0,5175.700892528916,0.0,0.0,True
2026-10-05T15:56:57.331232+00:00,1,5,9,12,726,852,0.0,0.0,0.0,0.0,6,0.0,0.0,5175.700892528916,0.0,0.0,5175.700892528916,0.0,0.0,True
2026-10-05T15:56:57.331232+00:00,1,3,282,284,27256,27340,4.993922127102389,4.993922127102389,0.003915234947648272,0.003915234947648272,6,0.0,0.0,5175.700892528916,0.0,0.0,5175.700892528916,0.0,0.0,True
2026-10-05T15:56:57.331232+00:00,2,4294967294,0,0,0,0,0.0,0.0,0.0,0.0,6,0.0,0.0,5178.606568610314,0.0,0.0,5178.606568610314,0.0,0.0,True
2026-10-05T15:56:57.331232+00:00,2,1,43932,22245,2396164,1311814,1722.5386309635696,866.2650771725145,0.7476537048065357,0.4051442832901136,6,0.0,0.0,5178.606568610314,0.0,0.0,5178.606568610314,0.0,0.0,True
2026-10-05T15:56:57.331232+00:00,2,6,22245,43932,1311814,2396164,866.2650771725145,1722.5386309635696,0.4051442832901136,0.7476537048065357,6,0.0,0.0,5178.606568610314,0.0,0.0,5178.606568610314,0.0,0.0,True
2026-10-05T15:56:57.331232+00:00,2,4,9,12,726,852,0.0,0.0,0.0,0.0,6,0.0,0.0,5178.606568610314,0.0,0.0,5178.606568610314,0.0,0.0,True
2026-10-05T15:56:57.331232+00:00,2,5,9,12,726,852,0.0,0.0,0.0,0.0,6,0.0,0.0,5178.606568610314,0.0,0.0,5178.606568610314,0.0,0.0,True
2026-10-05T15:56:57.331232+00:00,2,2,9,12,726,852,0.0,0.0,0.0,0.0,6,0.0,0.0,5178.606568610314,0.0,0.0,5178.606568610314,0.0,0.0,True
2026-10-05T15:56:57.331232+00:00,2,3,9,13,726,922,0.0,0.9991523381459221,0.0,0.0005595253093617164,6,0.0,0.0,5178.606568610314,0.0,0.0,5178.606568610314,0.0,0.0,True
2026-10-05T15:56:57.331232+00:00,3,4294967294,0,0,0,0,0.0,0.0,0.0,0.0,6,0.0,0.0,5176.9487941050265,0.0,0.0,5176.9487941050265,0.0,0.0,True
2026-10-05T15:56:57.331232+00:00,3,1,43932,22245,2396164,1311814,1722.3195139014022,866.1548831511112,0.7475585988504945,0.4050927465503781,6,0.0,0.0,5176.9487941050265,0.0,0.0,5176.9487941050265,0.0,0.0,True
2026-10-05T15:56:57.331232+00:00,3,2,22245,43932,1311814,2396164,866.1548831511112,1722.3195139014022,0.4050927465503781,0.7475585988504945,6,0.0,0.0,5176.9487941050265,0.0,0.0,5176.9487941050265,0.0,0.0,True
2026-10-05T15:56:58.332629+00:00,1,4294967294,0,0,0,0,0.0,0.0,0.0,0.0,6,0.0,0.0,5383.007424659054,0.0,0.0,5383.007424659054,0.0,0.0,True
2026-10-05T15:56:58.332629+00:00,1,4,288,290,27844,27928,4.997221894410559,4.997221894410559,0.003917821965217878,0.003917821965217878,6,0.0,0.0,5383.007424659054,0.0,0.0,5383.007424659054,0.0,0.0,True
2026-10-05T15:56:58.332629+00:00,1,1,23146,45724,1364472,2493372,900.4993853727826,1791.0043269567443,0.4210299368253939,0.7772319134589786,6,0.0,0.0,5383.007424659054,0.0,0.0,5383.007424659054,0.0,0.0,True
2026-10-05T15:56:58.332629+00:00,1,6,9,12,726,852,0.0,0.0,0.0,0.0,6,0.0,0.0,5383.007424659054,0.0,0.0,5383.007424659054,0.0,0.0,True
2026-10-05T15:56:58.332629+00:00,1,2,45167,22591,2439234,1310418,1781.0098831679231,890.5049415839616,0.7693962695285428,0.4131942928949582,6,0.0,0.0,5383.007424659054,0.0,0.0,5383.007424659054,0.0,0.0,True
2026-10-05T15:56:58.332629+00:00,1,5,9,12,726,852,0.0,0.0,0.0,0.0,6,0.0,0.0,5383.007424659054,0.0,0.0,5383.007424659054,0.0,0.0,True
2026-10-05T15:56:58.332629+00:00,1,3,287,289,27746,27830,4.997221894410559,4.997221894410559,0.003917821965217878,0.003917821965217878,6,0.0,0.0,5383.007424659054,0.0,0.0,5383.007424659054,0.0,0.0,True
2026-10-05T15:56:58.332629+00:00,2,4294967294,0,0,0,0,0.0,0.0,0.0,0.0,6,0.0,0.0,5384.249822674707,0.0,0.0,5384.249822674707,0.0,0.0,True
2026-10-05T15:56:58.332629+00:00,2,1,45724,23146,2493372,1364472,1791.4176907228136,900.7072206145398,0.7774112985704611,0.42112711052715146,6,0.0,0.0,5384.249822674707,0.0,0.0,5384.249822674707,0.0,0.0,True
2026-10-05T15:56:58.332629+00:00,2,6,23146,45724,1364472,2493372,900.7072206145398,1791.4176907228136,0.42112711052715146,0.7774112985704611,6,0.0,0.0,5384.249822674707,0.0,0.0,5384.249822674707,0.0,0.0,True
2026-10-05T15:56:58.332629+00:00,2,4,9,12,726,852,0.0,0.0,0.0,0.0,6,0.0,0.0,5384.249822674707,0.0,0.0,5384.249822674707,0.0,0.0,True
2026-10-05T15:56:58.332629+00:00,2,5,9,12,726,852,0.0,0.0,0.0,0.0,6,0.0,0.0,5384.249822674707,0.0,0.0,5384.249822674707,0.0,0.0,True
2026-10-05T15:56:58.332629+00:00,2,2,9,12,726,852,0.0,0.0,0.0,0.0,6,0.0,0.0,5384.249822674707,0.0,0.0,5384.249822674707,0.0,0.0,True
2026-10-05T15:56:58.332629+00:00,2,3,9,13,726,922,0.0,0.0,0.0,0.0,6,0.0,0.0,5384.249822674707,0.0,0.0,5384.249822674707,0.0,0.0,True
2026-10-05T15:56:58.332629+00:00,3,4294967294,0,0,0,0,0.0,0.0,0.0,0.0,6,0.0,0.0,5384.274792197045,0.0,0.0,5384.274792197045,0.0,0.0,True
2026-10-05T15:56:58.332629+00:00,3,1,45724,23146,2493372,1364472,1791.4259984435769,900.7113976549457,0.7774149038245679,0.4211290635091155,6,0.0,0.0,5384.274792197045,0.0,0.0,5384.274792197045,0.0,0.0,True
2026-10-05T15:56:58.332629+00:00,3,2,23146,45724,1364472,2493372,900.7113976549457,1791.4259984435769,0.4211290635091155,0.7774149038245679,6,0.0,0.0,5384.274792197045,0.0,0.0,5384.274792197045,0.0,0.0,True
2026-10-05T15:56:59.334944+00:00,1,4294967294,0,0,0,0,0.0,0.0,0.0,0.0,6,0.0,0.0,5335.769454836606,0.0,0.0,5335.769454836606,0.0,0.0,True
2026-10-05T15:56:59.334944+00:00,1,4,293,295,28334,28418,4.98670042508094,4.98670042508094,0.003909573133263457,0.003909573133263457,6,0.0,0.0,5335.769454836606,0.0,0.0,5335.769454836606,0.0,0.0,True
2026-10-05T15:56:59.334944+00:00,1,1,24041,47504,1416782,2589932,892.6193760894884,1775.2653513288149,0.4173668787775744,0.770425268873305,6,0.0,0.0,5335.769454836606,0.0,0.0,5335.769454836606,0.0,0.0,True
2026-10-05T15:56:59.334944+00:00,1,6,9,12,726,852,0.0,0.0,0.0,0.0,6,0.0,0.0,5335.769454836606,0.0,0.0,5335.769454836606,0.0,0.0,True
2026-10-05T15:56:59.334944+00:00,1,2,46937,23476,2534814,1361748,1765.291950478653,882.6459752393265,0.7626061226067781,0.4095477325110474,6,0.0,0.0,5335.769454836606,0.0,0.0,5335.769454836606,0.0,0.0,True
2026-10-05T15:56:59.334944+00:00,1,5,9,12,726,852,0.0,0.0,0.0,0.0,6,0.0,0.0,5335.769454836606,0.0,0.0,5335.769454836606,0.0,0.0,True
2026-10-05T15:56:59.334944+00:00,1,3,292,294,28236,28320,4.98670042508094,4.98670042508094,0.003909573133263457,0.003909573133263457,6,0.0,0.0,5335.769454836606,0.0,0.0,5335.769454836606,0.0,0.0,True
2026-10-05T15:56:59.334944+00:00,2,4294967294,0,0,0,0,0.0,0.0,0.0,0.0,6,0.0,0.0,5335.488369429518,0.0,0.0,5335.488369429518,0.0,0.0,True
2026-10-05T15:56:59.334944+00:00,2,1,47504,24041,2589932,1416782,1774.840085513837,892.4055486151034,0.7702407130661397,0.4172668983066463,6,0.0,0.0,5335.488369429518,0.0,0.0,5335.488369429518,0.0,0.0,True
2026-10-05T15:56:59.334944+00:00,2,6,24041,47504,1416782,2589932,892.4055486151034,1774.840085513837,0.4172668983066463,0.7702407130661397,6,0.0,0.0,5335.488369429518,0.0,0.0,5335.488369429518,0.0,0.0,True
2026-10-05T15:56:59.334944+00:00,2,4,9,12,726,852,0.0,0.0,0.0,0.0,6,0.0,0.0,5335.488369429518,0.0,0.0,5335.488369429518,0.0,0.0,True
2026-10-05T15:56:59.334944+00:00,2,5,9,13,726,922,0.0,0.9971011716369871,0.0,0.0005583766561167128,6,0.0,0.0,5335.488369429518,0.0,0.0,5335.488369429518,0.0,0.0,True
2026-10-05T15:56:59.334944+00:00,2,2,9,12,726,852,0.0,0.0,0.0,0.0,6,0.0,0.0,5335.488369429518,0.0,0.0,5335.488369429518,0.0,0.0,True
2026-10-05T15:56:59.334944+00:00,2,3,9,13,726,922,0.0,0.0,0.0,0.0,6,0.0,0.0,5335.488369429518,0.0,0.0,5335.488369429518,0.0,0.0,True
2026-10-05T15:56:59.334944+00:00,3,4294967294,0,0,0,0,0.0,0.0,0.0,0.0,6,0.0,0.0,5334.447945141471,0.0,0.0,5334.447945141471,0.0,0.0,True
2026-10-05T15:56:59.334944+00:00,3,1,47504,24041,2589932,1416782,1774.8256714676297,892.398301103106,0.770234457693997,0.4172635095481874,6,0.0,0.0,5334.447945141471,0.0,0.0,5334.447945141471,0.0,0.0,True
2026-10-05T15:56:59.334944+00:00,3,2,24041,47504,1416782,2589932,892.398301103106,1774.8256714676297,0.4172635095481874,0.770234457693997,6,0.0,0.0,5334.447945141471,0.0,0.0,5334.447945141471,0.0,0.0,True
2026-10-05T15:57:00.336839+00:00,1,4294967294,0,0,0,0,0.0,0.0,0.0,0.0,6,0.0,0.9986844359891919,5332.974888182284,0.0,0.9986844359891919,5332.974888182284,0.0,0.9986844359891919,True
2026-10-05T15:57:00.336839+00:00,1,4,297,299,28726,28810,3.9947377439567675,3.9947377439567675,0.003131874391262106,0.003131874391262106,6,0.0,0.9986844359891919,5332.974888182284,0.0,0.9986844359891919,5332.974888182284,0.0,0.9986844359891919,True
2026-10-05T15:57:00.336839+00:00,1,1,24934,49281,1468936,2686286,891.8252013383483,1774.6622427527939,0.4166831045966425,0.7698179211624208,6,0.0,0.9986844359891919,5332.974888182284,0.0,0.9986844359891919,5332.974888182284,0.0,0.9986844359891919,True
2026-10-05T15:57:00.336839+00:00,1,6,9,12,726,852,0.0,0.0,0.0,0.0,6,0.0,0.9986844359891919,5332.974888182284,0.0,0.9986844359891919,5332.974888182284,0.0,0.9986844359891919,True
2026-10-05T15:57:00.336839+00:00,1,2,48705,24360,2630286,1413020,1765.6740828288912,882.8370414144456,0.7627712037820811,0.40963638721630274,6,0.0,0.9986844359891919,5332.974888182284,0.0,0.9986844359891919,5332.974888182284,0.0,0.9986844359891919,True
2026-10-05T15:57:00.336839+00:00,1,5,9,12,726,852,0.0,0.0,0.0,0.0,6,0.0,0.9986844359891919,5332.974888182284,0.0,0.9986844359891919,5332.974888182284,0.0,0.9986844359891919,True
2026-10-05T15:57:00.336839+00:00,1,3,297,299,28726,28810,4.993422179945959,4.993422179945959,0.003914842989077632,0.003914842989077632,6,0.0,0.9986844359891919,5332.974888182284,0.0,0.9986844359891919,5332.974888182284,0.0,0.9986844359891919,True
2026-10-05T15:57:00.336839+00:00,2,4294967294,0,0,0,0,0.0,0.0,0.0,0.0,6,0.0,0.0,5332.241641730294,0.0,0.0,5332.241641730294,0.0,0.0,True
2026-10-05T15:57:00.336839+00:00,2,1,49281,24934,2686286,1468936,1774.4182392050059,891.7025816601408,0.7697120766251395,0.4166258136071936,6,0.0,0.0,5332.241641730294,0.0,0.0,5332.241641730294,0.0,0.0,True
2026-10-05T15:57:00.336839+00:00,2,6,24934,49281,1468936,2686286,891.7025816601408,1774.4182392050059,0.4166258136071936,0.7697120766251395,6,0.0,0.0,5332.241641730294,0.0,0.0,5332.241641730294,0.0,0.0,True
2026-10-05T15:57:00.336839+00:00,2,4,9,12,726,852,0.0,0.0,0.0,0.0,6,0.0,0.0,5332.241641730294,0.0,0.0,5332.241641730294,0.0,0.0,True
2026-10-05T15:57:00.336839+00:00,2,5,9,13,726,922,0.0,0.0,0.0,0.0,6,0.0,0.0,5332.241641730294,0.0,0.0,5332.241641730294,0.0,0.0,True
2026-10-05T15:57:00.336839+00:00,2,2,9,12,726,852,0.0,0.0,0.0,0.0,6,0.0,0.0,5332.241641730294,0.0,0.0,5332.241641730294,0.0,0.0,True
2026-10-05T15:57:00.336839+00:00,2,3,9,13,726,922,0.0,0.0,0.0,0.0,6,0.0,0.0,5332.241641730294,0.0,0.0,5332.241641730294,0.0,0.0,True
2026-10-05T15:57:00.336839+00:00,3,4294967294,0,0,0,0,0.0,0.0,0.0,0.0,6,0.0,0.9985530187873288,5332.273120324336,0.0,0.9985530187873288,5332.273120324336,0.0,0.9985530187873288,True
2026-10-05T15:57:00.336839+00:00,3,1,49281,24934,2686286,1468936,1774.4287143850834,891.7078457770847,0.7697166205778743,0.41662827313467476,6,0.0,0.9985530187873288,5332.273120324336,0.0,0.9985530187873288,5332.273120324336,0.0,0.9985530187873288,True
2026-10-05T15:57:00.336839+00:00,3,2,24934,49281,1468936,2686286,891.7078457770847,1774.4287143850834,0.41662827313467476,0.7697166205778743,6,0.0,0.9985530187873288,5332.273120324336,0.0,0.9985530187873288,5332.273120324336,0.0,0.9985530187873288,True
2026-10-05T15:57:01.338856+00:00,1,4294967294,0,0,0,0,0.0,0.0,0.0,0.0,6,0.0,0.0,5199.640568489489,0.0,0.0,5199.640568489489,0.0,0.0,True
2026-10-05T15:57:01.338856+00:00,1,4,302,304,29216,29300,4.984318029610323,4.984318029610323,0.003907705335214493,0.003907705335214493,6,0.0,0.0,5199.640568489489,0.0,0.0,5199.640568489489,0.0,0.0,True
2026-10-05T15:57:01.338856+00:00,1,1,25806,51016,1519912,2780432,869.2650643640403,1729.5583562747822,0.40652895340386536,0.7508057683451095,6,0.0,0.0,5199.640568489489,0.0,0.0,5199.640568489489,0.0,0.0,True
2026-10-05T15:57:01.338856+00:00,1,6,10,12,796,852,0.9968636059220647,0.0,0.0005582436193163563,0.0,6,0.0,0.0,5199.640568489489,0.0,0.0,5199.640568489489,0.0,0.0,True
2026-10-05T15:57:01.338856+00:00,1,2,50429,25223,2723382,1463086,1718.5928566096395,860.2932919107418,0.7424321140553642,0.39927178635275273,6,0.0,0.0,5199.640568489489,0.0,0.0,5199.640568489489,0.0,0.0,True
2026-10-05T15:57:01.338856+00:00,1,5,9,12,726,852,0.0,0.0,0.0,0.0,6,0.0,0.0,5199.640568489489,0.0,0.0,5199.640568489489,0.0,0.0,True
2026-10-05T15:57:01.338856+00:00,1,3,302,305,29216,29370,4.984318029610323,5.981181635532388,0.003907705335214493,0.00446594895453085,6,0.0,0.0,5199.640568489489,0.0,0.0,5199.640568489489,0.0,0.0,True
2026-10-05T15:57:01.338856+00:00,2,4294967294,0,0,0,0,0.0,0.0,0.0,0.0,6,0.0,0.0,5203.847955900158,0.0,0.0,5203.847955900158,0.0,0.0,True
2026-10-05T15:57:01.338856+00:00,2,1,51017,25807,2780470,1519970,1730.9599638709856,870.4654657024023,0.75128448496417,0.4070866856967367,6,0.0,0.0,5203.847955900158,0.0,0.0,5203.847955900158,0.0,0.0,True
2026-10-05T15:57:01.338856+00:00,2,6,25807,51017,1519970,2780470,870.4654657024023,1730.9599638709856,0.4070866856967367,0.75128448496417,6,0.0,0.0,5203.847955900158,0.0,0.0,5203.847955900158,0.0,0.0,True
2026-10-05T15:57:01.338856+00:00,2,4,9,13,726,922,0.0,0.9970967533819042,0.0,0.0005583741818938663,6,0.0,0.0,5203.847955900158,0.0,0.0,5203.847955900158,0.0,0.0,True
2026-10-05T15:57:01.338856+00:00,2,5,9,13,726,922,0.0,0.0,0.0,0.0,6,0.0,0.0,5203.847955900158,0.0,0.0,5203.847955900158,0.0,0.0,True
2026-10-05T15:57:01.338856+00:00,2,2,9,12,726,852,0.0,0.0,0.0,0.0,6,0.0,0.0,5203.847955900158,0.0,0.0,5203.847955900158,0.0,0.0,True
2026-10-05T15:57:01.338856+00:00,2,3,9,13,726,922,0.0,0.0,0.0,0.0,6,0.0,0.0,5203.847955900158,0.0,0.0,5203.847955900158,0.0,0.0,True
2026-10-05T15:57:01.338856+00:00,3,4294967294,0,0,0,0,0.0,0.0,0.0,0.0,6,0.0,0.0,5198.453520993874,0.0,0.0,5198.453520993874,0.0,0.0,True
2026-10-05T15:57:01.338856+00:00,3,1,51016,25806,2780432,1519912,1730.1586147946234,869.566750490439,0.7510663421254392,0.40667004287156533,6,0.0,0.0,5198.453520993874,0.0,0.0,5198.453520993874,0.0,0.0,True
2026-10-05T15:57:01.338856+00:00,3,2,25806,51015,1519912,2780362,869.566750490439,1729.161405218373,0.40667004287156533,0.7505079047627389,6,0.0,0.0,5198.453520993874,0.0,0.0,5198.453520993874,0.0,0.0,True
