timestamp,switch_id,port,rx_packets,tx_packets,rx_bytes,tx_bytes,rx_pps,tx_pps,rx_mbps,tx_mbps,active_flows,new_flows_per_second,packet_in_per_second
2026-10-05T15:28:38.770915+00:00,1,4294967294,0,0,0,0,0.0,0.0,0.0,0.0,4,4.0,16.0
2026-10-05T15:28:38.770915+00:00,1,4,3,3,230,174,0.0,0.0,0.0,0.0,4,4.0,16.0
2026-10-05T15:28:38.770915+00:00,1,1,3,5,174,370,0.0,0.0,0.0,0.0,4,4.0,16.0
2026-10-05T15:28:38.770915+00:00,1,6,2,3,180,174,0.0,0.0,0.0,0.0,4,4.0,16.0
2026-10-05T15:28:38.770915+00:00,1,5,2,5,176,350,0.0,0.0,0.0,0.0,4,4.0,16.0
2026-10-05T15:28:38.770915+00:00,1,2,1,3,90,174,0.0,0.0,0.0,0.0,4,4.0,16.0
2026-10-05T15:28:38.770915+00:00,1,3,4,3,320,174,0.0,0.0,0.0,0.0,4,4.0,16.0
2026-10-05T15:28:38.770915+00:00,2,4294967294,0,0,0,0,0.0,0.0,0.0,0.0,2,2.0,19.0
2026-10-05T15:28:38.770915+00:00,2,1,3,4,174,260,0.0,0.0,0.0,0.0,2,2.0,19.0
2026-10-05T15:28:38.770915+00:00,2,6,3,4,174,260,0.0,0.0,0.0,0.0,2,2.0,19.0
2026-10-05T15:28:38.770915+00:00,2,4,1,3,90,174,0.0,0.0,0.0,0.0,2,2.0,19.0
2026-10-05T15:28:38.770915+00:00,2,2,1,3,90,174,0.0,0.0,0.0,0.0,2,2.0,19.0
2026-10-05T15:28:38.770915+00:00,2,5,1,3,90,174,0.0,0.0,0.0,0.0,2,2.0,19.0
2026-10-05T15:28:38.770915+00:00,2,3,2,3,176,174,0.0,0.0,0.0,0.0,2,2.0,19.0
2026-10-05T15:28:38.770915+00:00,3,4294967294,0,0,0,0,0.0,0.0,0.0,0.0,2,2.0,11.0
2026-10-05T15:28:38.770915+00:00,3,1,5,3,370,174,0.0,0.0,0.0,0.0,2,2.0,11.0
2026-10-05T15:28:38.770915+00:00,3,2,4,3,260,174,0.0,0.0,0.0,0.0,2,2.0,11.0
2026-10-05T15:28:39.772340+00:00,1,4294967294,0,0,0,0,0.0,0.0,0.0,0.0,4,0.0,15.964023651927366
2026-10-05T15:28:39.772340+00:00,1,4,10,11,896,938,6.984260347718223,7.982011825963683,0.005316019876091813,0.006098257035036254,4,0.0,15.964023651927366
2026-10-05T15:28:39.772340+00:00,1,1,17,17,1526,1526,13.968520695436446,11.973017738945526,0.010791679988702901,0.00922720567081402,4,0.0,15.964023651927366
2026-10-05T15:28:39.772340+00:00,1,6,3,5,266,350,0.9977514782454604,1.9955029564909208,0.0006864530170328768,0.0014048340813696083,4,0.0,15.964023651927366
2026-10-05T15:28:39.772340+00:00,1,5,3,7,266,510,0.9977514782454604,1.9955029564909208,0.0007183810643367315,0.0012771218921541895,4,0.0,15.964023651927366
2026-10-05T15:28:39.772340+00:00,1,2,3,5,266,350,1.9955029564909208,1.9955029564909208,0.0014048340813696083,0.0014048340813696083,4,0.0,15.964023651927366
2026-10-05T15:28:39.772340+00:00,1,3,10,11,896,938,5.986508869472763,7.982011825963683,0.004597638811755082,0.006098257035036254,4,0.0,15.964023651927366
2026-10-05T15:28:39.772340+00:00,2,4294967294,0,0,0,0,0.0,0.0,0.0,0.0,4,1.9965813157060122,10.981197236383068
2026-10-05T15:28:39.772340+00:00,2,1,17,19,1526,1686,13.976069209942086,14.974359867795092,0.010797511755338112,0.011388499824787094,4,1.9965813157060122,10.981197236383068
2026-10-05T15:28:39.772340+00:00,2,6,17,19,1526,1686,13.976069209942086,14.974359867795092,0.010797511755338112,0.011388499824787094,4,1.9965813157060122,10.981197236383068
2026-10-05T15:28:39.772340+00:00,2,4,3,5,266,350,1.9965813157060122,1.9965813157060122,0.0014055932462570327,0.0014055932462570327,4,1.9965813157060122,10.981197236383068
2026-10-05T15:28:39.772340+00:00,2,2,3,5,266,350,1.9965813157060122,1.9965813157060122,0.0014055932462570327,0.0014055932462570327,4,1.9965813157060122,10.981197236383068
2026-10-05T15:28:39.772340+00:00,2,5,3,5,266,350,1.9965813157060122,1.9965813157060122,0.0014055932462570327,0.0014055932462570327,4,1.9965813157060122,10.981197236383068
2026-10-05T15:28:39.772340+00:00,2,3,5,5,426,350,2.994871973559018,1.9965813157060122,0.0019965813157060124,0.0014055932462570327,4,1.9965813157060122,10.981197236383068
2026-10-05T15:28:39.772340+00:00,3,4294967294,0,0,0,0,0.0,0.0,0.0,0.0,4,1.9967945696423917,3.9935891392847833
2026-10-05T15:28:39.772340+00:00,3,1,17,17,1526,1526,11.98076741785435,13.977561987496742,0.009233178090026418,0.010798665032626054,4,1.9967945696423917,3.9935891392847833
2026-10-05T15:28:39.772340+00:00,3,2,19,17,1686,1526,14.975959272317937,13.977561987496742,0.011389716225240201,0.010798665032626054,4,1.9967945696423917,3.9935891392847833
2026-10-05T15:28:40.774809+00:00,1,4294967294,0,0,0,0,0.0,0.0,0.0,0.0,4,0.0,1.9962901562517146
2026-10-05T15:28:40.774809+00:00,1,4,16,17,1448,1490,5.9888704687551435,5.9888704687551435,0.004407808665003786,0.004407808665003786,4,0.0,1.9962901562517146
2026-10-05T15:28:40.774809+00:00,1,1,28,28,2560,2560,10.97959585938443,10.97959585938443,0.008256656086257091,0.008256656086257091,4,0.0,1.9962901562517146
2026-10-05T15:28:40.774809+00:00,1,6,5,7,426,510,1.9962901562517146,1.9962901562517146,0.0012776257000010973,0.0012776257000010973,4,0.0,1.9962901562517146
2026-10-05T15:28:40.774809+00:00,1,5,6,8,516,600,2.9944352343775718,0.9981450781258573,0.0019962901562517146,0.0007186644562506173,4,0.0,1.9962901562517146
2026-10-05T15:28:40.774809+00:00,1,2,6,8,516,600,2.9944352343775718,2.9944352343775718,0.0019962901562517146,0.0019962901562517146,4,0.0,1.9962901562517146
2026-10-05T15:28:40.774809+00:00,1,3,17,17,1538,1490,6.9870155468810005,5.9888704687551435,0.005126473121254403,0.004407808665003786,4,0.0,1.9962901562517146
2026-10-05T15:28:40.774809+00:00,2,4294967294,0,0,0,0,0.0,0.0,0.0,0.0,4,0.0,4.989306504188304
2026-10-05T15:28:40.774809+00:00,2,1,27,28,2470,2560,9.978613008376607,8.980751707538946,0.007535848543926014,0.006977046215456924,4,0.0,4.989306504188304
2026-10-05T15:28:40.774809+00:00,2,6,27,28,2470,2560,9.978613008376607,8.980751707538946,0.007535848543926014,0.006977046215456924,4,0.0,4.989306504188304
2026-10-05T15:28:40.774809+00:00,2,4,5,7,426,510,1.9957226016753216,1.9957226016753216,0.0012772624650722057,0.0012772624650722057,4,0.0,4.989306504188304
2026-10-05T15:28:40.774809+00:00,2,2,5,8,426,600,1.9957226016753216,2.9935839025129822,0.0012772624650722057,0.0019957226016753217,4,0.0,4.989306504188304
2026-10-05T15:28:40.774809+00:00,2,5,5,7,426,510,1.9957226016753216,1.9957226016753216,0.0012772624650722057,0.0012772624650722057,4,0.0,4.989306504188304
2026-10-05T15:28:40.774809+00:00,2,3,6,7,516,510,0.9978613008376608,1.9957226016753216,0.0007184601366031157,0.0012772624650722057,4,0.0,4.989306504188304
2026-10-05T15:28:40.774809+00:00,3,4294967294,0,0,0,0,0.0,0.0,0.0,0.0,4,0.0,0.0
2026-10-05T15:28:40.774809+00:00,3,1,28,28,2560,2560,10.976495831895901,10.976495831895901,0.008254324865585716,0.008254324865585716,4,0.0,0.0
2026-10-05T15:28:40.774809+00:00,3,2,28,27,2560,2470,8.980769317005738,9.978632574450819,0.006977059896056013,0.007535863320225259,4,0.0,0.0
2026-10-05T15:28:41.777952+00:00,1,4294967294,0,0,0,0,0.0,0.0,0.0,0.0,4,0.0,0.0
2026-10-05T15:28:41.777952+00:00,1,4,22,23,2028,2070,5.988258683476698,5.988258683476698,0.004630920048555314,0.004630920048555314,4,0.0,0.0
2026-10-05T15:28:41.777952+00:00,1,1,38,38,3540,3540,9.98043113912783,9.98043113912783,0.007824658013076219,0.007824658013076219,4,0.0,0.0
2026-10-05T15:28:41.777952+00:00,1,6,6,8,516,600,0.998043113912783,0.998043113912783,0.0007185910420172038,0.0007185910420172038,4,0.0,0.0
2026-10-05T15:28:41.777952+00:00,1,5,6,8,516,600,0.0,0.0,0.0,0.0,4,0.0,0.0
2026-10-05T15:28:41.777952+00:00,1,2,6,8,516,600,0.0,0.0,0.0,0.0,4,0.0,0.0
2026-10-05T15:28:41.777952+00:00,1,3,22,23,2028,2070,4.990215569563915,5.988258683476698,0.0039123290065381094,0.004630920048555314,4,0.0,0.0
2026-10-05T15:28:41.777952+00:00,2,4294967294,0,0,0,0,0.0,0.0,0.0,0.0,4,0.0,0.0
2026-10-05T15:28:41.777952+00:00,2,1,38,38,3540,3540,10.986875594812526,9.988068722556841,0.008549786826508657,0.007830645878484564,4,0.0,0.0
2026-10-05T15:28:41.777952+00:00,2,6,38,38,3540,3540,10.986875594812526,9.988068722556841,0.008549786826508657,0.007830645878484564,4,0.0,0.0
2026-10-05T15:28:41.777952+00:00,2,4,6,8,516,600,0.9988068722556842,0.9988068722556842,0.0007191409480240927,0.0007191409480240927,4,0.0,0.0
2026-10-05T15:28:41.777952+00:00,2,2,6,8,516,600,0.9988068722556842,0.0,0.0007191409480240927,0.0,4,0.0,0.0
2026-10-05T15:28:41.777952+00:00,2,5,6,8,516,600,0.9988068722556842,0.9988068722556842,0.0007191409480240927,0.0007191409480240927,4,0.0,0.0
2026-10-05T15:28:41.777952+00:00,2,3,6,8,516,600,0.0,0.9988068722556842,0.0,0.0007191409480240927,4,0.0,0.0
2026-10-05T15:28:41.777952+00:00,3,4294967294,0,0,0,0,0.0,0.0,0.0,0.0,4,0.0,0.0
2026-10-05T15:28:41.777952+00:00,3,1,38,38,3540,3540,9.98736851559379,9.98736851559379,0.007830096916225531,0.007830096916225531,4,0.0,0.0
2026-10-05T15:28:41.777952+00:00,3,2,38,38,3540,3540,9.98736851559379,10.986105367153169,0.007830096916225531,0.008549187449348284,4,0.0,0.0
2026-10-05T15:28:42.779428+00:00,1,4294967294,0,0,0,0,0.0,0.0,0.0,0.0,4,0.0,1.9931921565184123
2026-10-05T15:28:42.779428+00:00,1,4,27,28,2518,2560,4.982980391296031,4.982980391296031,0.003906656626776088,0.003906656626776088,4,0.0,1.9931921565184123
2026-10-05T15:28:42.779428+00:00,1,1,48,48,4520,4520,9.965960782592061,9.965960782592061,0.007813313253552176,0.007813313253552176,4,0.0,1.9931921565184123
2026-10-05T15:28:42.779428+00:00,1,6,6,8,516,600,0.0,0.0,0.0,0.0,4,0.0,1.9931921565184123
2026-10-05T15:28:42.779428+00:00,1,5,6,8,516,600,0.0,0.0,0.0,0.0,4,0.0,1.9931921565184123
2026-10-05T15:28:42.779428+00:00,1,2,6,8,516,600,0.0,0.0,0.0,0.0,4,0.0,1.9931921565184123
2026-10-05T15:28:42.779428+00:00,1,3,27,28,2518,2560,4.982980391296031,4.982980391296031,0.003906656626776088,0.003906656626776088,4,0.0,1.9931921565184123
2026-10-05T15:28:42.779428+00:00,2,4294967294,0,0,0,0,0.0,0.0,0.0,0.0,4,0.0,0.996110162919982
2026-10-05T15:28:42.779428+00:00,2,1,48,48,4520,4520,9.96110162919982,9.96110162919982,0.007809503677292658,0.007809503677292658,4,0.0,0.996110162919982
2026-10-05T15:28:42.779428+00:00,2,6,48,48,4520,4520,9.96110162919982,9.96110162919982,0.007809503677292658,0.007809503677292658,4,0.0,0.996110162919982
2026-10-05T15:28:42.779428+00:00,2,4,6,8,516,600,0.0,0.0,0.0,0.0,4,0.0,0.996110162919982
2026-10-05T15:28:42.779428+00:00,2,2,6,8,516,600,0.0,0.0,0.0,0.0,4,0.0,0.996110162919982
2026-10-05T15:28:42.779428+00:00,2,5,6,8,516,600,0.0,0.0,0.0,0.0,4,0.0,0.996110162919982
2026-10-05T15:28:42.779428+00:00,2,3,6,8,516,600,0.0,0.0,0.0,0.0,4,0.0,0.996110162919982
2026-10-05T15:28:42.779428+00:00,3,4294967294,0,0,0,0,0.0,0.0,0.0,0.0,4,0.0,0.9960827611077506
2026-10-05T15:28:42.779428+00:00,3,1,48,48,4520,4520,9.960827611077507,9.960827611077507,0.0078092888470847645,0.0078092888470847645,4,0.0,0.9960827611077506
2026-10-05T15:28:42.779428+00:00,3,2,48,48,4520,4520,9.960827611077507,9.960827611077507,0.0078092888470847645,0.0078092888470847645,4,0.0,0.9960827611077506
2026-10-05T15:28:43.781565+00:00,1,4294967294,0,0,0,0,0.0,0.0,0.0,0.0,4,0.0,3.9927292719307017
2026-10-05T15:28:43.781565+00:00,1,4,33,34,3050,3092,5.989093907896053,5.989093907896053,0.004248263945334267,0.004248263945334267,4,0.0,3.9927292719307017
2026-10-05T15:28:43.781565+00:00,1,1,61,60,5654,5584,12.97637013377478,11.978187815792106,0.009055509988738832,0.008496527890668534,4,0.0,3.9927292719307017
2026-10-05T15:28:43.781565+00:00,1,6,6,8,516,600,0.0,0.0,0.0,0.0,4,0.0,3.9927292719307017
2026-10-05T15:28:43.781565+00:00,1,5,7,8,586,600,0.9981823179826754,0.0,0.0005589820980702982,0.0,4,0.0,3.9927292719307017
2026-10-05T15:28:43.781565+00:00,1,2,6,8,516,600,0.0,0.0,0.0,0.0,4,0.0,3.9927292719307017
2026-10-05T15:28:43.781565+00:00,1,3,33,34,3050,3092,5.989093907896053,5.989093907896053,0.004248263945334267,0.004248263945334267,4,0.0,3.9927292719307017
2026-10-05T15:28:43.781565+00:00,2,4294967294,0,0,0,0,0.0,0.0,0.0,0.0,4,0.0,2.9937485650130355
2026-10-05T15:28:43.781565+00:00,2,1,61,61,5654,5654,12.972910448389822,12.972910448389822,0.00905309566059942,0.00905309566059942,4,0.0,2.9937485650130355
2026-10-05T15:28:43.781565+00:00,2,6,60,61,5584,5654,11.974994260052142,12.972910448389822,0.008494262595130319,0.00905309566059942,4,0.0,2.9937485650130355
2026-10-05T15:28:43.781565+00:00,2,4,6,8,516,600,0.0,0.0,0.0,0.0,4,0.0,2.9937485650130355
2026-10-05T15:28:43.781565+00:00,2,2,6,8,516,600,0.0,0.0,0.0,0.0,4,0.0,2.9937485650130355
2026-10-05T15:28:43.781565+00:00,2,5,6,8,516,600,0.0,0.0,0.0,0.0,4,0.0,2.9937485650130355
2026-10-05T15:28:43.781565+00:00,2,3,6,8,516,600,0.0,0.0,0.0,0.0,4,0.0,2.9937485650130355
2026-10-05T15:28:43.781565+00:00,3,4294967294,0,0,0,0,0.0,0.0,0.0,0.0,4,0.0,0.0
2026-10-05T15:28:43.781565+00:00,3,1,60,61,5584,5654,11.97630846657037,12.974334172117901,0.008495194805620582,0.0090540892007272,4,0.0,0.0
2026-10-05T15:28:43.781565+00:00,3,2,61,61,5654,5654,12.974334172117901,12.974334172117901,0.0090540892007272,0.0090540892007272,4,0.0,0.0
2026-10-05T15:28:44.783050+00:00,1,4294967294,0,0,0,0,0.0,0.0,0.0,0.0,4,0.0,0.0
2026-10-05T15:28:44.783050+00:00,1,4,39,39,3610,3582,5.9965375212776575,4.997114601064715,0.0044774146825539846,0.0039177378472347365,4,0.0,0.0
2026-10-05T15:28:44.783050+00:00,1,1,71,70,6634,6564,9.99422920212943,9.99422920212943,0.007835475694469473,0.007835475694469473,4,0.0,0.0
2026-10-05T15:28:44.783050+00:00,1,6,7,8,586,600,0.999422920212943,0.0,0.0005596768353192481,0.0,4,0.0,0.0
2026-10-05T15:28:44.783050+00:00,1,5,7,9,586,670,0.0,0.999422920212943,0.0,0.0005596768353192481,4,0.0,0.0
2026-10-05T15:28:44.783050+00:00,1,2,7,9,586,670,0.999422920212943,0.999422920212943,0.0005596768353192481,0.0005596768353192481,4,0.0,0.0
2026-10-05T15:28:44.783050+00:00,1,3,39,40,3610,3652,5.9965375212776575,5.9965375212776575,0.0044774146825539846,0.0044774146825539846,4,0.0,0.0
2026-10-05T15:28:44.783050+00:00,2,4294967294,0,0,0,0,0.0,0.0,0.0,0.0,4,0.0,2.0005153867736745
2026-10-05T15:28:44.783050+00:00,2,1,71,71,6634,6634,10.002576933868372,10.002576933868372,0.007842020316152803,0.007842020316152803,4,0.0,2.0005153867736745
2026-10-05T15:28:44.783050+00:00,2,6,70,71,6564,6634,10.002576933868372,10.002576933868372,0.007842020316152803,0.007842020316152803,4,0.0,2.0005153867736745
2026-10-05T15:28:44.783050+00:00,2,4,6,8,516,600,0.0,0.0,0.0,0.0,4,0.0,2.0005153867736745
2026-10-05T15:28:44.783050+00:00,2,2,7,9,586,670,1.0002576933868372,1.0002576933868372,0.0005601443082966288,0.0005601443082966288,4,0.0,2.0005153867736745
2026-10-05T15:28:44.783050+00:00,2,5,7,9,586,670,1.0002576933868372,1.0002576933868372,0.0005601443082966288,0.0005601443082966288,4,0.0,2.0005153867736745
2026-10-05T15:28:44.783050+00:00,2,3,7,9,586,670,1.0002576933868372,1.0002576933868372,0.0005601443082966288,0.0005601443082966288,4,0.0,2.0005153867736745
2026-10-05T15:28:44.783050+00:00,3,4294967294,0,0,0,0,0.0,0.0,0.0,0.0,4,0.0,1.0002184207001925
2026-10-05T15:28:44.783050+00:00,3,1,70,71,6564,6634,10.002184207001925,10.002184207001925,0.00784171241828951,0.00784171241828951,4,0.0,1.0002184207001925
2026-10-05T15:28:44.783050+00:00,3,2,71,71,6634,6634,10.002184207001925,10.002184207001925,0.00784171241828951,0.00784171241828951,4,0.0,1.0002184207001925
2026-10-05T15:28:45.785053+00:00,1,4294967294,0,0,0,0,0.0,0.0,0.0,0.0,4,0.0,0.0
2026-10-05T15:28:45.785053+00:00,1,4,44,45,4100,4142,4.987738477915464,5.985286173498557,0.003910386966685724,0.0044690136762122554,4,0.0,0.0
2026-10-05T15:28:45.785053+00:00,1,1,81,81,7614,7614,9.975476955830928,10.97302465141402,0.007820773933371447,0.00837940064289798,4,0.0,0.0
2026-10-05T15:28:45.785053+00:00,1,6,7,9,586,670,0.0,0.9975476955830928,0.0,0.0005586267095265319,4,0.0,0.0
2026-10-05T15:28:45.785053+00:00,1,5,7,9,586,670,0.0,0.0,0.0,0.0,4,0.0,0.0
2026-10-05T15:28:45.785053+00:00,1,2,7,9,586,670,0.0,0.0,0.0,0.0,4,0.0,0.0
2026-10-05T15:28:45.785053+00:00,1,3,44,45,4100,4142,4.987738477915464,4.987738477915464,0.003910386966685724,0.003910386966685724,4,0.0,0.0
2026-10-05T15:28:45.785053+00:00,2,4294967294,0,0,0,0,0.0,0.0,0.0,0.0,4,0.0,0.0
2026-10-05T15:28:45.785053+00:00,2,1,81,81,7614,7614,9.970109561698267,9.970109561698267,0.007816565896371442,0.007816565896371442,4,0.0,0.0
2026-10-05T15:28:45.785053+00:00,2,6,81,81,7614,7614,10.967120517868093,9.970109561698267,0.008374892031826545,0.007816565896371442,4,0.0,0.0
2026-10-05T15:28:45.785053+00:00,2,4,7,9,586,670,0.9970109561698266,0.9970109561698266,0.0005583261354551029,0.0005583261354551029,4,0.0,0.0
2026-10-05T15:28:45.785053+00:00,2,2,7,9,586,670,0.0,0.0,0.0,0.0,4,0.0,0.0
2026-10-05T15:28:45.785053+00:00,2,5,7,9,586,670,0.0,0.0,0.0,0.0,4,0.0,0.0
2026-10-05T15:28:45.785053+00:00,2,3,7,9,586,670,0.0,0.0,0.0,0.0,4,0.0,0.0
2026-10-05T15:28:45.785053+00:00,3,4294967294,0,0,0,0,0.0,0.0,0.0,0.0,4,0.0,0.0
2026-10-05T15:28:45.785053+00:00,3,1,81,81,7614,7614,10.965346773805154,9.968497067095594,0.0083735375363603,0.007815301700602946,4,0.0,0.0
2026-10-05T15:28:45.785053+00:00,3,2,81,81,7614,7614,9.968497067095594,9.968497067095594,0.007815301700602946,0.007815301700602946,4,0.0,0.0
2026-10-05T15:28:46.786800+00:00,1,4294967294,0,0,0,0,0.0,0.0,0.0,0.0,4,0.0,0.0
2026-10-05T15:28:46.786800+00:00,1,4,49,50,4590,4632,4.989928607538412,4.989928607538412,0.003912104028310116,0.003912104028310116,4,0.0,0.0
2026-10-05T15:28:46.786800+00:00,1,1,91,91,8594,8594,9.979857215076825,9.979857215076825,0.007824208056620232,0.007824208056620232,4,0.0,0.0
2026-10-05T15:28:46.786800+00:00,1,6,7,9,586,670,0.0,0.0,0.0,0.0,4,0.0,0.0
2026-10-05T15:28:46.786800+00:00,1,5,7,9,586,670,0.0,0.0,0.0,0.0,4,0.0,0.0
2026-10-05T15:28:46.786800+00:00,1,2,7,9,586,670,0.0,0.0,0.0,0.0,4,0.0,0.0
2026-10-05T15:28:46.786800+00:00,1,3,49,50,4590,4632,4.989928607538412,4.989928607538412,0.003912104028310116,0.003912104028310116,4,0.0,0.0
2026-10-05T15:28:46.786800+00:00,2,4294967294,0,0,0,0,0.0,0.0,0.0,0.0,4,0.0,0.0
2026-10-05T15:28:46.786800+00:00,2,1,91,91,8594,8594,9.97558017874863,9.97558017874863,0.007820854860138926,0.007820854860138926,4,0.0,0.0
2026-10-05T15:28:46.786800+00:00,2,6,91,91,8594,8594,9.97558017874863,9.97558017874863,0.007820854860138926,0.007820854860138926,4,0.0,0.0
2026-10-05T15:28:46.786800+00:00,2,4,7,9,586,670,0.0,0.0,0.0,0.0,4,0.0,0.0
2026-10-05T15:28:46.786800+00:00,2,2,7,9,586,670,0.0,0.0,0.0,0.0,4,0.0,0.0
2026-10-05T15:28:46.786800+00:00,2,5,7,9,586,670,0.0,0.0,0.0,0.0,4,0.0,0.0
2026-10-05T15:28:46.786800+00:00,2,3,7,9,586,670,0.0,0.0,0.0,0.0,4,0.0,0.0
2026-10-05T15:28:46.786800+00:00,3,4294967294,0,0,0,0,0.0,0.0,0.0,0.0,4,0.0,0.0
2026-10-05T15:28:46.786800+00:00,3,1,91,91,8594,8594,9.978620964226868,9.978620964226868,0.007823238835953865,0.007823238835953865,4,0.0,0.0
2026-10-05T15:28:46.786800+00:00,3,2,91,91,8594,8594,9.978620964226868,9.978620964226868,0.007823238835953865,0.007823238835953865,4,0.0,0.0
2026-10-05T15:28:47.788690+00:00,1,4294967294,0,0,0,0,0.0,0.0,0.0,0.0,4,0.0,0.0
2026-10-05T15:28:47.788690+00:00,1,4,54,55,5080,5122,4.989201735968994,4.989201735968994,0.0039115341609996905,0.0039115341609996905,4,0.0,0.0
2026-10-05T15:28:47.788690+00:00,1,1,101,101,9574,9574,9.978403471937987,9.978403471937987,0.007823068321999381,0.007823068321999381,4,0.0,0.0
2026-10-05T15:28:47.788690+00:00,1,6,7,9,586,670,0.0,0.0,0.0,0.0,4,0.0,0.0
2026-10-05T15:28:47.788690+00:00,1,5,7,9,586,670,0.0,0.0,0.0,0.0,4,0.0,0.0
2026-10-05T15:28:47.788690+00:00,1,2,7,9,586,670,0.0,0.0,0.0,0.0,4,0.0,0.0
2026-10-05T15:28:47.788690+00:00,1,3,54,55,5080,5122,4.989201735968994,4.989201735968994,0.0039115341609996905,0.0039115341609996905,4,0.0,0.0
2026-10-05T15:28:47.788690+00:00,2,4294967294,0,0,0,0,0.0,0.0,0.0,0.0,4,0.0,0.0
2026-10-05T15:28:47.788690+00:00,2,1,101,101,9574,9574,9.980683793797342,9.980683793797342,0.007824856094337116,0.007824856094337116,4,0.0,0.0
2026-10-05T15:28:47.788690+00:00,2,6,101,101,9574,9574,9.980683793797342,9.980683793797342,0.007824856094337116,0.007824856094337116,4,0.0,0.0
2026-10-05T15:28:47.788690+00:00,2,4,7,9,586,670,0.0,0.0,0.0,0.0,4,0.0,0.0
2026-10-05T15:28:47.788690+00:00,2,2,7,9,586,670,0.0,0.0,0.0,0.0,4,0.0,0.0
2026-10-05T15:28:47.788690+00:00,2,5,7,9,586,670,0.0,0.0,0.0,0.0,4,0.0,0.0
2026-10-05T15:28:47.788690+00:00,2,3,7,9,586,670,0.0,0.0,0.0,0.0,4,0.0,0.0
2026-10-05T15:28:47.788690+00:00,3,4294967294,0,0,0,0,0.0,0.0,0.0,0.0,4,0.0,0.0
2026-10-05T15:28:47.788690+00:00,3,1,101,101,9574,9574,9.979610219269242,9.979610219269242,0.007824014411907085,0.007824014411907085,4,0.0,0.0
2026-10-05T15:28:47.788690+00:00,3,2,101,101,9574,9574,9.979610219269242,9.979610219269242,0.007824014411907085,0.007824014411907085,4,0.0,0.0
2026-10-05T15:28:48.791052+00:00,1,4294967294,0,0,0,0,0.0,0.0,0.0,0.0,4,0.0,0.0
2026-10-05T15:28:48.791052+00:00,1,4,59,60,5570,5612,4.991960253332309,4.991960253332309,0.00391369683861253,0.00391369683861253,4,0.0,0.0
2026-10-05T15:28:48.791052+00:00,1,1,111,111,10554,10554,9.983920506664617,9.983920506664617,0.00782739367722506,0.00782739367722506,4,0.0,0.0
2026-10-05T15:28:48.791052+00:00,1,6,7,9,586,670,0.0,0.0,0.0,0.0,4,0.0,0.0
2026-10-05T15:28:48.791052+00:00,1,5,7,9,586,670,0.0,0.0,0.0,0.0,4,0.0,0.0
2026-10-05T15:28:48.791052+00:00,1,2,7,9,586,670,0.0,0.0,0.0,0.0,4,0.0,0.0
2026-10-05T15:28:48.791052+00:00,1,3,59,60,5570,5612,4.991960253332309,4.991960253332309,0.00391369683861253,0.00391369683861253,4,0.0,0.0
2026-10-05T15:28:48.791052+00:00,2,4294967294,0,0,0,0,0.0,0.0,0.0,0.0,4,0.0,0.0
2026-10-05T15:28:48.791052+00:00,2,1,111,111,10554,10554,9.982023384060138,9.982023384060138,0.007825906333103148,0.007825906333103148,4,0.0,0.0
2026-10-05T15:28:48.791052+00:00,2,6,111,111,10554,10554,9.982023384060138,9.982023384060138,0.007825906333103148,0.007825906333103148,4,0.0,0.0
2026-10-05T15:28:48.791052+00:00,2,4,7,9,586,670,0.0,0.0,0.0,0.0,4,0.0,0.0
2026-10-05T15:28:48.791052+00:00,2,2,7,9,586,670,0.0,0.0,0.0,0.0,4,0.0,0.0
2026-10-05T15:28:48.791052+00:00,2,5,7,9,586,670,0.0,0.0,0.0,0.0,4,0.0,0.0
2026-10-05T15:28:48.791052+00:00,2,3,7,9,586,670,0.0,0.0,0.0,0.0,4,0.0,0.0
2026-10-05T15:28:48.791052+00:00,3,4294967294,0,0,0,0,0.0,0.0,0.0,0.0,4,0.0,0.0
2026-10-05T15:28:48.791052+00:00,3,1,111,111,10554,10554,9.98095559814307,9.98095559814307,0.007825069188944168,0.007825069188944168,4,0.0,0.0
2026-10-05T15:28:48.791052+00:00,3,2,111,111,10554,10554,9.98095559814307,9.98095559814307,0.007825069188944168,0.007825069188944168,4,0.0,0.0
2026-10-05T15:28:49.793864+00:00,1,4294967294,0,0,0,0,0.0,0.0,0.0,0.0,4,0.0,0.0
2026-10-05T15:28:49.793864+00:00,1,4,64,65,6060,6102,4.97644108003807,4.97644108003807,0.003901529806749847,0.003901529806749847,4,0.0,0.0
2026-10-05T15:28:49.793864+00:00,1,1,121,121,11534,11534,9.95288216007614,9.95288216007614,0.007803059613499694,0.007803059613499694,4,0.0,0.0
2026-10-05T15:28:49.793864+00:00,1,6,7,9,586,670,0.0,0.0,0.0,0.0,4,0.0,0.0
2026-10-05T15:28:49.793864+00:00,1,5,7,9,586,670,0.0,0.0,0.0,0.0,4,0.0,0.0
2026-10-05T15:28:49.793864+00:00,1,2,7,9,586,670,0.0,0.0,0.0,0.0,4,0.0,0.0
2026-10-05T15:28:49.793864+00:00,1,3,64,65,6060,6102,4.97644108003807,4.97644108003807,0.003901529806749847,0.003901529806749847,4,0.0,0.0
2026-10-05T15:28:49.793864+00:00,2,4294967294,0,0,0,0,0.0,0.0,0.0,0.0,4,0.0,0.0
2026-10-05T15:28:49.793864+00:00,2,1,121,121,11534,11534,9.957444996781925,9.957444996781925,0.00780663687747703,0.00780663687747703,4,0.0,0.0
2026-10-05T15:28:49.793864+00:00,2,6,121,121,11534,11534,9.957444996781925,9.957444996781925,0.00780663687747703,0.00780663687747703,4,0.0,0.0
2026-10-05T15:28:49.793864+00:00,2,4,7,9,586,670,0.0,0.0,0.0,0.0,4,0.0,0.0
2026-10-05T15:28:49.793864+00:00,2,2,7,9,586,670,0.0,0.0,0.0,0.0,4,0.0,0.0
2026-10-05T15:28:49.793864+00:00,2,5,7,9,586,670,0.0,0.0,0.0,0.0,4,0.0,0.0
2026-10-05T15:28:49.793864+00:00,2,3,7,9,586,670,0.0,0.0,0.0,0.0,4,0.0,0.0
2026-10-05T15:28:49.793864+00:00,3,4294967294,0,0,0,0,0.0,0.0,0.0,0.0,4,0.0,0.0
2026-10-05T15:28:49.793864+00:00,3,1,121,121,11534,11534,9.965973565109332,9.965973565109332,0.007813323275045716,0.007813323275045716,4,0.0,0.0
2026-10-05T15:28:49.793864+00:00,3,2,121,121,11534,11534,9.965973565109332,9.965973565109332,0.007813323275045716,0.007813323275045716,4,0.0,0.0
2026-10-05T15:28:50.795633+00:00,1,4294967294,0,0,0,0,0.0,0.0,0.0,0.0,4,0.0,1.9974486588319948
2026-10-05T15:28:50.795633+00:00,1,4,68,69,6452,6494,3.9948973176639897,3.9948973176639897,0.0031319994970485676,0.0031319994970485676,4,0.0,1.9974486588319948
2026-10-05T15:28:50.795633+00:00,1,1,129,129,12318,12318,7.989794635327979,7.989794635327979,0.006263998994097135,0.006263998994097135,4,0.0,1.9974486588319948
2026-10-05T15:28:50.795633+00:00,1,6,7,9,586,670,0.0,0.0,0.0,0.0,4,0.0,1.9974486588319948
2026-10-05T15:28:50.795633+00:00,1,5,7,9,586,670,0.0,0.0,0.0,0.0,4,0.0,1.9974486588319948
2026-10-05T15:28:50.795633+00:00,1,2,7,9,586,670,0.0,0.0,0.0,0.0,4,0.0,1.9974486588319948
2026-10-05T15:28:50.795633+00:00,1,3,68,69,6452,6494,3.9948973176639897,3.9948973176639897,0.0031319994970485676,0.0031319994970485676,4,0.0,1.9974486588319948
2026-10-05T15:28:50.795633+00:00,2,4294967294,0,0,0,0,0.0,0.0,0.0,0.0,4,0.0,0.9984334688677108
2026-10-05T15:28:50.795633+00:00,2,1,129,129,12318,12318,7.987467750941686,7.987467750941686,0.006262174716738282,0.006262174716738282,4,0.0,0.9984334688677108
2026-10-05T15:28:50.795633+00:00,2,6,129,129,12318,12318,7.987467750941686,7.987467750941686,0.006262174716738282,0.006262174716738282,4,0.0,0.9984334688677108
2026-10-05T15:28:50.795633+00:00,2,4,7,9,586,670,0.0,0.0,0.0,0.0,4,0.0,0.9984334688677108
2026-10-05T15:28:50.795633+00:00,2,2,7,9,586,670,0.0,0.0,0.0,0.0,4,0.0,0.9984334688677108
2026-10-05T15:28:50.795633+00:00,2,5,7,9,586,670,0.0,0.0,0.0,0.0,4,0.0,0.9984334688677108
2026-10-05T15:28:50.795633+00:00,2,3,7,9,586,670,0.0,0.0,0.0,0.0,4,0.0,0.9984334688677108
2026-10-05T15:28:50.795633+00:00,3,4294967294,0,0,0,0,0.0,0.0,0.0,0.0,4,0.0,0.0
2026-10-05T15:28:50.795633+00:00,3,1,129,129,12318,12318,7.980961567827934,7.980961567827934,0.0062570738691771,0.0062570738691771,4,0.0,0.0
2026-10-05T15:28:50.795633+00:00,3,2,129,129,12318,12318,7.980961567827934,7.980961567827934,0.0062570738691771,0.0062570738691771,4,0.0,0.0
2026-10-05T15:28:51.798218+00:00,1,4294967294,0,0,0,0,0.0,0.0,0.0,0.0,4,0.0,2.9930200945603134
2026-10-05T15:28:51.798218+00:00,1,4,74,74,7012,6984,5.986040189120627,4.988366824267189,0.0044695766745434014,0.003910879590225476,4,0.0,2.9930200945603134
2026-10-05T15:28:51.798218+00:00,1,1,140,139,13368,13298,10.974407013387815,9.976733648534378,0.008380456264768877,0.007821759180450952,4,0.0,2.9930200945603134
2026-10-05T15:28:51.798218+00:00,1,6,7,9,586,670,0.0,0.0,0.0,0.0,4,0.0,2.9930200945603134
2026-10-05T15:28:51.798218+00:00,1,5,7,9,586,670,0.0,0.0,0.0,0.0,4,0.0,2.9930200945603134
2026-10-05T15:28:51.798218+00:00,1,2,7,10,586,740,0.0,0.9976733648534377,0.0,0.0005586970843179252,4,0.0,2.9930200945603134
2026-10-05T15:28:51.798218+00:00,1,3,73,74,6942,6984,4.988366824267189,4.988366824267189,0.003910879590225476,0.003910879590225476,4,0.0,2.9930200945603134
2026-10-05T15:28:51.798218+00:00,2,4294967294,0,0,0,0,0.0,0.0,0.0,0.0,4,0.0,2.9922652904642644
2026-10-05T15:28:51.798218+00:00,2,1,140,139,13368,13298,10.97163939836897,9.974217634880882,0.00837834281329994,0.00781978662574661,4,0.0,2.9922652904642644
2026-10-05T15:28:51.798218+00:00,2,6,139,140,13298,13368,9.974217634880882,10.97163939836897,0.00781978662574661,0.00837834281329994,4,0.0,2.9922652904642644
2026-10-05T15:28:51.798218+00:00,2,4,7,9,586,670,0.0,0.0,0.0,0.0,4,0.0,2.9922652904642644
2026-10-05T15:28:51.798218+00:00,2,2,7,9,586,670,0.0,0.0,0.0,0.0,4,0.0,2.9922652904642644
2026-10-05T15:28:51.798218+00:00,2,5,7,9,586,670,0.0,0.0,0.0,0.0,4,0.0,2.9922652904642644
2026-10-05T15:28:51.798218+00:00,2,3,7,9,586,670,0.0,0.0,0.0,0.0,4,0.0,2.9922652904642644
2026-10-05T15:28:51.798218+00:00,3,4294967294,0,0,0,0,0.0,0.0,0.0,0.0,4,0.0,0.9974867752116062
2026-10-05T15:28:51.798218+00:00,3,1,139,140,13298,13368,9.974867752116062,10.972354527327669,0.007820296317658992,0.008378888911777493,4,0.0,0.9974867752116062
2026-10-05T15:28:51.798218+00:00,3,2,139,140,13298,13368,9.974867752116062,10.972354527327669,0.007820296317658992,0.008378888911777493,4,0.0,0.9974867752116062
2026-10-05T15:28:52.800136+00:00,1,4294967294,0,0,0,0,0.0,0.0,0.0,0.0,4,0.0,0.9976115194973675
2026-10-05T15:28:52.800136+00:00,1,4,79,79,7502,7474,4.988057597486837,4.988057597486837,0.003910637156429681,0.003910637156429681,4,0.0,0.9976115194973675
2026-10-05T15:28:52.800136+00:00,1,1,150,149,14348,14278,9.976115194973675,9.976115194973675,0.007821274312859361,0.007821274312859361,4,0.0,0.9976115194973675
2026-10-05T15:28:52.800136+00:00,1,6,8,9,656,670,0.9976115194973675,0.0,0.0005586624509185257,0.0,4,0.0,0.9976115194973675
2026-10-05T15:28:52.800136+00:00,1,5,8,10,656,740,0.9976115194973675,0.9976115194973675,0.0005586624509185257,0.0005586624509185257,4,0.0,0.9976115194973675
2026-10-05T15:28:52.800136+00:00,1,2,8,10,656,740,0.9976115194973675,0.0,0.0005586624509185257,0.0,4,0.0,0.9976115194973675
2026-10-05T15:28:52.800136+00:00,1,3,78,80,7432,7544,4.988057597486837,5.985669116984205,0.003910637156429681,0.004469299607348206,4,0.0,0.9976115194973675
2026-10-05T15:28:52.800136+00:00,2,4294967294,0,0,0,0,0.0,0.0,0.0,0.0,4,0.0,1.9956748835828264
2026-10-05T15:28:52.800136+00:00,2,1,150,150,14348,14348,9.978374417914132,10.976211859705545,0.007823045543644679,0.008381834511047872,4,0.0,1.9956748835828264
2026-10-05T15:28:52.800136+00:00,2,6,149,150,14278,14348,9.978374417914132,9.978374417914132,0.007823045543644679,0.007823045543644679,4,0.0,1.9956748835828264
2026-10-05T15:28:52.800136+00:00,2,4,7,9,586,670,0.0,0.0,0.0,0.0,4,0.0,1.9956748835828264
2026-10-05T15:28:52.800136+00:00,2,2,8,9,656,670,0.9978374417914132,0.0,0.0005587889674031914,0.0,4,0.0,1.9956748835828264
2026-10-05T15:28:52.800136+00:00,2,5,8,10,656,740,0.9978374417914132,0.9978374417914132,0.0005587889674031914,0.0005587889674031914,4,0.0,1.9956748835828264
2026-10-05T15:28:52.800136+00:00,2,3,8,10,656,740,0.9978374417914132,0.9978374417914132,0.0005587889674031914,0.0005587889674031914,4,0.0,1.9956748835828264
2026-10-05T15:28:52.800136+00:00,3,4294967294,0,0,0,0,0.0,0.0,0.0,0.0,4,0.0,0.9977265334278721
2026-10-05T15:28:52.800136+00:00,3,1,149,150,14278,14348,9.977265334278721,9.977265334278721,0.007822176022074518,0.007822176022074518,4,0.0,0.9977265334278721
2026-10-05T15:28:52.800136+00:00,3,2,150,150,14348,14348,10.974991867706594,9.977265334278721,0.008380902880794124,0.007822176022074518,4,0.0,0.9977265334278721
2026-10-05T15:28:53.801535+00:00,1,4294967294,0,0,0,0,0.0,0.0,0.0,0.0,4,0.0,0.0
2026-10-05T15:28:53.801535+00:00,1,4,84,84,7992,7964,5.001810350240698,5.001810350240698,0.003921419314588706,0.003921419314588706,4,0.0,0.0
2026-10-05T15:28:53.801535+00:00,1,1,160,160,15328,15328,10.003620700481395,11.003982770529534,0.007842838629177413,0.008403041388404371,4,0.0,0.0
2026-10-05T15:28:53.801535+00:00,1,6,8,10,656,740,0.0,1.0003620700481395,0.0,0.0005602027592269581,4,0.0,0.0
2026-10-05T15:28:53.801535+00:00,1,5,8,10,656,740,0.0,0.0,0.0,0.0,4,0.0,0.0
2026-10-05T15:28:53.801535+00:00,1,2,8,10,656,740,0.0,0.0,0.0,0.0,4,0.0,0.0
2026-10-05T15:28:53.801535+00:00,1,3,84,85,7992,8034,6.0021724202888365,5.001810350240698,0.004481622073815665,0.003921419314588706,4,0.0,0.0
2026-10-05T15:28:53.801535+00:00,2,4294967294,0,0,0,0,0.0,0.0,0.0,0.0,4,0.0,0.0
2026-10-05T15:28:53.801535+00:00,2,1,160,160,15328,15328,10.00921964234158,10.00921964234158,0.0078472281995958,0.0078472281995958,4,0.0,0.0
2026-10-05T15:28:53.801535+00:00,2,6,160,160,15328,15328,11.010141606575738,10.00921964234158,0.008407744499566926,0.0078472281995958,4,0.0,0.0
2026-10-05T15:28:53.801535+00:00,2,4,8,9,656,670,1.000921964234158,0.0,0.0005605162999711284,0.0,4,0.0,0.0
2026-10-05T15:28:53.801535+00:00,2,2,8,10,656,740,0.0,1.000921964234158,0.0,0.0005605162999711284,4,0.0,0.0
2026-10-05T15:28:53.801535+00:00,2,5,8,10,656,740,0.0,0.0,0.0,0.0,4,0.0,0.0
2026-10-05T15:28:53.801535+00:00,2,3,8,10,656,740,0.0,0.0,0.0,0.0,4,0.0,0.0
2026-10-05T15:28:53.801535+00:00,3,4294967294,0,0,0,0,0.0,0.0,0.0,0.0,4,0.0,0.0
2026-10-05T15:28:53.801535+00:00,3,1,160,160,15328,15328,11.011073903119613,10.010067184654192,0.008408456435109521,0.007847892672768886,4,0.0,0.0
2026-10-05T15:28:53.801535+00:00,3,2,160,160,15328,15328,10.010067184654192,10.010067184654192,0.007847892672768886,0.007847892672768886,4,0.0,0.0
2026-10-05T15:28:54.803858+00:00,1,4294967294,0,0,0,0,0.0,0.0,0.0,0.0,4,0.0,0.0
2026-10-05T15:28:54.803858+00:00,1,4,89,90,8482,8524,4.984713563345024,5.981656276014029,0.003908015433662499,0.004466303352757142,4,0.0,0.0
2026-10-05T15:28:54.803858+00:00,1,1,170,170,16308,16308,9.969427126690048,9.969427126690048,0.007816030867324998,0.007816030867324998,4,0.0,0.0
2026-10-05T15:28:54.803858+00:00,1,6,8,10,656,740,0.0,0.0,0.0,0.0,4,0.0,0.0
2026-10-05T15:28:54.803858+00:00,1,5,8,10,656,740,0.0,0.0,0.0,0.0,4,0.0,0.0
2026-10-05T15:28:54.803858+00:00,1,2,8,10,656,740,0.0,0.0,0.0,0.0,4,0.0,0.0
2026-10-05T15:28:54.803858+00:00,1,3,89,90,8482,8524,4.984713563345024,4.984713563345024,0.003908015433662499,0.003908015433662499,4,0.0,0.0
2026-10-05T15:28:54.803858+00:00,2,4294967294,0,0,0,0,0.0,0.0,0.0,0.0,4,0.0,0.0
2026-10-05T15:28:54.803858+00:00,2,1,170,170,16308,16308,9.963742528819196,9.963742528819196,0.00781157414259425,0.00781157414259425,4,0.0,0.0
2026-10-05T15:28:54.803858+00:00,2,6,170,170,16308,16308,9.963742528819196,9.963742528819196,0.00781157414259425,0.00781157414259425,4,0.0,0.0
2026-10-05T15:28:54.803858+00:00,2,4,8,10,656,740,0.0,0.9963742528819196,0.0,0.000557969581613875,4,0.0,0.0
2026-10-05T15:28:54.803858+00:00,2,2,8,10,656,740,0.0,0.0,0.0,0.0,4,0.0,0.0
2026-10-05T15:28:54.803858+00:00,2,5,8,10,656,740,0.0,0.0,0.0,0.0,4,0.0,0.0
2026-10-05T15:28:54.803858+00:00,2,3,8,10,656,740,0.0,0.0,0.0,0.0,4,0.0,0.0
2026-10-05T15:28:54.803858+00:00,3,4294967294,0,0,0,0,0.0,0.0,0.0,0.0,4,0.0,0.0
2026-10-05T15:28:54.803858+00:00,3,1,170,170,16308,16308,9.96398322966547,9.96398322966547,0.007811762852057728,0.007811762852057728,4,0.0,0.0
2026-10-05T15:28:54.803858+00:00,3,2,170,170,16308,16308,9.96398322966547,9.96398322966547,0.007811762852057728,0.007811762852057728,4,0.0,0.0
2026-10-05T15:28:55.805703+00:00,1,4294967294,0,0,0,0,0.0,0.0,0.0,0.0,4,0.0,0.0
2026-10-05T15:28:55.805703+00:00,1,4,94,95,8972,9014,4.991329516575764,4.991329516575764,0.003913202340995399,0.003913202340995399,4,0.0,0.0
2026-10-05T15:28:55.805703+00:00,1,1,180,180,17288,17288,9.982659033151528,9.982659033151528,0.007826404681990798,0.007826404681990798,4,0.0,0.0
2026-10-05T15:28:55.805703+00:00,1,6,8,10,656,740,0.0,0.0,0.0,0.0,4,0.0,0.0
2026-10-05T15:28:55.805703+00:00,1,5,8,10,656,740,0.0,0.0,0.0,0.0,4,0.0,0.0
2026-10-05T15:28:55.805703+00:00,1,2,8,10,656,740,0.0,0.0,0.0,0.0,4,0.0,0.0
2026-10-05T15:28:55.805703+00:00,1,3,94,95,8972,9014,4.991329516575764,4.991329516575764,0.003913202340995399,0.003913202340995399,4,0.0,0.0
2026-10-05T15:28:55.805703+00:00,2,4294967294,0,0,0,0,0.0,0.0,0.0,0.0,4,0.0,0.0
2026-10-05T15:28:55.805703+00:00,2,1,180,180,17288,17288,9.97602252013649,9.97602252013649,0.00782120165578701,0.00782120165578701,4,0.0,0.0
2026-10-05T15:28:55.805703+00:00,2,6,180,180,17288,17288,9.97602252013649,9.97602252013649,0.00782120165578701,0.00782120165578701,4,0.0,0.0
2026-10-05T15:28:55.805703+00:00,2,4,8,10,656,740,0.0,0.0,0.0,0.0,4,0.0,0.0
2026-10-05T15:28:55.805703+00:00,2,2,8,10,656,740,0.0,0.0,0.0,0.0,4,0.0,0.0
2026-10-05T15:28:55.805703+00:00,2,5,8,10,656,740,0.0,0.0,0.0,0.0,4,0.0,0.0
2026-10-05T15:28:55.805703+00:00,2,3,8,10,656,740,0.0,0.0,0.0,0.0,4,0.0,0.0
2026-10-05T15:28:55.805703+00:00,3,4294967294,0,0,0,0,0.0,0.0,0.0,0.0,4,0.0,0.0
2026-10-05T15:28:55.805703+00:00,3,1,180,180,17288,17288,9.974892019726267,9.974892019726267,0.007820315343465395,0.007820315343465395,4,0.0,0.0
2026-10-05T15:28:55.805703+00:00,3,2,180,180,17288,17288,9.974892019726267,9.974892019726267,0.007820315343465395,0.007820315343465395,4,0.0,0.0
2026-10-05T15:28:56.806921+00:00,1,4294967294,0,0,0,0,0.0,0.0,0.0,0.0,4,0.0,0.0
2026-10-05T15:28:56.806921+00:00,1,4,99,100,9462,9504,4.991091824454093,4.991091824454093,0.003913015990372009,0.003913015990372009,4,0.0,0.0
2026-10-05T15:28:56.806921+00:00,1,1,190,190,18268,18268,9.982183648908187,9.982183648908187,0.007826031980744018,0.007826031980744018,4,0.0,0.0
2026-10-05T15:28:56.806921+00:00,1,6,8,10,656,740,0.0,0.0,0.0,0.0,4,0.0,0.0
2026-10-05T15:28:56.806921+00:00,1,5,8,10,656,740,0.0,0.0,0.0,0.0,4,0.0,0.0
2026-10-05T15:28:56.806921+00:00,1,2,8,10,656,740,0.0,0.0,0.0,0.0,4,0.0,0.0
2026-10-05T15:28:56.806921+00:00,1,3,99,100,9462,9504,4.991091824454093,4.991091824454093,0.003913015990372009,0.003913015990372009,4,0.0,0.0
2026-10-05T15:28:56.806921+00:00,2,4294967294,0,0,0,0,0.0,0.0,0.0,0.0,4,0.0,0.0
2026-10-05T15:28:56.806921+00:00,2,1,190,190,18268,18268,9.992558980987576,9.992558980987576,0.00783416624109426,0.00783416624109426,4,0.0,0.0
2026-10-05T15:28:56.806921+00:00,2,6,190,190,18268,18268,9.992558980987576,9.992558980987576,0.00783416624109426,0.00783416624109426,4,0.0,0.0
2026-10-05T15:28:56.806921+00:00,2,4,8,10,656,740,0.0,0.0,0.0,0.0,4,0.0,0.0
2026-10-05T15:28:56.806921+00:00,2,2,8,10,656,740,0.0,0.0,0.0,0.0,4,0.0,0.0
2026-10-05T15:28:56.806921+00:00,2,5,8,10,656,740,0.0,0.0,0.0,0.0,4,0.0,0.0
2026-10-05T15:28:56.806921+00:00,2,3,8,10,656,740,0.0,0.0,0.0,0.0,4,0.0,0.0
2026-10-05T15:28:56.806921+00:00,3,4294967294,0,0,0,0,0.0,0.0,0.0,0.0,4,0.0,0.0
2026-10-05T15:28:56.806921+00:00,3,1,190,190,18268,18268,9.99271754729533,9.99271754729533,0.007834290557079538,0.007834290557079538,4,0.0,0.0
2026-10-05T15:28:56.806921+00:00,3,2,190,190,18268,18268,9.99271754729533,9.99271754729533,0.007834290557079538,0.007834290557079538,4,0.0,0.0
2026-10-05T15:28:57.808514+00:00,1,4294967294,0,0,0,0,0.0,0.0,0.0,0.0,4,0.0,0.0
2026-10-05T15:28:57.808514+00:00,1,4,104,105,9952,9994,4.992758567875723,4.992758567875723,0.003914322717214567,0.003914322717214567,4,0.0,0.0
2026-10-05T15:28:57.808514+00:00,1,1,200,200,19248,19248,9.985517135751445,9.985517135751445,0.007828645434429134,0.007828645434429134,4,0.0,0.0
2026-10-05T15:28:57.808514+00:00,1,6,8,10,656,740,0.0,0.0,0.0,0.0,4,0.0,0.0
2026-10-05T15:28:57.808514+00:00,1,5,8,10,656,740,0.0,0.0,0.0,0.0,4,0.0,0.0
2026-10-05T15:28:57.808514+00:00,1,2,8,10,656,740,0.0,0.0,0.0,0.0,4,0.0,0.0
2026-10-05T15:28:57.808514+00:00,1,3,104,105,9952,9994,4.992758567875723,4.992758567875723,0.003914322717214567,0.003914322717214567,4,0.0,0.0
2026-10-05T15:28:57.808514+00:00,2,4294967294,0,0,0,0,0.0,0.0,0.0,0.0,4,0.0,0.0
2026-10-05T15:28:57.808514+00:00,2,1,200,200,19248,19248,9.978556182558087,9.978556182558087,0.00782318804712554,0.00782318804712554,4,0.0,0.0
2026-10-05T15:28:57.808514+00:00,2,6,200,200,19248,19248,9.978556182558087,9.978556182558087,0.00782318804712554,0.00782318804712554,4,0.0,0.0
2026-10-05T15:28:57.808514+00:00,2,4,8,10,656,740,0.0,0.0,0.0,0.0,4,0.0,0.0
2026-10-05T15:28:57.808514+00:00,2,2,8,10,656,740,0.0,0.0,0.0,0.0,4,0.0,0.0
2026-10-05T15:28:57.808514+00:00,2,5,8,10,656,740,0.0,0.0,0.0,0.0,4,0.0,0.0
2026-10-05T15:28:57.808514+00:00,2,3,8,10,656,740,0.0,0.0,0.0,0.0,4,0.0,0.0
2026-10-05T15:28:57.808514+00:00,3,4294967294,0,0,0,0,0.0,0.0,0.0,0.0,4,0.0,0.0
2026-10-05T15:28:57.808514+00:00,3,1,200,200,19248,19248,9.981144530034708,9.981144530034708,0.007825217311547212,0.007825217311547212,4,0.0,0.0
2026-10-05T15:28:57.808514+00:00,3,2,200,200,19248,19248,9.981144530034708,9.981144530034708,0.007825217311547212,0.007825217311547212,4,0.0,0.0
2026-10-05T15:28:58.810831+00:00,1,4294967294,0,0,0,0,0.0,0.0,0.0,0.0,4,0.0,0.0
2026-10-05T15:28:58.810831+00:00,1,4,109,110,10442,10484,4.988053940028622,4.988053940028622,0.003910634288982439,0.003910634288982439,4,0.0,0.0
2026-10-05T15:28:58.810831+00:00,1,1,210,210,20228,20228,9.976107880057244,9.976107880057244,0.007821268577964878,0.007821268577964878,4,0.0,0.0
2026-10-05T15:28:58.810831+00:00,1,6,8,10,656,740,0.0,0.0,0.0,0.0,4,0.0,0.0
2026-10-05T15:28:58.810831+00:00,1,5,8,10,656,740,0.0,0.0,0.0,0.0,4,0.0,0.0
2026-10-05T15:28:58.810831+00:00,1,2,8,10,656,740,0.0,0.0,0.0,0.0,4,0.0,0.0
2026-10-05T15:28:58.810831+00:00,1,3,109,110,10442,10484,4.988053940028622,4.988053940028622,0.003910634288982439,0.003910634288982439,4,0.0,0.0
2026-10-05T15:28:58.810831+00:00,2,4294967294,0,0,0,0,0.0,0.0,0.0,0.0,4,0.0,0.0
2026-10-05T15:28:58.810831+00:00,2,1,210,210,20228,20228,9.97720411397751,9.97720411397751,0.00782212802535837,0.00782212802535837,4,0.0,0.0
2026-10-05T15:28:58.810831+00:00,2,6,210,210,20228,20228,9.97720411397751,9.97720411397751,0.00782212802535837,0.00782212802535837,4,0.0,0.0
2026-10-05T15:28:58.810831+00:00,2,4,8,10,656,740,0.0,0.0,0.0,0.0,4,0.0,0.0
2026-10-05T15:28:58.810831+00:00,2,2,8,10,656,740,0.0,0.0,0.0,0.0,4,0.0,0.0
2026-10-05T15:28:58.810831+00:00,2,5,8,10,656,740,0.0,0.0,0.0,0.0,4,0.0,0.0
2026-10-05T15:28:58.810831+00:00,2,3,8,10,656,740,0.0,0.0,0.0,0.0,4,0.0,0.0
2026-10-05T15:28:58.810831+00:00,3,4294967294,0,0,0,0,0.0,0.0,0.0,0.0,4,0.0,0.0
2026-10-05T15:28:58.810831+00:00,3,1,210,210,20228,20228,9.97442772178961,9.97442772178961,0.007819951333883053,0.007819951333883053,4,0.0,0.0
2026-10-05T15:28:58.810831+00:00,3,2,210,210,20228,20228,9.97442772178961,9.97442772178961,0.007819951333883053,0.007819951333883053,4,0.0,0.0
2026-10-05T15:28:59.812740+00:00,1,4294967294,0,0,0,0,0.0,0.0,0.0,0.0,4,0.0,0.0
2026-10-05T15:28:59.812740+00:00,1,4,113,114,10834,10876,3.9898271894816046,3.9898271894816046,0.003128024516553578,0.003128024516553578,4,0.0,0.0
2026-10-05T15:28:59.812740+00:00,1,1,219,219,21110,21110,8.977111176333612,8.977111176333612,0.007038055162245551,0.007038055162245551,4,0.0,0.0
2026-10-05T15:28:59.812740+00:00,1,6,8,10,656,740,0.0,0.0,0.0,0.0,4,0.0,0.0
2026-10-05T15:28:59.812740+00:00,1,5,8,10,656,740,0.0,0.0,0.0,0.0,4,0.0,0.0
2026-10-05T15:28:59.812740+00:00,1,2,8,10,656,740,0.0,0.0,0.0,0.0,4,0.0,0.0
2026-10-05T15:28:59.812740+00:00,1,3,114,115,10932,10974,4.987283986852006,4.987283986852006,0.003910030645691972,0.003910030645691972,4,0.0,0.0
2026-10-05T15:28:59.812740+00:00,2,4294967294,0,0,0,0,0.0,0.0,0.0,0.0,4,0.0,0.0
2026-10-05T15:28:59.812740+00:00,2,1,219,219,21110,21110,8.9725962554294,8.9725962554294,0.007034515464256649,0.007034515464256649,4,0.0,0.0
2026-10-05T15:28:59.812740+00:00,2,6,219,219,21110,21110,8.9725962554294,8.9725962554294,0.007034515464256649,0.007034515464256649,4,0.0,0.0
2026-10-05T15:28:59.812740+00:00,2,4,8,10,656,740,0.0,0.0,0.0,0.0,4,0.0,0.0
2026-10-05T15:28:59.812740+00:00,2,2,8,10,656,740,0.0,0.0,0.0,0.0,4,0.0,0.0
2026-10-05T15:28:59.812740+00:00,2,5,8,10,656,740,0.0,0.0,0.0,0.0,4,0.0,0.0
2026-10-05T15:28:59.812740+00:00,2,3,8,10,656,740,0.0,0.0,0.0,0.0,4,0.0,0.0
2026-10-05T15:28:59.812740+00:00,3,4294967294,0,0,0,0,0.0,0.0,0.0,0.0,4,0.0,0.0
2026-10-05T15:28:59.812740+00:00,3,1,219,219,21110,21110,8.971766416304105,8.971766416304105,0.007033864870382417,0.007033864870382417,4,0.0,0.0
2026-10-05T15:28:59.812740+00:00,3,2,219,219,21110,21110,8.971766416304105,8.971766416304105,0.007033864870382417,0.007033864870382417,4,0.0,0.0
2026-10-05T15:29:00.814642+00:00,1,4294967294,0,0,0,0,0.0,0.0,0.0,0.0,4,0.0,0.0
2026-10-05T15:29:00.814642+00:00,1,4,118,119,11324,11366,4.997962605522329,4.997962605522329,0.003918402682729506,0.003918402682729506,4,0.0,0.0
2026-10-05T15:29:00.814642+00:00,1,1,229,229,22090,22090,9.995925211044659,9.995925211044659,0.007836805365459013,0.007836805365459013,4,0.0,0.0
2026-10-05T15:29:00.814642+00:00,1,6,8,10,656,740,0.0,0.0,0.0,0.0,4,0.0,0.0
2026-10-05T15:29:00.814642+00:00,1,5,8,10,656,740,0.0,0.0,0.0,0.0,4,0.0,0.0
2026-10-05T15:29:00.814642+00:00,1,2,8,10,656,740,0.0,0.0,0.0,0.0,4,0.0,0.0
2026-10-05T15:29:00.814642+00:00,1,3,119,120,11422,11464,4.997962605522329,4.997962605522329,0.003918402682729506,0.003918402682729506,4,0.0,0.0
2026-10-05T15:29:00.814642+00:00,2,4294967294,0,0,0,0,0.0,0.0,0.0,0.0,4,0.0,0.0
2026-10-05T15:29:00.814642+00:00,2,1,229,229,22090,22090,10.003819558321897,10.003819558321897,0.007842994533724367,0.007842994533724367,4,0.0,0.0
2026-10-05T15:29:00.814642+00:00,2,6,229,229,22090,22090,10.003819558321897,10.003819558321897,0.007842994533724367,0.007842994533724367,4,0.0,0.0
2026-10-05T15:29:00.814642+00:00,2,4,8,10,656,740,0.0,0.0,0.0,0.0,4,0.0,0.0
2026-10-05T15:29:00.814642+00:00,2,2,8,10,656,740,0.0,0.0,0.0,0.0,4,0.0,0.0
2026-10-05T15:29:00.814642+00:00,2,5,8,10,656,740,0.0,0.0,0.0,0.0,4,0.0,0.0
2026-10-05T15:29:00.814642+00:00,2,3,8,10,656,740,0.0,0.0,0.0,0.0,4,0.0,0.0
2026-10-05T15:29:00.814642+00:00,3,4294967294,0,0,0,0,0.0,0.0,0.0,0.0,4,0.0,0.0
2026-10-05T15:29:00.814642+00:00,3,1,229,229,22090,22090,10.004785208731857,10.004785208731857,0.007843751603645775,0.007843751603645775,4,0.0,0.0
2026-10-05T15:29:00.814642+00:00,3,2,229,229,22090,22090,10.004785208731857,10.004785208731857,0.007843751603645775,0.007843751603645775,4,0.0,0.0
2026-10-05T15:29:01.815990+00:00,1,4294967294,0,0,0,0,0.0,0.0,0.0,0.0,4,0.0,0.0
2026-10-05T15:29:01.815990+00:00,1,4,123,124,11814,11856,4.988802866437732,4.988802866437732,0.003911221447287182,0.003911221447287182,4,0.0,0.0
2026-10-05T15:29:01.815990+00:00,1,1,238,238,22972,22972,8.979845159587917,8.979845159587917,0.007040198605116927,0.007040198605116927,4,0.0,0.0
2026-10-05T15:29:01.815990+00:00,1,6,8,10,656,740,0.0,0.0,0.0,0.0,4,0.0,0.0
2026-10-05T15:29:01.815990+00:00,1,5,8,10,656,740,0.0,0.0,0.0,0.0,4,0.0,0.0
2026-10-05T15:29:01.815990+00:00,1,2,8,10,656,740,0.0,0.0,0.0,0.0,4,0.0,0.0
2026-10-05T15:29:01.815990+00:00,1,3,123,124,11814,11856,3.991042293150185,3.991042293150185,0.0031289771578297456,0.0031289771578297456,4,0.0,0.0
2026-10-05T15:29:01.815990+00:00,2,4294967294,0,0,0,0,0.0,0.0,0.0,0.0,4,0.0,0.0
2026-10-05T15:29:01.815990+00:00,2,1,238,238,22972,22972,8.980340472129104,8.980340472129104,0.007040586930149218,0.007040586930149218,4,0.0,0.0
2026-10-05T15:29:01.815990+00:00,2,6,238,238,22972,22972,8.980340472129104,8.980340472129104,0.007040586930149218,0.007040586930149218,4,0.0,0.0
2026-10-05T15:29:01.815990+00:00,2,4,8,10,656,740,0.0,0.0,0.0,0.0,4,0.0,0.0
2026-10-05T15:29:01.815990+00:00,2,2,8,10,656,740,0.0,0.0,0.0,0.0,4,0.0,0.0
2026-10-05T15:29:01.815990+00:00,2,5,8,10,656,740,0.0,0.0,0.0,0.0,4,0.0,0.0
2026-10-05T15:29:01.815990+00:00,2,3,8,10,656,740,0.0,0.0,0.0,0.0,4,0.0,0.0
2026-10-05T15:29:01.815990+00:00,3,4294967294,0,0,0,0,0.0,0.0,0.0,0.0,4,0.0,0.0
2026-10-05T15:29:01.815990+00:00,3,1,238,238,22972,22972,8.980403645668964,8.980403645668964,0.007040636458204469,0.007040636458204469,4,0.0,0.0
2026-10-05T15:29:01.815990+00:00,3,2,238,238,22972,22972,8.980403645668964,8.980403645668964,0.007040636458204469,0.007040636458204469,4,0.0,0.0
2026-10-05T15:29:02.817710+00:00,1,4294967294,0,0,0,0,0.0,0.0,0.0,0.0,4,0.0,0.0
2026-10-05T15:29:02.817710+00:00,1,4,128,129,12304,12346,4.9950910642810245,4.9950910642810245,0.003916151394396323,0.003916151394396323,4,0.0,0.0
2026-10-05T15:29:02.817710+00:00,1,1,248,248,23952,23952,9.990182128562049,9.990182128562049,0.007832302788792647,0.007832302788792647,4,0.0,0.0
2026-10-05T15:29:02.817710+00:00,1,6,8,10,656,740,0.0,0.0,0.0,0.0,4,0.0,0.0
2026-10-05T15:29:02.817710+00:00,1,5,8,10,656,740,0.0,0.0,0.0,0.0,4,0.0,0.0
2026-10-05T15:29:02.817710+00:00,1,2,8,10,656,740,0.0,0.0,0.0,0.0,4,0.0,0.0
2026-10-05T15:29:02.817710+00:00,1,3,128,129,12304,12346,4.9950910642810245,4.9950910642810245,0.003916151394396323,0.003916151394396323,4,0.0,0.0
2026-10-05T15:29:02.817710+00:00,2,4294967294,0,0,0,0,0.0,0.0,0.0,0.0,4,0.0,0.0
2026-10-05T15:29:02.817710+00:00,2,1,248,248,23952,23952,9.994996504757578,9.994996504757578,0.007836077259729943,0.007836077259729943,4,0.0,0.0
2026-10-05T15:29:02.817710+00:00,2,6,248,248,23952,23952,9.994996504757578,9.994996504757578,0.007836077259729943,0.007836077259729943,4,0.0,0.0
2026-10-05T15:29:02.817710+00:00,2,4,8,10,656,740,0.0,0.0,0.0,0.0,4,0.0,0.0
2026-10-05T15:29:02.817710+00:00,2,2,8,10,656,740,0.0,0.0,0.0,0.0,4,0.0,0.0
2026-10-05T15:29:02.817710+00:00,2,5,8,10,656,740,0.0,0.0,0.0,0.0,4,0.0,0.0
2026-10-05T15:29:02.817710+00:00,2,3,8,10,656,740,0.0,0.0,0.0,0.0,4,0.0,0.0
2026-10-05T15:29:02.817710+00:00,3,4294967294,0,0,0,0,0.0,0.0,0.0,0.0,4,0.0,0.0
2026-10-05T15:29:02.817710+00:00,3,1,248,248,23952,23952,9.995275403261578,9.995275403261578,0.007836295916157077,0.007836295916157077,4,0.0,0.0
2026-10-05T15:29:02.817710+00:00,3,2,248,248,23952,23952,9.995275403261578,9.995275403261578,0.007836295916157077,0.007836295916157077,4,0.0,0.0
2026-10-05T15:29:03.819325+00:00,1,4294967294,0,0,0,0,0.0,0.0,0.0,0.0,4,0.0,0.0
2026-10-05T15:29:03.819325+00:00,1,4,133,134,12794,12836,4.98771847146502,4.98771847146502,0.003910371281628576,0.003910371281628576,4,0.0,0.0
2026-10-05T15:29:03.819325+00:00,1,1,258,258,24932,24932,9.97543694293004,9.97543694293004,0.007820742563257151,0.007820742563257151,4,0.0,0.0
2026-10-05T15:29:03.819325+00:00,1,6,8,10,656,740,0.0,0.0,0.0,0.0,4,0.0,0.0
2026-10-05T15:29:03.819325+00:00,1,5,8,10,656,740,0.0,0.0,0.0,0.0,4,0.0,0.0
2026-10-05T15:29:03.819325+00:00,1,2,8,10,656,740,0.0,0.0,0.0,0.0,4,0.0,0.0
2026-10-05T15:29:03.819325+00:00,1,3,133,134,12794,12836,4.98771847146502,4.98771847146502,0.003910371281628576,0.003910371281628576,4,0.0,0.0
2026-10-05T15:29:03.819325+00:00,2,4294967294,0,0,0,0,0.0,0.0,0.0,0.0,4,0.0,0.0
2026-10-05T15:29:03.819325+00:00,2,1,258,258,24932,24932,9.966068089483247,9.966068089483247,0.007813397382154866,0.007813397382154866,4,0.0,0.0
2026-10-05T15:29:03.819325+00:00,2,6,258,258,24932,24932,9.966068089483247,9.966068089483247,0.007813397382154866,0.007813397382154866,4,0.0,0.0
2026-10-05T15:29:03.819325+00:00,2,4,8,10,656,740,0.0,0.0,0.0,0.0,4,0.0,0.0
2026-10-05T15:29:03.819325+00:00,2,2,8,10,656,740,0.0,0.0,0.0,0.0,4,0.0,0.0
2026-10-05T15:29:03.819325+00:00,2,5,8,10,656,740,0.0,0.0,0.0,0.0,4,0.0,0.0
2026-10-05T15:29:03.819325+00:00,2,3,8,10,656,740,0.0,0.0,0.0,0.0,4,0.0,0.0
2026-10-05T15:29:03.819325+00:00,3,4294967294,0,0,0,0,0.0,0.0,0.0,0.0,4,0.0,0.0
2026-10-05T15:29:03.819325+00:00,3,1,258,258,24932,24932,9.96535420046113,9.96535420046113,0.007812837693161526,0.007812837693161526,4,0.0,0.0
2026-10-05T15:29:03.819325+00:00,3,2,258,258,24932,24932,9.96535420046113,9.96535420046113,0.007812837693161526,0.007812837693161526,4,0.0,0.0
2026-10-05T15:29:04.820398+00:00,1,4294967294,0,0,0,0,0.0,0.0,0.0,0.0,4,0.0,0.9997499575365656
2026-10-05T15:29:04.820398+00:00,1,4,138,139,13284,13326,4.998749787682828,4.998749787682828,0.003919019833543338,0.003919019833543338,4,0.0,0.9997499575365656
2026-10-05T15:29:04.820398+00:00,1,1,268,268,25912,25912,9.997499575365657,9.997499575365657,0.007838039667086676,0.007838039667086676,4,0.0,0.9997499575365656
2026-10-05T15:29:04.820398+00:00,1,6,8,10,656,740,0.0,0.0,0.0,0.0,4,0.0,0.9997499575365656
2026-10-05T15:29:04.820398+00:00,1,5,8,10,656,740,0.0,0.0,0.0,0.0,4,0.0,0.9997499575365656
2026-10-05T15:29:04.820398+00:00,1,2,8,10,656,740,0.0,0.0,0.0,0.0,4,0.0,0.9997499575365656
2026-10-05T15:29:04.820398+00:00,1,3,138,139,13284,13326,4.998749787682828,4.998749787682828,0.003919019833543338,0.003919019833543338,4,0.0,0.9997499575365656
2026-10-05T15:29:04.820398+00:00,2,4294967294,0,0,0,0,0.0,0.0,0.0,0.0,4,0.0,0.0
2026-10-05T15:29:04.820398+00:00,2,1,268,268,25912,25912,10.005338518450927,10.005338518450927,0.007844185398465526,0.007844185398465526,4,0.0,0.0
2026-10-05T15:29:04.820398+00:00,2,6,268,268,25912,25912,10.005338518450927,10.005338518450927,0.007844185398465526,0.007844185398465526,4,0.0,0.0
2026-10-05T15:29:04.820398+00:00,2,4,8,10,656,740,0.0,0.0,0.0,0.0,4,0.0,0.0
2026-10-05T15:29:04.820398+00:00,2,2,8,10,656,740,0.0,0.0,0.0,0.0,4,0.0,0.0
2026-10-05T15:29:04.820398+00:00,2,5,8,10,656,740,0.0,0.0,0.0,0.0,4,0.0,0.0
2026-10-05T15:29:04.820398+00:00,2,3,8,10,656,740,0.0,0.0,0.0,0.0,4,0.0,0.0
2026-10-05T15:29:04.820398+00:00,3,4294967294,0,0,0,0,0.0,0.0,0.0,0.0,4,0.0,0.0
2026-10-05T15:29:04.820398+00:00,3,1,268,268,25912,25912,10.005997745116883,10.005997745116883,0.007844702232171635,0.007844702232171635,4,0.0,0.0
2026-10-05T15:29:04.820398+00:00,3,2,268,268,25912,25912,10.005997745116883,10.005997745116883,0.007844702232171635,0.007844702232171635,4,0.0,0.0
2026-10-05T15:29:05.821794+00:00,1,4294967294,0,0,0,0,0.0,0.0,0.0,0.0,4,0.0,0.9980838905247623
2026-10-05T15:29:05.821794+00:00,1,4,144,144,13844,13816,5.988503343148574,4.9904194526238115,0.004471415829550935,0.003912488850857068,4,0.0,0.9980838905247623
2026-10-05T15:29:05.821794+00:00,1,1,278,278,26892,26892,9.980838905247623,9.980838905247623,0.007824977701714137,0.007824977701714137,4,0.0,0.9980838905247623
2026-10-05T15:29:05.821794+00:00,1,6,8,10,656,740,0.0,0.0,0.0,0.0,4,0.0,0.9980838905247623
2026-10-05T15:29:05.821794+00:00,1,5,8,10,656,740,0.0,0.0,0.0,0.0,4,0.0,0.9980838905247623
2026-10-05T15:29:05.821794+00:00,1,2,8,10,656,740,0.0,0.0,0.0,0.0,4,0.0,0.9980838905247623
2026-10-05T15:29:05.821794+00:00,1,3,143,144,13774,13816,4.9904194526238115,4.9904194526238115,0.003912488850857068,0.003912488850857068,4,0.0,0.9980838905247623
2026-10-05T15:29:05.821794+00:00,2,4294967294,0,0,0,0,0.0,0.0,0.0,0.0,4,0.0,1.9962576317886522
2026-10-05T15:29:05.821794+00:00,2,1,278,278,26892,26892,9.981288158943261,9.981288158943261,0.007825329916611517,0.007825329916611517,4,0.0,1.9962576317886522
2026-10-05T15:29:05.821794+00:00,2,6,278,279,26892,26962,9.981288158943261,10.979416974837587,0.007825329916611517,0.008384282053512339,4,0.0,1.9962576317886522
2026-10-05T15:29:05.821794+00:00,2,4,8,10,656,740,0.0,0.0,0.0,0.0,4,0.0,1.9962576317886522
2026-10-05T15:29:05.821794+00:00,2,2,8,10,656,740,0.0,0.0,0.0,0.0,4,0.0,1.9962576317886522
2026-10-05T15:29:05.821794+00:00,2,5,8,10,656,740,0.0,0.0,0.0,0.0,4,0.0,1.9962576317886522
2026-10-05T15:29:05.821794+00:00,2,3,8,10,656,740,0.0,0.0,0.0,0.0,4,0.0,1.9962576317886522
2026-10-05T15:29:05.821794+00:00,3,4294967294,0,0,0,0,0.0,0.0,0.0,0.0,4,0.0,0.0
2026-10-05T15:29:05.821794+00:00,3,1,278,278,26892,26892,9.981928427306206,9.981928427306206,0.007825831887008066,0.007825831887008066,4,0.0,0.0
2026-10-05T15:29:05.821794+00:00,3,2,278,278,26892,26892,9.981928427306206,9.981928427306206,0.007825831887008066,0.007825831887008066,4,0.0,0.0
2026-10-05T15:29:06.823560+00:00,1,4294967294,0,0,0,0,0.0,0.0,0.0,0.0,4,0.0,0.9985607564079888
2026-10-05T15:29:06.823560+00:00,1,4,149,149,14334,14306,4.992803782039943,4.992803782039943,0.0039143581651193155,0.0039143581651193155,4,0.0,0.9985607564079888
2026-10-05T15:29:06.823560+00:00,1,1,288,288,27872,27872,9.985607564079887,9.985607564079887,0.007828716330238631,0.007828716330238631,4,0.0,0.9985607564079888
2026-10-05T15:29:06.823560+00:00,1,6,9,10,726,740,0.9985607564079888,0.0,0.0005591940235884737,0.0,4,0.0,0.9985607564079888
2026-10-05T15:29:06.823560+00:00,1,5,8,10,656,740,0.0,0.0,0.0,0.0,4,0.0,0.9985607564079888
2026-10-05T15:29:06.823560+00:00,1,2,8,10,656,740,0.0,0.0,0.0,0.0,4,0.0,0.9985607564079888
2026-10-05T15:29:06.823560+00:00,1,3,148,149,14264,14306,4.992803782039943,4.992803782039943,0.0039143581651193155,0.0039143581651193155,4,0.0,0.9985607564079888
2026-10-05T15:29:06.823560+00:00,2,4294967294,0,0,0,0,0.0,0.0,0.0,0.0,4,0.0,0.0
2026-10-05T15:29:06.823560+00:00,2,1,289,288,27942,27872,10.978785297900346,9.980713907182134,0.008383799682032992,0.007824879703230793,4,0.0,0.0
2026-10-05T15:29:06.823560+00:00,2,6,288,289,27872,27942,9.980713907182134,9.980713907182134,0.007824879703230793,0.007824879703230793,4,0.0,0.0
2026-10-05T15:29:06.823560+00:00,2,4,8,10,656,740,0.0,0.0,0.0,0.0,4,0.0,0.0
2026-10-05T15:29:06.823560+00:00,2,2,8,10,656,740,0.0,0.0,0.0,0.0,4,0.0,0.0
2026-10-05T15:29:06.823560+00:00,2,5,9,10,726,740,0.9980713907182133,0.0,0.0005589199788021995,0.0,4,0.0,0.0
2026-10-05T15:29:06.823560+00:00,2,3,8,10,656,740,0.0,0.0,0.0,0.0,4,0.0,0.0
2026-10-05T15:29:06.823560+00:00,3,4294967294,0,0,0,0,0.0,0.0,0.0,0.0,4,0.0,0.0
2026-10-05T15:29:06.823560+00:00,3,1,288,288,27872,27872,9.979886745838007,9.979886745838007,0.007824231208736997,0.007824231208736997,4,0.0,0.0
2026-10-05T15:29:06.823560+00:00,3,2,288,289,27872,27942,9.979886745838007,10.977875420421809,0.007824231208736997,0.008383104866503925,4,0.0,0.0
2026-10-05T15:29:07.825382+00:00,1,4294967294,0,0,0,0,0.0,0.0,0.0,0.0,4,0.0,20.9781414059762
2026-10-05T15:29:07.825382+00:00,1,4,154,154,14824,14796,4.994795572851476,4.994795572851476,0.003915919729115557,0.003915919729115557,4,0.0,20.9781414059762
2026-10-05T15:29:07.825382+00:00,1,1,298,298,28852,28852,9.989591145702953,9.989591145702953,0.007831839458231115,0.007831839458231115,4,0.0,20.9781414059762
2026-10-05T15:29:07.825382+00:00,1,6,9,10,726,740,0.0,0.0,0.0,0.0,4,0.0,20.9781414059762
2026-10-05T15:29:07.825382+00:00,1,5,8,10,656,740,0.0,0.0,0.0,0.0,4,0.0,20.9781414059762
2026-10-05T15:29:07.825382+00:00,1,2,9,11,726,810,0.9989591145702953,0.9989591145702953,0.0005594171041593653,0.0005594171041593653,4,0.0,20.9781414059762
2026-10-05T15:29:07.825382+00:00,1,3,153,155,14754,14866,4.994795572851476,5.993754687421772,0.003915919729115557,0.004475336833274922,4,0.0,20.9781414059762
2026-10-05T15:29:07.825382+00:00,2,4294967294,0,0,0,0,0.0,0.0,0.0,0.0,4,0.0,24.99130440062048
2026-10-05T15:29:07.825382+00:00,2,1,299,298,28922,28852,9.996521760248191,9.996521760248191,0.007837273060034582,0.007837273060034582,4,0.0,24.99130440062048
2026-10-05T15:29:07.825382+00:00,2,6,298,299,28852,28922,9.996521760248191,9.996521760248191,0.007837273060034582,0.007837273060034582,4,0.0,24.99130440062048
2026-10-05T15:29:07.825382+00:00,2,4,8,10,656,740,0.0,0.0,0.0,0.0,4,0.0,24.99130440062048
2026-10-05T15:29:07.825382+00:00,2,2,8,10,656,740,0.0,0.0,0.0,0.0,4,0.0,24.99130440062048
2026-10-05T15:29:07.825382+00:00,2,5,9,10,726,740,0.0,0.0,0.0,0.0,4,0.0,24.99130440062048
2026-10-05T15:29:07.825382+00:00,2,3,8,10,656,740,0.0,0.0,0.0,0.0,4,0.0,24.99130440062048
2026-10-05T15:29:07.825382+00:00,3,4294967294,0,0,0,0,0.0,0.0,0.0,0.0,4,0.0,32.98930955029796
2026-10-05T15:29:07.825382+00:00,3,1,298,298,28852,28852,9.996760469787262,9.996760469787262,0.007837460208313211,0.007837460208313211,4,0.0,32.98930955029796
2026-10-05T15:29:07.825382+00:00,3,2,298,299,28852,28922,9.996760469787262,9.996760469787262,0.007837460208313211,0.007837460208313211,4,0.0,32.98930955029796
2026-10-05T15:29:08.826788+00:00,1,4294967294,0,0,0,0,0.0,0.0,0.0,0.0,6,1.9969749623588517,0.0
2026-10-05T15:29:08.826788+00:00,1,4,159,160,15314,15328,4.992437405897129,5.990924887076555,0.003914070926223349,0.0042495627198996366,6,1.9969749623588517,0.0
2026-10-05T15:29:08.826788+00:00,1,1,346,381,32032,33762,47.92739909661244,82.87446093789235,0.025401521521204597,0.03922058826072785,6,1.9969749623588517,0.0
2026-10-05T15:29:08.826788+00:00,1,6,9,11,726,782,0.0,0.9984874811794259,0.0,0.0003354917936762871,6,1.9969749623588517,0.0
2026-10-05T15:29:08.826788+00:00,1,5,8,11,656,782,0.0,0.9984874811794259,0.0,0.0003354917936762871,6,1.9969749623588517,0.0
2026-10-05T15:29:08.826788+00:00,1,2,82,48,4656,2940,72.8895861260981,36.94403680363876,0.03139244640828115,0.017014226679297417,6,1.9969749623588517,0.0
2026-10-05T15:29:08.826788+00:00,1,3,158,161,15244,15398,4.992437405897129,5.990924887076555,0.003914070926223349,0.0042495627198996366,6,1.9969749623588517,0.0
2026-10-05T15:29:08.826788+00:00,2,4294967294,0,0,0,0,0.0,0.0,0.0,0.0,6,1.9967065184544037,0.0
2026-10-05T15:29:08.826788+00:00,2,1,384,346,33940,32020,84.86002703431215,47.92095644290569,0.04007789323841679,0.025302265001854205,6,1.9967065184544037,0.0
2026-10-05T15:29:08.826788+00:00,2,6,346,384,32020,33940,47.92095644290569,84.86002703431215,0.025302265001854205,0.04007789323841679,6,1.9967065184544037,0.0
2026-10-05T15:29:08.826788+00:00,2,4,8,11,656,782,0.0,0.9983532592272019,0.0,0.0003354466951003398,6,1.9967065184544037,0.0
2026-10-05T15:29:08.826788+00:00,2,2,8,11,656,782,0.0,0.9983532592272019,0.0,0.0003354466951003398,6,1.9967065184544037,0.0
2026-10-05T15:29:08.826788+00:00,2,5,9,12,726,852,0.0,1.9967065184544037,0.0,0.0008945245202675729,6,1.9967065184544037,0.0
2026-10-05T15:29:08.826788+00:00,2,3,8,12,656,852,0.0,1.9967065184544037,0.0,0.0008945245202675729,6,1.9967065184544037,0.0
2026-10-05T15:29:08.826788+00:00,3,4294967294,0,0,0,0,0.0,0.0,0.0,0.0,6,1.99670068971584,0.0
2026-10-05T15:29:08.826788+00:00,3,1,381,346,33762,32032,82.86307862320736,47.92081655318016,0.039215201546019096,0.025398032773185485,6,1.99670068971584,0.0
2026-10-05T15:29:08.826788+00:00,3,2,345,382,31962,33832,46.92246620832224,82.86307862320736,0.02483895658006505,0.039215201546019096,6,1.99670068971584,0.0
2026-10-05T15:29:09.828064+00:00,1,4294967294,0,0,0,0,0.0,0.0,0.0,0.0,6,0.0,1.994691947197381
2026-10-05T15:29:09.828064+00:00,1,4,163,164,15706,15720,3.989383894394762,3.989383894394762,0.0031276769732054934,0.0031276769732054934,6,0.0,1.994691947197381
2026-10-05T15:29:09.828064+00:00,1,1,1211,2102,82562,127092,862.7042671628673,1716.4324205633463,0.40316713636753465,0.7446583977277262,6,0.0,1.994691947197381
2026-10-05T15:29:09.828064+00:00,1,6,9,12,726,852,0.0,0.9973459735986905,0.0,0.0005585137452152667,6,0.0,1.994691947197381
2026-10-05T15:29:09.828064+00:00,1,5,8,11,656,782,0.0,0.0,0.0,0.0,6,0.0,1.994691947197381
2026-10-05T15:29:09.828064+00:00,1,2,1794,904,97104,52588,1707.4563068009581,853.7281534004791,0.737621124538014,0.39612986317782234,6,0.0,1.994691947197381
2026-10-05T15:29:09.828064+00:00,1,3,163,166,15734,15888,4.986729867993453,4.986729867993453,0.003909596216506867,0.003909596216506867,6,0.0,1.994691947197381
2026-10-05T15:29:09.828064+00:00,2,4294967294,0,0,0,0,0.0,0.0,0.0,0.0,6,0.0,1.992203152379657
2026-10-05T15:29:09.828064+00:00,2,1,2103,1210,127162,82492,1712.2986094703151,860.6317618280118,0.7428686490845455,0.40220191002762423,6,0.0,1.992203152379657
2026-10-05T15:29:09.828064+00:00,2,6,1210,2103,82492,127162,860.6317618280118,1712.2986094703151,0.40220191002762423,0.7428686490845455,6,0.0,1.992203152379657
2026-10-05T15:29:09.828064+00:00,2,4,8,11,656,782,0.0,0.0,0.0,0.0,6,0.0,1.992203152379657
2026-10-05T15:29:09.828064+00:00,2,2,8,11,656,782,0.0,0.0,0.0,0.0,6,0.0,1.992203152379657
2026-10-05T15:29:09.828064+00:00,2,5,9,12,726,852,0.0,0.0,0.0,0.0,6,0.0,1.992203152379657
2026-10-05T15:29:09.828064+00:00,2,3,8,12,656,852,0.0,0.0,0.0,0.0,6,0.0,1.992203152379657
2026-10-05T15:29:09.828064+00:00,3,4294967294,0,0,0,0,0.0,0.0,0.0,0.0,6,0.0,0.9962022995121999
2026-10-05T15:29:09.828064+00:00,3,1,2102,1211,127092,82562,1714.464157460496,861.7149890780529,0.7438044849077889,0.40270481755481163,6,0.0,0.9962022995121999
2026-10-05T15:29:09.828064+00:00,3,2,1210,2103,82492,127162,861.7149890780529,1714.464157460496,0.40270481755481163,0.7438044849077889,6,0.0,0.9962022995121999
2026-10-05T15:29:10.829640+00:00,1,4294967294,0,0,0,0,0.0,0.0,0.0,0.0,6,0.0,0.0
2026-10-05T15:29:10.829640+00:00,1,4,168,169,16196,16210,4.993831424662934,4.993831424662934,0.0039151638369357405,0.0039151638369357405,6,0.0,0.0
2026-10-05T15:29:10.829640+00:00,1,1,2093,3857,134078,222258,880.9118633105415,1752.83483005669,0.41161955147669715,0.7603887381751564,6,0.0,0.0
2026-10-05T15:29:10.829640+00:00,1,6,9,12,726,852,0.0,0.0,0.0,0.0,6,0.0,0.0
2026-10-05T15:29:10.829640+00:00,1,5,9,12,726,852,0.9987662849325868,0.9987662849325868,0.0005593091195622486,0.0005593091195622486,6,0.0,0.0
2026-10-05T15:29:10.829640+00:00,1,2,3542,1778,191496,103280,1745.8434660621617,872.9217330310809,0.7542043773388539,0.4050356841264215,6,0.0,0.0
2026-10-05T15:29:10.829640+00:00,1,3,168,170,16196,16280,4.993831424662934,3.995065139730347,0.003691440189110841,0.0031321310695485924,6,0.0,0.0
2026-10-05T15:29:10.829640+00:00,2,4294967294,0,0,0,0,0.0,0.0,0.0,0.0,6,0.0,0.0
2026-10-05T15:29:10.829640+00:00,2,1,3860,2094,222436,134136,1757.2770066037663,884.1393704255717,0.7623121663160717,0.4132171370702102,6,0.0,0.0
2026-10-05T15:29:10.829640+00:00,2,6,2093,3860,134066,222436,883.1392127667192,1757.2770066037663,0.4126570487812528,0.7623121663160717,6,0.0,0.0
2026-10-05T15:29:10.829640+00:00,2,4,8,11,656,782,0.0,0.0,0.0,0.0,6,0.0,0.0
2026-10-05T15:29:10.829640+00:00,2,2,9,11,726,782,1.0001576588524566,0.0,0.0005600882889573757,0.0,6,0.0,0.0
2026-10-05T15:29:10.829640+00:00,2,5,9,12,726,852,0.0,0.0,0.0,0.0,6,0.0,0.0
2026-10-05T15:29:10.829640+00:00,2,3,9,12,726,852,1.0001576588524566,0.0,0.0005600882889573757,0.0,6,0.0,0.0
2026-10-05T15:29:10.829640+00:00,3,4294967294,0,0,0,0,0.0,0.0,0.0,0.0,6,0.0,0.0
2026-10-05T15:29:10.829640+00:00,3,1,3859,2094,222366,134136,1758.1505548219116,883.5782241933682,0.7626911142178842,0.41286218196646685,6,0.0,0.0
2026-10-05T15:29:10.829640+00:00,3,2,2094,3860,134136,222436,884.5788790339043,1758.1505548219116,0.41342254867716705,0.7626911142178842,6,0.0,0.0
2026-10-05T15:29:11.832288+00:00,1,4294967294,0,0,0,0,0.0,0.0,0.0,0.0,6,0.0,0.0
2026-10-05T15:29:11.832288+00:00,1,4,173,174,16686,16700,4.987113796674428,4.987113796674428,0.003909897216592751,0.003909897216592751,6,0.0,0.0
2026-10-05T15:29:11.832288+00:00,1,1,2986,5633,186272,318602,890.6985240860528,1771.4228205787567,0.4164758680058001,0.7687655866028816,6,0.0,0.0
2026-10-05T15:29:11.832288+00:00,1,6,9,12,726,852,0.0,0.0,0.0,0.0,6,0.0,0.0
2026-10-05T15:29:11.832288+00:00,1,5,9,12,726,852,0.0,0.0,0.0,0.0,6,0.0,0.0
2026-10-05T15:29:11.832288+00:00,1,2,5306,2660,286752,154436,1759.453747466738,879.726873733369,0.7600840189056308,0.4081932694122832,6,0.0,0.0
2026-10-05T15:29:11.832288+00:00,1,3,173,175,16686,16770,4.987113796674428,4.987113796674428,0.003909897216592751,0.003909897216592751,6,0.0,0.0
2026-10-05T15:29:11.832288+00:00,2,4294967294,0,0,0,0,0.0,0.0,0.0,0.0,6,0.0,0.9960096080224192
2026-10-05T15:29:11.832288+00:00,2,1,5634,2986,318672,186272,1766.9210446317718,888.440570355998,0.7668158451011643,0.4154236553908548,6,0.0,0.9960096080224192
2026-10-05T15:29:11.832288+00:00,2,6,2985,5634,186202,318672,888.440570355998,1766.9210446317718,0.4154236553908548,0.7668158451011643,6,0.0,0.9960096080224192
2026-10-05T15:29:11.832288+00:00,2,4,8,11,656,782,0.0,0.0,0.0,0.0,6,0.0,0.9960096080224192
2026-10-05T15:29:11.832288+00:00,2,2,9,11,726,782,0.0,0.0,0.0,0.0,6,0.0,0.9960096080224192
2026-10-05T15:29:11.832288+00:00,2,5,9,12,726,852,0.0,0.0,0.0,0.0,6,0.0,0.9960096080224192
2026-10-05T15:29:11.832288+00:00,2,3,9,12,726,852,0.0,0.0,0.0,0.0,6,0.0,0.9960096080224192
2026-10-05T15:29:11.832288+00:00,3,4294967294,0,0,0,0,0.0,0.0,0.0,0.0,6,0.0,0.9953772728506382
2026-10-05T15:29:11.832288+00:00,3,1,5633,2986,318602,186272,1765.799282037032,887.8765273827692,0.7663290178404322,0.4151599159787269,6,0.0,0.9953772728506382
2026-10-05T15:29:11.832288+00:00,3,2,2986,5634,186272,318672,887.8765273827692,1765.799282037032,0.4151599159787269,0.7663290178404322,6,0.0,0.9953772728506382
2026-10-05T15:29:12.833633+00:00,1,4294967294,0,0,0,0,0.0,0.0,0.0,0.0,6,0.0,0.0
2026-10-05T15:29:12.833633+00:00,1,4,178,179,17176,17190,4.997419372599394,4.997419372599394,0.003917976788117924,0.003917976788117924,6,0.0,0.0
2026-10-05T15:29:12.833633+00:00,1,1,3853,7358,236958,412208,866.5525192087348,1724.1096835467908,0.4052787173113166,0.7484615004664621,6,0.0,0.0
2026-10-05T15:29:12.833633+00:00,1,6,9,12,726,852,0.0,0.0,0.0,0.0,6,0.0,0.0
2026-10-05T15:29:12.833633+00:00,1,5,9,12,726,852,0.0,0.0,0.0,0.0,6,0.0,0.0
2026-10-05T15:29:12.833633+00:00,1,2,7020,3517,379308,204142,1713.115360927072,856.557680463536,0.7400658359204951,0.3974427637350807,6,0.0,0.0
2026-10-05T15:29:12.833633+00:00,1,3,178,180,17176,17260,4.997419372599394,4.997419372599394,0.003917976788117924,0.003917976788117924,6,0.0,0.0
2026-10-05T15:29:12.833633+00:00,2,4294967294,0,0,0,0,0.0,0.0,0.0,0.0,6,0.0,0.0
2026-10-05T15:29:12.833633+00:00,2,1,7358,3853,412208,236958,1725.104133920487,867.5552692047924,0.7487672402338128,0.40574769434753505,6,0.0,0.0
2026-10-05T15:29:12.833633+00:00,2,6,3852,7358,236888,412208,867.5552692047924,1725.104133920487,0.40574769434753505,0.7487672402338128,6,0.0,0.0
2026-10-05T15:29:12.833633+00:00,2,4,9,12,726,852,1.000640448909795,1.000640448909795,0.0005603586513894853,0.0005603586513894853,6,0.0,0.0
2026-10-05T15:29:12.833633+00:00,2,2,9,12,726,852,0.0,1.000640448909795,0.0,0.0005603586513894853,6,0.0,0.0
2026-10-05T15:29:12.833633+00:00,2,5,9,12,726,852,0.0,0.0,0.0,0.0,6,0.0,0.0
2026-10-05T15:29:12.833633+00:00,2,3,9,12,726,852,0.0,0.0,0.0,0.0,6,0.0,0.0
2026-10-05T15:29:12.833633+00:00,3,4294967294,0,0,0,0,0.0,0.0,0.0,0.0,6,0.0,0.0
2026-10-05T15:29:12.833633+00:00,3,1,7358,3853,412208,236958,1726.2780223111122,867.6423451268024,0.7494028083777574,0.40578841896283374,6,0.0,0.0
2026-10-05T15:29:12.833633+00:00,3,2,3853,7358,236958,412208,867.6423451268024,1725.277281428613,0.40578841896283374,0.748842393483558,6,0.0,0.0
2026-10-05T15:29:13.835597+00:00,1,4294967294,0,0,0,0,0.0,0.0,0.0,0.0,6,0.0,0.0
2026-10-05T15:29:13.835597+00:00,1,4,183,184,17666,17680,4.9825996310443195,4.9825996310443195,0.003906358110738747,0.003906358110738747,6,0.0,0.0
2026-10-05T15:29:13.835597+00:00,1,1,4739,9120,288746,507796,882.9166546210533,1755.868109980018,0.4128621915080371,0.762042773651623,6,0.0,0.0
2026-10-05T15:29:13.835597+00:00,1,6,9,12,726,852,0.0,0.0,0.0,0.0,6,0.0,0.0
2026-10-05T15:29:13.835597+00:00,1,5,9,12,726,852,0.0,0.0,0.0,0.0,6,0.0,0.0
2026-10-05T15:29:13.835597+00:00,1,2,8772,4393,473916,254950,1745.9029107179294,872.9514553589647,0.7542300574301455,0.4050494752865596,6,0.0,0.0
2026-10-05T15:29:13.835597+00:00,1,3,183,185,17666,17750,4.9825996310443195,4.9825996310443195,0.003906358110738747,0.003906358110738747,6,0.0,0.0
2026-10-05T15:29:13.835597+00:00,2,4294967294,0,0,0,0,0.0,0.0,0.0,0.0,6,0.0,0.9956769935268386
2026-10-05T15:29:13.835597+00:00,2,1,9120,4739,507796,288746,1754.3828625942895,882.169816264779,0.7613981796579476,0.41251296112614333,6,0.0,0.9956769935268386
2026-10-05T15:29:13.835597+00:00,2,6,4738,9120,288676,507796,882.169816264779,1754.3828625942895,0.41251296112614333,0.7613981796579476,6,0.0,0.9956769935268386
2026-10-05T15:29:13.835597+00:00,2,4,9,12,726,852,0.0,0.0,0.0,0.0,6,0.0,0.9956769935268386
2026-10-05T15:29:13.835597+00:00,2,2,9,12,726,852,0.0,0.0,0.0,0.0,6,0.0,0.9956769935268386
2026-10-05T15:29:13.835597+00:00,2,5,9,12,726,852,0.0,0.0,0.0,0.0,6,0.0,0.9956769935268386
2026-10-05T15:29:13.835597+00:00,2,3,9,12,726,852,0.0,0.0,0.0,0.0,6,0.0,0.9956769935268386
2026-10-05T15:29:13.835597+00:00,3,4294967294,0,0,0,0,0.0,0.0,0.0,0.0,6,0.0,0.0
2026-10-05T15:29:13.835597+00:00,3,1,9120,4739,507796,288746,1754.435881280207,882.1964760580382,0.7614211896472755,0.412525427558408,6,0.0,0.0
2026-10-05T15:29:13.835597+00:00,3,2,4739,9120,288746,507796,882.1964760580382,1754.435881280207,0.412525427558408,0.7614211896472755,6,0.0,0.0
2026-10-05T15:29:14.837646+00:00,1,4294967294,0,0,0,0,0.0,0.0,0.0,0.0,6,0.0,0.0
2026-10-05T15:29:14.837646+00:00,1,4,188,190,18156,18240,4.994503264464095,5.993403917356914,0.003915690559339851,0.004475074924959829,6,0.0,0.0
2026-10-05T15:29:14.837646+00:00,1,1,5607,10845,339474,601374,867.0457667109669,1723.1036262401128,0.4053778585595754,0.7478010023712338,6,0.0,0.0
2026-10-05T15:29:14.837646+00:00,1,6,9,12,726,852,0.0,0.0,0.0,0.0,6,0.0,0.0
2026-10-05T15:29:14.837646+00:00,1,5,9,12,726,852,0.0,0.0,0.0,0.0,6,0.0,0.0
2026-10-05T15:29:14.837646+00:00,1,2,10487,5251,566514,304698,1713.1146197111846,857.0567601820387,0.739969621252554,0.39754647744089566,6,0.0,0.0
2026-10-05T15:29:14.837646+00:00,1,3,188,190,18156,18240,4.994503264464095,4.994503264464095,0.003915690559339851,0.003915690559339851,6,0.0,0.0
2026-10-05T15:29:14.837646+00:00,2,4294967294,0,0,0,0,0.0,0.0,0.0,0.0,6,0.0,0.0
2026-10-05T15:29:14.837646+00:00,2,1,10845,5607,601374,339474,1723.3839931703717,867.1868440996421,0.7479226773931458,0.4054438177648539,6,0.0,0.0
2026-10-05T15:29:14.837646+00:00,2,6,5607,10845,339474,601374,868.1859072840887,1723.3839931703717,0.406003293148144,0.7479226773931458,6,0.0,0.0
2026-10-05T15:29:14.837646+00:00,2,4,9,12,726,852,0.0,0.0,0.0,0.0,6,0.0,0.0
2026-10-05T15:29:14.837646+00:00,2,2,9,12,726,852,0.0,0.0,0.0,0.0,6,0.0,0.0
2026-10-05T15:29:14.837646+00:00,2,5,9,12,726,852,0.0,0.0,0.0,0.0,6,0.0,0.0
2026-10-05T15:29:14.837646+00:00,2,3,9,12,726,852,0.0,0.0,0.0,0.0,6,0.0,0.0
2026-10-05T15:29:14.837646+00:00,3,4294967294,0,0,0,0,0.0,0.0,0.0,0.0,6,0.0,0.0
2026-10-05T15:29:14.837646+00:00,3,1,10845,5607,601374,339474,1723.157914898095,867.0730841342298,0.7478245628305342,0.40539063052498814,6,0.0,0.0
2026-10-05T15:29:14.837646+00:00,3,2,5607,10845,339474,601374,867.0730841342298,1723.157914898095,0.40539063052498814,0.7478245628305342,6,0.0,0.0
2026-10-05T15:29:15.839056+00:00,1,4294967294,0,0,0,0,0.0,0.0,0.0,0.0,6,0.0,0.0
2026-10-05T15:29:15.839056+00:00,1,4,193,195,18646,18730,4.987252960472023,4.987252960472023,0.0039100063210100655,0.0039100063210100655,6,0.0,0.0
2026-10-05T15:29:15.839056+00:00,1,1,6503,12627,391842,698042,893.7157305165865,1777.456955112229,0.4178759408543982,0.7713724306926552,6,0.0,0.0
2026-10-05T15:29:15.839056+00:00,1,6,9,12,726,852,0.0,0.0,0.0,0.0,6,0.0,0.0
2026-10-05T15:29:15.839056+00:00,1,5,9,12,726,852,0.0,0.0,0.0,0.0,6,0.0,0.0
2026-10-05T15:29:15.839056+00:00,1,2,12259,6137,662202,356086,1767.4824491912848,883.7412245956424,0.763552418050635,0.41005592821237813,6,0.0,0.0
2026-10-05T15:29:15.839056+00:00,1,3,193,195,18646,18730,4.987252960472023,4.987252960472023,0.0039100063210100655,0.0039100063210100655,6,0.0,0.0
2026-10-05T15:29:15.839056+00:00,2,4294967294,0,0,0,0,0.0,0.0,0.0,0.0,6,0.0,0.0
2026-10-05T15:29:15.839056+00:00,2,1,12627,6503,698042,391842,1775.2998815515525,892.6311413412968,0.7704363140283972,0.4173688179442949,6,0.0,0.0
2026-10-05T15:29:15.839056+00:00,2,6,6503,12627,391842,698042,892.6311413412968,1775.2998815515525,0.4173688179442949,0.7704363140283972,6,0.0,0.0
2026-10-05T15:29:15.839056+00:00,2,4,9,12,726,852,0.0,0.0,0.0,0.0,6,0.0,0.0
2026-10-05T15:29:15.839056+00:00,2,2,9,12,726,852,0.0,0.0,0.0,0.0,6,0.0,0.0
2026-10-05T15:29:15.839056+00:00,2,5,9,12,726,852,0.0,0.0,0.0,0.0,6,0.0,0.0
2026-10-05T15:29:15.839056+00:00,2,3,9,12,726,852,0.0,0.0,0.0,0.0,6,0.0,0.0
2026-10-05T15:29:15.839056+00:00,3,4294967294,0,0,0,0,0.0,0.0,0.0,0.0,6,0.0,0.0
2026-10-05T15:29:15.839056+00:00,3,1,12627,6503,698042,391842,1774.666100053065,892.3124723050204,0.7701612685069795,0.4172198174077617,6,0.0,0.0
2026-10-05T15:29:15.839056+00:00,3,2,6503,12627,391842,698042,892.3124723050204,1774.666100053065,0.4172198174077617,0.7701612685069795,6,0.0,0.0
2026-10-05T15:29:16.840937+00:00,1,4294967294,0,0,0,0,0.0,0.0,0.0,0.0,6,0.0,0.0
2026-10-05T15:29:16.840937+00:00,1,4,198,200,19136,19220,4.994059266858231,4.994059266858231,0.003915342465216853,0.003915342465216853,6,0.0,0.0
2026-10-05T15:29:16.840937+00:00,1,1,7384,14379,443340,793090,879.9532428204203,1749.9183671071241,0.41149450259946424,0.7594805523141458,6,0.0,0.0
2026-10-05T15:29:16.840937+00:00,1,6,9,12,726,852,0.0,0.0,0.0,0.0,6,0.0,0.0
2026-10-05T15:29:16.840937+00:00,1,5,9,12,726,852,0.0,0.0,0.0,0.0,6,0.0,0.0
2026-10-05T15:29:16.840937+00:00,1,2,14001,7008,756270,406604,1739.9302485734077,869.9651242867038,0.7516498673837121,0.4036638176690306,6,0.0,0.0
2026-10-05T15:29:16.840937+00:00,1,3,198,200,19136,19220,4.994059266858231,4.994059266858231,0.003915342465216853,0.003915342465216853,6,0.0,0.0
2026-10-05T15:29:16.840937+00:00,2,4294967294,0,0,0,0,0.0,0.0,0.0,0.0,6,0.0,0.0
2026-10-05T15:29:16.840937+00:00,2,1,14379,7384,793090,443340,1752.126328307693,881.0635246798388,0.760438827639222,0.41201370618808025,6,0.0,0.0
2026-10-05T15:29:16.840937+00:00,2,6,7384,14379,443340,793090,881.0635246798388,1752.126328307693,0.41201370618808025,0.760438827639222,6,0.0,0.0
2026-10-05T15:29:16.840937+00:00,2,4,9,12,726,852,0.0,0.0,0.0,0.0,6,0.0,0.0
2026-10-05T15:29:16.840937+00:00,2,2,9,12,726,852,0.0,0.0,0.0,0.0,6,0.0,0.0
2026-10-05T15:29:16.840937+00:00,2,5,9,12,726,852,0.0,0.0,0.0,0.0,6,0.0,0.0
2026-10-05T15:29:16.840937+00:00,2,3,9,12,726,852,0.0,0.0,0.0,0.0,6,0.0,0.0
2026-10-05T15:29:16.840937+00:00,3,4294967294,0,0,0,0,0.0,0.0,0.0,0.0,6,0.0,0.0
2026-10-05T15:29:16.840937+00:00,3,1,14379,7384,793090,443340,1752.7752156708532,881.3898202089165,0.7607204506807456,0.4121662924959708,6,0.0,0.0
2026-10-05T15:29:16.840937+00:00,3,2,7384,14379,443340,793090,881.3898202089165,1752.7752156708532,0.4121662924959708,0.7607204506807456,6,0.0,0.0
2026-10-05T15:29:17.842481+00:00,1,4294967294,0,0,0,0,0.0,0.0,0.0,0.0,6,0.0,0.0
2026-10-05T15:29:17.842481+00:00,1,4,203,205,19626,19710,4.988866391773744,4.988866391773744,0.003911271251150615,0.003911271251150615,6,0.0,0.0
2026-10-05T15:29:17.842481+00:00,1,1,8234,16068,493024,884724,848.1072866015364,1685.2390671411706,0.39658694049421866,0.7314396527100724,6,0.0,0.0
2026-10-05T15:29:17.842481+00:00,1,6,9,12,726,852,0.0,0.0,0.0,0.0,6,0.0,0.0
2026-10-05T15:29:17.842481+00:00,1,5,9,12,726,852,0.0,0.0,0.0,0.0,6,0.0,0.0
2026-10-05T15:29:17.842481+00:00,1,2,15679,7847,846882,455266,1674.2635610792684,837.1317805396342,0.7232818583862439,0.38842914617039026,6,0.0,0.0
2026-10-05T15:29:17.842481+00:00,1,3,204,206,19668,19752,5.9866396701284925,5.9866396701284925,0.004246523072677811,0.004246523072677811,6,0.0,0.0
2026-10-05T15:29:17.842481+00:00,2,4294967294,0,0,0,0,0.0,0.0,0.0,0.0,6,0.0,0.0
2026-10-05T15:29:17.842481+00:00,2,1,16068,8234,884724,493024,1684.983171983871,847.9785057349262,0.7313285872424868,0.39652672074290896,6,0.0,0.0
2026-10-05T15:29:17.842481+00:00,2,6,8234,16068,493024,884724,847.9785057349262,1684.983171983871,0.39652672074290896,0.7313285872424868,6,0.0,0.0
2026-10-05T15:29:17.842481+00:00,2,4,9,12,726,852,0.0,0.0,0.0,0.0,6,0.0,0.0
2026-10-05T15:29:17.842481+00:00,2,2,9,12,726,852,0.0,0.0,0.0,0.0,6,0.0,0.0
2026-10-05T15:29:17.842481+00:00,2,5,9,12,726,852,0.0,0.0,0.0,0.0,6,0.0,0.0
2026-10-05T15:29:17.842481+00:00,2,3,9,12,726,852,0.0,0.0,0.0,0.0,6,0.0,0.0
2026-10-05T15:29:17.842481+00:00,3,4294967294,0,0,0,0,0.0,0.0,0.0,0.0,6,0.0,0.0
2026-10-05T15:29:17.842481+00:00,3,1,16068,8234,884724,493024,1685.1938935346259,848.0845526965257,0.7314200461345265,0.3965763097992865,6,0.0,0.0
2026-10-05T15:29:17.842481+00:00,3,2,8234,16068,493024,884724,848.0845526965257,1685.1938935346259,0.3965763097992865,0.7314200461345265,6,0.0,0.0
2026-10-05T15:29:18.843707+00:00,1,4294967294,0,0,0,0,0.0,0.0,0.0,0.0,6,0.0,0.0
2026-10-05T15:29:18.843707+00:00,1,4,208,210,20116,20200,5.0025950862054,5.0025950862054,0.003922034547585033,0.003922034547585033,6,0.0,0.0
2026-10-05T15:29:18.843707+00:00,1,1,9121,17832,544870,980420,887.4603682928379,1764.9155464132648,0.4149832717430482,0.765965342991219,6,0.0,0.0
2026-10-05T15:29:18.843707+00:00,1,6,9,12,726,852,0.0,0.0,0.0,0.0,6,0.0,0.0
2026-10-05T15:29:18.843707+00:00,1,5,9,12,726,852,0.0,0.0,0.0,0.0,6,0.0,0.0
2026-10-05T15:29:18.843707+00:00,1,2,17433,8724,941598,506132,1754.910356240854,877.455178120427,0.758121273896049,0.4071392026478782,6,0.0,0.0
2026-10-05T15:29:18.843707+00:00,1,3,209,211,20158,20242,5.0025950862054,5.0025950862054,0.003922034547585033,0.003922034547585033,6,0.0,0.0
2026-10-05T15:29:18.843707+00:00,2,4294967294,0,0,0,0,0.0,0.0,0.0,0.0,6,0.0,0.0
2026-10-05T15:29:18.843707+00:00,2,1,17834,9122,980528,544928,1767.9907806052104,889.0010267142846,0.7672959852552732,0.415700083698903,6,0.0,0.0
2026-10-05T15:29:18.843707+00:00,2,6,9122,17834,544928,980528,889.0010267142846,1767.9907806052104,0.415700083698903,0.7672959852552732,6,0.0,0.0
2026-10-05T15:29:18.843707+00:00,2,4,9,12,726,852,0.0,0.0,0.0,0.0,6,0.0,0.0
2026-10-05T15:29:18.843707+00:00,2,2,9,12,726,852,0.0,0.0,0.0,0.0,6,0.0,0.0
2026-10-05T15:29:18.843707+00:00,2,5,9,12,726,852,0.0,0.0,0.0,0.0,6,0.0,0.0
2026-10-05T15:29:18.843707+00:00,2,3,9,12,726,852,0.0,0.0,0.0,0.0,6,0.0,0.0
2026-10-05T15:29:18.843707+00:00,3,4294967294,0,0,0,0,0.0,0.0,0.0,0.0,6,0.0,0.0
2026-10-05T15:29:18.843707+00:00,3,1,17834,9122,980528,544928,1767.7834707845827,888.896784856574,0.7672060142017947,0.4156513398305911,6,0.0,0.0
2026-10-05T15:29:18.843707+00:00,3,2,9122,17834,544928,980528,888.896784856574,1767.7834707845827,0.4156513398305911,0.7672060142017947,6,0.0,0.0
2026-10-05T15:29:19.845774+00:00,1,4294967294,0,0,0,0,0.0,0.0,0.0,0.0,6,0.0,0.0
2026-10-05T15:29:19.845774+00:00,1,4,213,215,20606,20690,4.98854196263375,4.98854196263375,0.00391101689870486,0.00391101689870486,6,0.0,0.0
2026-10-05T15:29:19.845774+00:00,1,1,9992,19564,595788,1074388,869.0040098907992,1728.030935856331,0.4064105274454165,0.7500212978316292,6,0.0,0.0
2026-10-05T15:29:19.845774+00:00,1,6,9,12,726,852,0.0,0.0,0.0,0.0,6,0.0,0.0
2026-10-05T15:29:19.845774+00:00,1,5,9,12,726,852,0.0,0.0,0.0,0.0,6,0.0,0.0
2026-10-05T15:29:19.845774+00:00,1,2,19155,9585,1034586,556070,1718.0538519310635,859.0269259655317,0.7421992640342194,0.39858849364800675,6,0.0,0.0
2026-10-05T15:29:19.845774+00:00,1,3,214,216,20648,20732,4.98854196263375,4.98854196263375,0.00391101689870486,0.00391101689870486,6,0.0,0.0
2026-10-05T15:29:19.845774+00:00,2,4294967294,0,0,0,0,0.0,0.0,0.0,0.0,6,0.0,0.0
2026-10-05T15:29:19.845774+00:00,2,1,19564,9992,1074388,595788,1724.7993797336408,867.384659172409,0.7486227504360671,0.40565686221157443,6,0.0,0.0
2026-10-05T15:29:19.845774+00:00,2,6,9992,19564,595788,1074388,867.384659172409,1724.7993797336408,0.40565686221157443,0.7486227504360671,6,0.0,0.0
2026-10-05T15:29:19.845774+00:00,2,4,9,12,726,852,0.0,0.0,0.0,0.0,6,0.0,0.0
2026-10-05T15:29:19.845774+00:00,2,2,9,12,726,852,0.0,0.0,0.0,0.0,6,0.0,0.0
2026-10-05T15:29:19.845774+00:00,2,5,9,12,726,852,0.0,0.0,0.0,0.0,6,0.0,0.0
2026-10-05T15:29:19.845774+00:00,2,3,9,12,726,852,0.0,0.0,0.0,0.0,6,0.0,0.0
2026-10-05T15:29:19.845774+00:00,3,4294967294,0,0,0,0,0.0,0.0,0.0,0.0,6,0.0,0.0
2026-10-05T15:29:19.845774+00:00,3,1,19564,9992,1074388,595788,1724.996284305224,867.4836805465578,0.7487082138491946,0.4057031723457281,6,0.0,0.0
2026-10-05T15:29:19.845774+00:00,3,2,9992,19564,595788,1074388,867.4836805465578,1724.996284305224,0.4057031723457281,0.7487082138491946,6,0.0,0.0
2026-10-05T15:29:20.847841+00:00,1,4294967294,0,0,0,0,0.0,0.0,0.0,0.0,6,0.0,0.0
2026-10-05T15:29:20.847841+00:00,1,4,217,219,20998,21082,3.9861732644380194,3.9861732644380194,0.003125159839319407,0.003125159839319407,6,0.0,0.0
2026-10-05T15:29:20.847841+00:00,1,1,10859,21289,646434,1167934,864.0030550669406,1719.0372202888957,0.4037674623014558,0.7457811283902379,6,0.0,0.0
2026-10-05T15:29:20.847841+00:00,1,6,9,12,726,852,0.0,0.0,0.0,0.0,6,0.0,0.0
2026-10-05T15:29:20.847841+00:00,1,5,9,12,726,852,0.0,0.0,0.0,0.0,6,0.0,0.0
2026-10-05T15:29:20.847841+00:00,1,2,20872,10443,1127304,605834,1711.0648737600197,855.0341652219552,0.7391800254643286,0.39673585266298717,6,0.0,0.0
2026-10-05T15:29:20.847841+00:00,1,3,219,221,21138,21222,4.982716580547524,4.982716580547524,0.003906449799149259,0.003906449799149259,6,0.0,0.0
2026-10-05T15:29:20.847841+00:00,2,4294967294,0,0,0,0,0.0,0.0,0.0,0.0,6,0.0,0.0
2026-10-05T15:29:20.847841+00:00,2,1,21291,10860,1168042,646492,1721.4560490736985,865.2135788048467,0.7468268434045081,0.4043298552969673,6,0.0,0.0
2026-10-05T15:29:20.847841+00:00,2,6,10860,21291,646492,1168042,865.2135788048467,1721.4560490736985,0.4043298552969673,0.7468268434045081,6,0.0,0.0
2026-10-05T15:29:20.847841+00:00,2,4,9,12,726,852,0.0,0.0,0.0,0.0,6,0.0,0.0
2026-10-05T15:29:20.847841+00:00,2,2,9,12,726,852,0.0,0.0,0.0,0.0,6,0.0,0.0
2026-10-05T15:29:20.847841+00:00,2,5,9,12,726,852,0.0,0.0,0.0,0.0,6,0.0,0.0
2026-10-05T15:29:20.847841+00:00,2,3,9,12,726,852,0.0,0.0,0.0,0.0,6,0.0,0.0
2026-10-05T15:29:20.847841+00:00,3,4294967294,0,0,0,0,0.0,0.0,0.0,0.0,6,0.0,0.0
2026-10-05T15:29:20.847841+00:00,3,1,21291,10860,1168042,646492,1721.234726002925,865.1023405735605,0.7467308258440206,0.4042778716722748,6,0.0,0.0
2026-10-05T15:29:20.847841+00:00,3,2,10860,21291,646492,1168042,865.1023405735605,1721.234726002925,0.4042778716722748,0.7467308258440206,6,0.0,0.0
2026-10-05T15:29:21.850006+00:00,1,4294967294,0,0,0,0,0.0,0.0,0.0,0.0,6,0.0,0.0
2026-10-05T15:29:21.850006+00:00,1,4,223,225,21530,21614,5.990121851779628,5.990121851779628,0.004248993100195683,0.004248993100195683,6,0.0,0.0
2026-10-05T15:29:21.850006+00:00,1,1,11732,23025,697412,1262062,871.5627294339359,1733.1419224482393,0.4071525756800292,0.7517842528857505,6,0.0,0.0
2026-10-05T15:29:21.850006+00:00,1,6,9,12,726,852,0.0,0.0,0.0,0.0,6,0.0,0.0
2026-10-05T15:29:21.850006+00:00,1,5,9,12,726,852,0.0,0.0,0.0,0.0,6,0.0,0.0
2026-10-05T15:29:21.850006+00:00,1,2,22597,11306,1220454,655888,1722.1600323866433,861.5791930143032,0.7439731339910298,0.39977274555863673,6,0.0,0.0
2026-10-05T15:29:21.850006+00:00,1,3,223,225,21530,21614,3.993414567853086,3.993414567853086,0.003130837021196819,0.003130837021196819,6,0.0,0.0
2026-10-05T15:29:21.850006+00:00,2,4294967294,0,0,0,0,0.0,0.0,0.0,0.0,6,0.0,0.0
2026-10-05T15:29:21.850006+00:00,2,1,23027,11733,1262170,697470,1732.6544106680112,871.3175694200311,0.7515727851030349,0.4070380486038428,6,0.0,0.0
2026-10-05T15:29:21.850006+00:00,2,6,11733,23027,697470,1262170,871.3175694200311,1732.6544106680112,0.4070380486038428,0.7515727851030349,6,0.0,0.0
2026-10-05T15:29:21.850006+00:00,2,4,9,12,726,852,0.0,0.0,0.0,0.0,6,0.0,0.0
2026-10-05T15:29:21.850006+00:00,2,2,9,12,726,852,0.0,0.0,0.0,0.0,6,0.0,0.0
2026-10-05T15:29:21.850006+00:00,2,5,9,12,726,852,0.0,0.0,0.0,0.0,6,0.0,0.0
2026-10-05T15:29:21.850006+00:00,2,3,9,12,726,852,0.0,0.0,0.0,0.0,6,0.0,0.0
2026-10-05T15:29:21.850006+00:00,3,4294967294,0,0,0,0,0.0,0.0,0.0,0.0,6,0.0,0.0
2026-10-05T15:29:21.850006+00:00,3,1,23027,11733,1262170,697470,1733.0104322256907,871.4966056065829,0.7517272164264508,0.40712168577880764,6,0.0,0.0
2026-10-05T15:29:21.850006+00:00,3,2,11733,23027,697470,1262170,871.4966056065829,1733.0104322256907,0.40712168577880764,0.7517272164264508,6,0.0,0.0
2026-10-05T15:29:22.851970+00:00,1,4294967294,0,0,0,0,0.0,0.0,0.0,0.0,6,0.0,0.0
2026-10-05T15:29:22.851970+00:00,1,4,228,230,22020,22104,4.9913670812284785,4.9913670812284785,0.0039132317916831276,0.0039132317916831276,6,0.0,0.0
2026-10-05T15:29:22.851970+00:00,1,1,12600,24751,748156,1355706,866.5013253012639,1723.019916440071,0.40525108987177266,0.7478585263272954,6,0.0,0.0
2026-10-05T15:29:22.851970+00:00,1,6,9,12,726,852,0.0,0.0,0.0,0.0,6,0.0,0.0
2026-10-05T15:29:22.851970+00:00,1,5,9,12,726,852,0.0,0.0,0.0,0.0,6,0.0,0.0
2026-10-05T15:29:22.851970+00:00,1,2,24313,12164,1313118,705652,1713.037182277614,856.518591138807,0.7400320627439292,0.3974246262884064,6,0.0,0.0
2026-10-05T15:29:22.851970+00:00,1,3,228,230,22020,22104,4.9913670812284785,4.9913670812284785,0.0039132317916831276,0.0039132317916831276,6,0.0,0.0
2026-10-05T15:29:22.851970+00:00,2,4294967294,0,0,0,0,0.0,0.0,0.0,0.0,6,0.0,0.0
2026-10-05T15:29:22.851970+00:00,2,1,24751,12600,1355706,748156,1721.5978407573919,865.7919535595469,0.7472453625665123,0.4049230076873743,6,0.0,0.0
2026-10-05T15:29:22.851970+00:00,2,6,12600,24751,748156,1355706,865.7919535595469,1721.5978407573919,0.4049230076873743,0.7472453625665123,6,0.0,0.0
2026-10-05T15:29:22.851970+00:00,2,4,9,12,726,852,0.0,0.0,0.0,0.0,6,0.0,0.0
2026-10-05T15:29:22.851970+00:00,2,2,9,12,726,852,0.0,0.0,0.0,0.0,6,0.0,0.0
2026-10-05T15:29:22.851970+00:00,2,5,9,12,726,852,0.0,0.0,0.0,0.0,6,0.0,0.0
2026-10-05T15:29:22.851970+00:00,2,3,9,12,726,852,0.0,0.0,0.0,0.0,6,0.0,0.0
2026-10-05T15:29:22.851970+00:00,3,4294967294,0,0,0,0,0.0,0.0,0.0,0.0,6,0.0,0.0
2026-10-05T15:29:22.851970+00:00,3,1,24751,12600,1355706,748156,1721.2457022190906,865.6148630069325,0.7470925197344077,0.40484018404954447,6,0.0,0.0
2026-10-05T15:29:22.851970+00:00,3,2,12600,24751,748156,1355706,865.6148630069325,1721.2457022190906,0.40484018404954447,0.7470925197344077,6,0.0,0.0
2026-10-05T15:29:23.853842+00:00,1,4294967294,0,0,0,0,0.0,0.0,0.0,0.0,6,0.0,0.0
2026-10-05T15:29:23.853842+00:00,1,4,233,235,22510,22594,4.994953817949461,4.994953817949461,0.003916043793272377,0.003916043793272377,6,0.0,0.0
2026-10-05T15:29:23.853842+00:00,1,1,13465,26471,798726,1449026,864.1270105052567,1718.2641133746145,0.40415170331792677,0.7458065444656699,6,0.0,0.0
2026-10-05T15:29:23.853842+00:00,1,6,9,12,726,852,0.0,0.0,0.0,0.0,6,0.0,0.0
2026-10-05T15:29:23.853842+00:00,1,5,9,12,726,852,0.0,0.0,0.0,0.0,6,0.0,0.0
2026-10-05T15:29:23.853842+00:00,1,2,26023,13019,1405458,755242,1708.2742057387156,854.1371028693578,0.7379744568791251,0.39631961573138197,6,0.0,0.0
2026-10-05T15:29:23.853842+00:00,1,3,233,235,22510,22594,4.994953817949461,4.994953817949461,0.003916043793272377,0.003916043793272377,6,0.0,0.0
2026-10-05T15:29:23.853842+00:00,2,4294967294,0,0,0,0,0.0,0.0,0.0,0.0,6,0.0,0.0
2026-10-05T15:29:23.853842+00:00,2,1,26471,13465,1449026,798726,1718.7250016691644,864.3587944440857,0.7460065914221695,0.4042601085321379,6,0.0,0.0
2026-10-05T15:29:23.853842+00:00,2,6,13465,26471,798726,1449026,864.3587944440857,1718.7250016691644,0.4042601085321379,0.7460065914221695,6,0.0,0.0
2026-10-05T15:29:23.853842+00:00,2,4,9,12,726,852,0.0,0.0,0.0,0.0,6,0.0,0.0
2026-10-05T15:29:23.853842+00:00,2,2,9,12,726,852,0.0,0.0,0.0,0.0,6,0.0,0.0
2026-10-05T15:29:23.853842+00:00,2,5,9,12,726,852,0.0,0.0,0.0,0.0,6,0.0,0.0
2026-10-05T15:29:23.853842+00:00,2,3,9,12,726,852,0.0,0.0,0.0,0.0,6,0.0,0.0
2026-10-05T15:29:23.853842+00:00,3,4294967294,0,0,0,0,0.0,0.0,0.0,0.0,6,0.0,0.0
2026-10-05T15:29:23.853842+00:00,3,1,26471,13465,1449026,798726,1718.7281411763959,864.3603733241758,0.7460079541143314,0.4042608469734434,6,0.0,0.0
2026-10-05T15:29:23.853842+00:00,3,2,13465,26471,798726,1449026,864.3603733241758,1718.7281411763959,0.4042608469734434,0.7460079541143314,6,0.0,0.0
2026-10-05T15:29:24.855643+00:00,1,4294967294,0,0,0,0,0.0,0.0,0.0,0.0,6,0.0,0.0
2026-10-05T15:29:24.855643+00:00,1,4,238,240,23000,23084,4.983649075960786,4.983649075960786,0.0039071808755532554,0.0039071808755532554,6,0.0,0.0
2026-10-05T15:29:24.855643+00:00,1,1,14342,28215,849992,1543642,874.1320479235218,1738.296797695122,0.408786805645129,0.7544527055537691,6,0.0,0.0
2026-10-05T15:29:24.855643+00:00,1,6,9,12,726,852,0.0,0.0,0.0,0.0,6,0.0,0.0
2026-10-05T15:29:24.855643+00:00,1,5,9,12,726,852,0.0,0.0,0.0,0.0,6,0.0,0.0
2026-10-05T15:29:24.855643+00:00,1,2,27757,13886,1499094,805528,1728.3294995432004,864.1647497716002,0.7466383438026626,0.4009724438940225,6,0.0,0.0
2026-10-05T15:29:24.855643+00:00,1,3,238,240,23000,23084,4.983649075960786,4.983649075960786,0.0039071808755532554,0.0039071808755532554,6,0.0,0.0
2026-10-05T15:29:24.855643+00:00,2,4294967294,0,0,0,0,0.0,0.0,0.0,0.0,6,0.0,0.0
2026-10-05T15:29:24.855643+00:00,2,1,28215,14342,1543642,849992,1737.2520197749636,873.6066636139009,0.7539992527661832,0.40854111030175816,6,0.0,0.0
2026-10-05T15:29:24.855643+00:00,2,6,14342,28215,849992,1543642,873.6066636139009,1737.2520197749636,0.40854111030175816,0.7539992527661832,6,0.0,0.0
2026-10-05T15:29:24.855643+00:00,2,4,9,12,726,852,0.0,0.0,0.0,0.0,6,0.0,0.0
2026-10-05T15:29:24.855643+00:00,2,2,9,12,726,852,0.0,0.0,0.0,0.0,6,0.0,0.0
2026-10-05T15:29:24.855643+00:00,2,5,9,12,726,852,0.0,0.0,0.0,0.0,6,0.0,0.0
2026-10-05T15:29:24.855643+00:00,2,3,9,12,726,852,0.0,0.0,0.0,0.0,6,0.0,0.0
2026-10-05T15:29:24.855643+00:00,3,4294967294,0,0,0,0,0.0,0.0,0.0,0.0,6,0.0,0.0
2026-10-05T15:29:24.855643+00:00,3,1,28215,14342,1543642,849992,1737.237775898421,873.5995008388275,0.7539930706624083,0.4085377606385709,6,0.0,0.0
2026-10-05T15:29:24.855643+00:00,3,2,14342,28215,849992,1543642,873.5995008388275,1737.237775898421,0.4085377606385709,0.7539930706624083,6,0.0,0.0
2026-10-05T15:29:25.857435+00:00,1,4294967294,0,0,0,0,0.0,0.0,0.0,0.0,6,0.0,0.0
2026-10-05T15:29:25.857435+00:00,1,4,243,245,23490,23574,4.99077326301964,4.99077326301964,0.003912766238207398,0.003912766238207398,6,0.0,0.0
2026-10-05T15:29:25.857435+00:00,1,1,15211,29943,900794,1637394,867.3963931128134,1724.8112396995875,0.405666021292678,0.7486319599273876,6,0.0,0.0
2026-10-05T15:29:25.857435+00:00,1,6,9,12,726,852,0.0,0.0,0.0,0.0,6,0.0,0.0
2026-10-05T15:29:25.857435+00:00,1,5,9,12,726,852,0.0,0.0,0.0,0.0,6,0.0,0.0
2026-10-05T15:29:25.857435+00:00,1,2,29475,14745,1591866,855350,1714.8296931735483,857.4148465867742,0.7408064274509728,0.3978404888162632,6,0.0,0.0
2026-10-05T15:29:25.857435+00:00,1,3,243,245,23490,23574,4.99077326301964,4.99077326301964,0.003912766238207398,0.003912766238207398,6,0.0,0.0
2026-10-05T15:29:25.857435+00:00,2,4294967294,0,0,0,0,0.0,0.0,0.0,0.0,6,0.0,0.0
2026-10-05T15:29:25.857435+00:00,2,1,29944,15211,1637448,900794,1726.0167905518813,867.5006309945545,0.7491531801249729,0.40571477151470986,6,0.0,0.0
2026-10-05T15:29:25.857435+00:00,2,6,15212,29944,900852,1637448,868.498905598691,1726.0167905518813,0.4061779709310292,0.7491531801249729,6,0.0,0.0
2026-10-05T15:29:25.857435+00:00,2,4,9,12,726,852,0.0,0.0,0.0,0.0,6,0.0,0.0
2026-10-05T15:29:25.857435+00:00,2,2,9,12,726,852,0.0,0.0,0.0,0.0,6,0.0,0.0
2026-10-05T15:29:25.857435+00:00,2,5,9,12,726,852,0.0,0.0,0.0,0.0,6,0.0,0.0
2026-10-05T15:29:25.857435+00:00,2,3,9,12,726,852,0.0,0.0,0.0,0.0,6,0.0,0.0
2026-10-05T15:29:25.857435+00:00,3,4294967294,0,0,0,0,0.0,0.0,0.0,0.0,6,0.0,0.0
2026-10-05T15:29:25.857435+00:00,3,1,29943,15211,1637394,900794,1725.0204687423598,867.5016130423094,0.7487227730811746,0.40571523080115446,6,0.0,0.0
2026-10-05T15:29:25.857435+00:00,3,2,15211,29943,900794,1637394,867.5016130423094,1725.0204687423598,0.40571523080115446,0.7487227730811746,6,0.0,0.0
2026-10-05T15:29:26.858978+00:00,1,4294967294,0,0,0,0,0.0,0.0,0.0,0.0,6,0.0,0.0
2026-10-05T15:29:26.858978+00:00,1,4,248,250,23980,24064,4.9969779726283425,4.9969779726283425,0.003917630730540621,0.003917630730540621,6,0.0,0.0
2026-10-05T15:29:26.858978+00:00,1,1,16094,31699,952408,1732658,882.4663099661653,1754.9386639870738,0.41266243372678285,0.7616513753351464,6,0.0,0.0
2026-10-05T15:29:26.858978+00:00,1,6,9,12,726,852,0.0,0.0,0.0,0.0,6,0.0,0.0
2026-10-05T15:29:26.858978+00:00,1,5,9,12,726,852,0.0,0.0,0.0,0.0,6,0.0,0.0
2026-10-05T15:29:26.858978+00:00,1,2,31221,15618,1686150,905984,1744.9447080418172,872.4723540209086,0.753816113874065,0.4048271722657016,6,0.0,0.0
2026-10-05T15:29:26.858978+00:00,1,3,248,250,23980,24064,4.9969779726283425,4.9969779726283425,0.003917630730540621,0.003917630730540621,6,0.0,0.0
2026-10-05T15:29:26.858978+00:00,2,4294967294,0,0,0,0,0.0,0.0,0.0,0.0,6,0.0,0.0
2026-10-05T15:29:26.858978+00:00,2,1,31701,16095,1732766,952466,1756.6645947615264,883.8312474497378,0.7623984329811232,0.41329708794771813,6,0.0,0.0
2026-10-05T15:29:26.858978+00:00,2,6,16095,31701,952466,1732766,882.8314383462879,1756.6645947615264,0.41283317652371737,0.7623984329811232,6,0.0,0.0
2026-10-05T15:29:26.858978+00:00,2,4,9,12,726,852,0.0,0.0,0.0,0.0,6,0.0,0.0
2026-10-05T15:29:26.858978+00:00,2,2,9,12,726,852,0.0,0.0,0.0,0.0,6,0.0,0.0
2026-10-05T15:29:26.858978+00:00,2,5,9,12,726,852,0.0,0.0,0.0,0.0,6,0.0,0.0
2026-10-05T15:29:26.858978+00:00,2,3,9,12,726,852,0.0,0.0,0.0,0.0,6,0.0,0.0
2026-10-05T15:29:26.858978+00:00,3,4294967294,0,0,0,0,0.0,0.0,0.0,0.0,6,0.0,0.0
2026-10-05T15:29:26.858978+00:00,3,1,31699,16094,1732658,952408,1755.5448434006753,882.7711256963532,0.7619144599622867,0.4128049728805579,6,0.0,0.0
2026-10-05T15:29:26.858978+00:00,3,2,16094,31699,952408,1732658,882.7711256963532,1755.5448434006753,0.4128049728805579,0.7619144599622867,6,0.0,0.0
2026-10-05T15:29:27.861215+00:00,1,4294967294,0,0,0,0,0.0,0.0,0.0,0.0,6,0.0,0.0
2026-10-05T15:29:27.861215+00:00,1,4,253,255,24470,24554,4.988297279998293,4.988297279998293,0.003910825067518662,0.003910825067518662,6,0.0,0.0
2026-10-05T15:29:27.861215+00:00,1,1,16961,33423,1003094,1826194,864.9707483517041,1719.9649021434116,0.40453893749438957,0.7465365990110725,6,0.0,0.0
2026-10-05T15:29:27.861215+00:00,1,6,9,12,726,852,0.0,0.0,0.0,0.0,6,0.0,0.0
2026-10-05T15:29:27.861215+00:00,1,5,9,12,726,852,0.0,0.0,0.0,0.0,6,0.0,0.0
2026-10-05T15:29:27.861215+00:00,1,2,32935,16475,1778706,955690,1709.988307583415,854.9941537917075,0.7387149488760353,0.3967172873593523,6,0.0,0.0
2026-10-05T15:29:27.861215+00:00,1,3,253,255,24470,24554,4.988297279998293,4.988297279998293,0.003910825067518662,0.003910825067518662,6,0.0,0.0
2026-10-05T15:29:27.861215+00:00,2,4294967294,0,0,0,0,0.0,0.0,0.0,0.0,6,0.0,0.0
2026-10-05T15:29:27.861215+00:00,2,1,33423,16961,1826194,1003094,1717.5624746754465,863.7683525371293,0.7454979181601747,0.40398026930484787,6,0.0,0.0
2026-10-05T15:29:27.861215+00:00,2,6,16961,33423,1003094,1826194,863.7683525371293,1717.5624746754465,0.40398026930484787,0.7454979181601747,6,0.0,0.0
2026-10-05T15:29:27.861215+00:00,2,4,9,12,726,852,0.0,0.0,0.0,0.0,6,0.0,0.0
2026-10-05T15:29:27.861215+00:00,2,2,9,12,726,852,0.0,0.0,0.0,0.0,6,0.0,0.0
2026-10-05T15:29:27.861215+00:00,2,5,9,12,726,852,0.0,0.0,0.0,0.0,6,0.0,0.0
2026-10-05T15:29:27.861215+00:00,2,3,9,12,726,852,0.0,0.0,0.0,0.0,6,0.0,0.0
2026-10-05T15:29:27.861215+00:00,3,4294967294,0,0,0,0,0.0,0.0,0.0,0.0,6,0.0,0.0
2026-10-05T15:29:27.861215+00:00,3,1,33423,16961,1826194,1003094,1719.8935597782593,864.9348702597161,0.746505633445101,0.40452215763768373,6,0.0,0.0
2026-10-05T15:29:27.861215+00:00,3,2,16961,33423,1003094,1826194,864.9348702597161,1719.8935597782593,0.40452215763768373,0.746505633445101,6,0.0,0.0
2026-10-05T15:29:28.862269+00:00,1,4294967294,0,0,0,0,0.0,0.0,0.0,0.0,6,0.0,0.0
2026-10-05T15:29:28.862269+00:00,1,4,258,260,24960,25044,4.993639292019123,4.993639292019123,0.0039150132049429924,0.0039150132049429924,6,0.0,0.0
2026-10-05T15:29:28.862269+00:00,1,1,17855,35201,1055346,1922646,892.8627054130192,1775.7381322420001,0.41748422445853317,0.7706343951901256,6,0.0,0.0
2026-10-05T15:29:28.862269+00:00,1,6,9,12,726,852,0.0,0.0,0.0,0.0,6,0.0,0.0
2026-10-05T15:29:28.862269+00:00,1,5,9,12,726,852,0.0,0.0,0.0,0.0,6,0.0,0.0
2026-10-05T15:29:28.862269+00:00,1,2,34703,17359,1874178,1006962,1765.750853657962,882.875426828981,0.7628043687802395,0.40965419804864717,6,0.0,0.0
2026-10-05T15:29:28.862269+00:00,1,3,258,260,24960,25044,4.993639292019123,4.993639292019123,0.0039150132049429924,0.0039150132049429924,6,0.0,0.0
2026-10-05T15:29:28.862269+00:00,2,4294967294,0,0,0,0,0.0,0.0,0.0,0.0,6,0.0,0.0
2026-10-05T15:29:28.862269+00:00,2,1,35203,17856,1922754,1055404,1778.4001725426838,894.1955923739899,0.7717857108347036,0.418103878767226,6,0.0,0.0
2026-10-05T15:29:28.862269+00:00,2,6,17856,35203,1055404,1922754,894.1955923739899,1778.4001725426838,0.418103878767226,0.7717857108347036,6,0.0,0.0
2026-10-05T15:29:28.862269+00:00,2,4,9,12,726,852,0.0,0.0,0.0,0.0,6,0.0,0.0
2026-10-05T15:29:28.862269+00:00,2,2,9,12,726,852,0.0,0.0,0.0,0.0,6,0.0,0.0
2026-10-05T15:29:28.862269+00:00,2,5,9,12,726,852,0.0,0.0,0.0,0.0,6,0.0,0.0
2026-10-05T15:29:28.862269+00:00,2,3,9,12,726,852,0.0,0.0,0.0,0.0,6,0.0,0.0
2026-10-05T15:29:28.862269+00:00,3,4294967294,0,0,0,0,0.0,0.0,0.0,0.0,6,0.0,0.0
2026-10-05T15:29:28.862269+00:00,3,1,35202,17856,1922700,1055404,1777.186171807771,894.0874782281928,0.7712608373085138,0.4180533272502057,6,0.0,0.0
2026-10-05T15:29:28.862269+00:00,3,2,17856,35203,1055404,1922754,894.0874782281928,1778.1851522303723,0.4180533272502057,0.7716923968510776,6,0.0,0.0
2026-10-05T15:29:29.863331+00:00,1,4294967294,0,0,0,0,0.0,0.0,0.0,0.0,6,0.0,0.0
2026-10-05T15:29:29.863331+00:00,1,4,263,265,25394,25478,4.993730471279002,4.993730471279002,0.003467646439256139,0.003467646439256139,6,0.0,0.0
2026-10-05T15:29:29.863331+00:00,1,1,18749,36978,1107526,2018976,892.8790082646855,1774.7718094925572,0.41691656958614126,0.7696736900772899,6,0.0,0.0
2026-10-05T15:29:29.863331+00:00,1,6,9,12,726,852,0.0,0.0,0.0,0.0,6,0.0,0.0
2026-10-05T15:29:29.863331+00:00,1,5,9,12,726,852,0.0,0.0,0.0,0.0,6,0.0,0.0
2026-10-05T15:29:29.863331+00:00,1,2,36469,18242,1969542,1058176,1763.7856024557434,881.8928012278717,0.7619553802608812,0.4091982597697325,6,0.0,0.0
2026-10-05T15:29:29.863331+00:00,1,3,264,266,25492,25576,5.992476565534802,5.992476565534802,0.004250663377152686,0.004250663377152686,6,0.0,0.0
2026-10-05T15:29:29.863331+00:00,2,4294967294,0,0,0,0,0.0,0.0,0.0,0.0,6,0.0,0.0
2026-10-05T15:29:29.863331+00:00,2,1,36978,18749,2018976,1107526,1772.49701088743,891.7407497028028,0.768690512142469,0.41638800766861805,6,0.0,0.0
2026-10-05T15:29:29.863331+00:00,2,6,18749,36978,1107526,2018976,891.7407497028028,1772.49701088743,0.41638800766861805,0.768690512142469,6,0.0,0.0
2026-10-05T15:29:29.863331+00:00,2,4,9,12,726,852,0.0,0.0,0.0,0.0,6,0.0,0.0
2026-10-05T15:29:29.863331+00:00,2,2,9,12,726,852,0.0,0.0,0.0,0.0,6,0.0,0.0
2026-10-05T15:29:29.863331+00:00,2,5,9,12,726,852,0.0,0.0,0.0,0.0,6,0.0,0.0
2026-10-05T15:29:29.863331+00:00,2,3,9,12,726,852,0.0,0.0,0.0,0.0,6,0.0,0.0
2026-10-05T15:29:29.863331+00:00,3,4294967294,0,0,0,0,0.0,0.0,0.0,0.0,6,0.0,0.0
2026-10-05T15:29:29.863331+00:00,3,1,36978,18749,2018976,1107526,1773.7024664364722,891.8447649368072,0.7692116155794496,0.4164365763765847,6,0.0,0.0
2026-10-05T15:29:29.863331+00:00,3,2,18749,36978,1107526,2018976,891.8447649368072,1772.703760092758,0.4164365763765847,0.7687801744389651,6,0.0,0.0
2026-10-05T15:29:30.865407+00:00,1,4294967294,0,0,0,0,0.0,0.0,0.0,0.0,6,0.0,0.0
2026-10-05T15:29:30.865407+00:00,1,4,268,270,25884,25968,4.994910720435683,4.994910720435683,0.003916010004821575,0.003916010004821575,6,0.0,0.0
2026-10-05T15:29:30.865407+00:00,1,1,19626,38723,1158752,2113602,876.1073403644186,1743.2238414320532,0.40939087450406125,0.756237474931115,6,0.0,0.0
2026-10-05T15:29:30.865407+00:00,1,6,9,12,726,852,0.0,0.0,0.0,0.0,6,0.0,0.0
2026-10-05T15:29:30.865407+00:00,1,5,9,12,726,852,0.0,0.0,0.0,0.0,6,0.0,0.0
2026-10-05T15:29:30.865407+00:00,1,2,38205,19110,2063286,1108520,1734.2330021352689,867.1165010676344,0.7491886569224362,0.4023420564953824,6,0.0,0.0
2026-10-05T15:29:30.865407+00:00,1,3,268,270,25884,25968,3.995928576348546,3.995928576348546,0.00313280800385726,0.00313280800385726,6,0.0,0.0
2026-10-05T15:29:30.865407+00:00,2,4294967294,0,0,0,0,0.0,0.0,0.0,0.0,6,0.0,0.0
2026-10-05T15:29:30.865407+00:00,2,1,38723,19626,2113602,1158752,1743.5285194627784,876.2604650824394,0.7563696489750596,0.409462427222924,6,0.0,0.0
2026-10-05T15:29:30.865407+00:00,2,6,19626,38723,1158752,2113602,876.2604650824394,1743.5285194627784,0.409462427222924,0.7563696489750596,6,0.0,0.0
2026-10-05T15:29:30.865407+00:00,2,4,9,12,726,852,0.0,0.0,0.0,0.0,6,0.0,0.0
2026-10-05T15:29:30.865407+00:00,2,2,9,12,726,852,0.0,0.0,0.0,0.0,6,0.0,0.0
2026-10-05T15:29:30.865407+00:00,2,5,9,12,726,852,0.0,0.0,0.0,0.0,6,0.0,0.0
2026-10-05T15:29:30.865407+00:00,2,3,9,12,726,852,0.0,0.0,0.0,0.0,6,0.0,0.0
2026-10-05T15:29:30.865407+00:00,3,4294967294,0,0,0,0,0.0,0.0,0.0,0.0,6,0.0,0.0
2026-10-05T15:29:30.865407+00:00,3,1,38723,19626,2113602,1158752,1743.3383300942432,876.1648799384822,0.7562871418842309,0.40941776182192646,6,0.0,0.0
2026-10-05T15:29:30.865407+00:00,3,2,19626,38723,1158752,2113602,876.1648799384822,1743.3383300942432,0.40941776182192646,0.7562871418842309,6,0.0,0.0
2026-10-05T15:29:31.868090+00:00,1,4294967294,0,0,0,0,0.0,0.0,0.0,0.0,6,0.0,0.9976019444911444
2026-10-05T15:29:31.868090+00:00,1,4,273,275,26374,26458,4.988009722455722,4.988009722455722,0.003910599622405286,0.003910599622405286,6,0.0,0.9976019444911444
2026-10-05T15:29:31.868090+00:00,1,1,20499,40459,1209786,2207786,870.906497540769,1731.8369756366267,0.4072929410812885,0.7516651323196315,6,0.0,0.9976019444911444
2026-10-05T15:29:31.868090+00:00,1,6,9,12,726,852,0.0,0.0,0.0,0.0,6,0.0,0.9976019444911444
2026-10-05T15:29:31.868090+00:00,1,5,9,12,726,852,0.0,0.0,0.0,0.0,6,0.0,0.9976019444911444
2026-10-05T15:29:31.868090+00:00,1,2,39931,19973,2156490,1158574,1721.8609561917153,860.9304780958577,0.743843933074821,0.39947174183647793,6,0.0,0.9976019444911444
2026-10-05T15:29:31.868090+00:00,1,3,273,275,26374,26458,4.988009722455722,4.988009722455722,0.003910599622405286,0.003910599622405286,6,0.0,0.9976019444911444
2026-10-05T15:29:31.868090+00:00,2,4294967294,0,0,0,0,0.0,0.0,0.0,0.0,6,0.0,0.0
2026-10-05T15:29:31.868090+00:00,2,1,40460,20499,2207840,1209786,1732.5852964342178,870.7812111612391,0.7519879017403238,0.40723434896130745,6,0.0,0.0
2026-10-05T15:29:31.868090+00:00,2,6,20500,40461,1209844,2207894,871.778669593268,1733.5827548662467,0.40769716967376884,0.7524188037829604,6,0.0,0.0
2026-10-05T15:29:31.868090+00:00,2,4,9,12,726,852,0.0,0.0,0.0,0.0,6,0.0,0.0
2026-10-05T15:29:31.868090+00:00,2,2,9,12,726,852,0.0,0.0,0.0,0.0,6,0.0,0.0
2026-10-05T15:29:31.868090+00:00,2,5,9,12,726,852,0.0,0.0,0.0,0.0,6,0.0,0.0
2026-10-05T15:29:31.868090+00:00,2,3,9,12,726,852,0.0,0.0,0.0,0.0,6,0.0,0.0
2026-10-05T15:29:31.868090+00:00,3,4294967294,0,0,0,0,0.0,0.0,0.0,0.0,6,0.0,0.0
2026-10-05T15:29:31.868090+00:00,3,1,40459,20499,2207786,1209786,1731.5847808861333,870.7796737981535,0.7515556728247907,0.4072336299895988,6,0.0,0.0
2026-10-05T15:29:31.868090+00:00,3,2,20499,40459,1209786,2207786,870.7796737981535,1731.5847808861333,0.4072336299895988,0.7515556728247907,6,0.0,0.0
2026-10-05T15:29:32.869610+00:00,1,4294967294,0,0,0,0,0.0,0.0,0.0,0.0,6,0.0,0.0
2026-10-05T15:29:32.869610+00:00,1,4,279,280,26934,26948,5.984378874099648,4.98698239508304,0.0044683362259944044,0.003909794197745104,6,0.0,0.0
2026-10-05T15:29:32.869610+00:00,1,1,21387,42225,1261690,2303590,885.688073366748,1761.4021819433297,0.4141509347750242,0.7644365782056569,6,0.0,0.0
2026-10-05T15:29:32.869610+00:00,1,6,9,12,726,852,0.0,0.0,0.0,0.0,6,0.0,0.0
2026-10-05T15:29:32.869610+00:00,1,5,9,12,726,852,0.0,0.0,0.0,0.0,6,0.0,0.0
2026-10-05T15:29:32.869610+00:00,1,2,41687,20851,2251314,1209498,1751.4282171531636,875.7141085765818,0.7566169898101668,0.406331346379534,6,0.0,0.0
2026-10-05T15:29:32.869610+00:00,1,3,278,280,26864,26948,4.98698239508304,4.98698239508304,0.003909794197745104,0.003909794197745104,6,0.0,0.0
2026-10-05T15:29:32.869610+00:00,2,4294967294,0,0,0,0,0.0,0.0,0.0,0.0,6,0.0,0.0
2026-10-05T15:29:32.869610+00:00,2,1,42225,21387,2303590,1261690,1760.154002089266,885.5619002012851,0.7638968643628203,0.4140919357481757,6,0.0,0.0
2026-10-05T15:29:32.869610+00:00,2,6,21387,42225,1261690,2303590,884.5646458091666,1759.1567476971475,0.4136292097102327,0.763466050465425,6,0.0,0.0
2026-10-05T15:29:32.869610+00:00,2,4,9,12,726,852,0.0,0.0,0.0,0.0,6,0.0,0.0
2026-10-05T15:29:32.869610+00:00,2,2,9,12,726,852,0.0,0.0,0.0,0.0,6,0.0,0.0
2026-10-05T15:29:32.869610+00:00,2,5,9,12,726,852,0.0,0.0,0.0,0.0,6,0.0,0.0
2026-10-05T15:29:32.869610+00:00,2,3,9,12,726,852,0.0,0.0,0.0,0.0,6,0.0,0.0
2026-10-05T15:29:32.869610+00:00,3,4294967294,0,0,0,0,0.0,0.0,0.0,0.0,6,0.0,0.0
2026-10-05T15:29:32.869610+00:00,3,1,42225,21387,2303590,1261690,1761.1347507771984,885.5536006173002,0.7643205148967552,0.4140880548327959,6,0.0,0.0
2026-10-05T15:29:32.869610+00:00,3,2,21387,42225,1261690,2303590,885.5536006173002,1761.1347507771984,0.4140880548327959,0.7643205148967552,6,0.0,0.0
2026-10-05T15:29:33.871667+00:00,1,4294967294,0,0,0,0,0.0,0.0,0.0,0.0,6,0.0,0.0
2026-10-05T15:29:33.871667+00:00,1,4,284,285,27424,27438,4.98050227986764,4.98050227986764,0.0039047137874162296,0.0039047137874162296,6,0.0,0.0
2026-10-05T15:29:33.871667+00:00,1,1,22266,43973,1313072,2398422,875.572300800731,1741.1835970417267,0.4094530690306545,0.7556975875270527,6,0.0,0.0
2026-10-05T15:29:33.871667+00:00,1,6,9,12,726,852,0.0,0.0,0.0,0.0,6,0.0,0.0
2026-10-05T15:29:33.871667+00:00,1,5,9,12,726,852,0.0,0.0,0.0,0.0,6,0.0,0.0
2026-10-05T15:29:33.871667+00:00,1,2,43425,21720,2345166,1259900,1731.2225924819916,865.6112962409958,0.7478881599522202,0.40164364145582204,6,0.0,0.0
2026-10-05T15:29:33.871667+00:00,1,3,283,285,27354,27438,4.98050227986764,4.98050227986764,0.0039047137874162296,0.0039047137874162296,6,0.0,0.0
2026-10-05T15:29:33.871667+00:00,2,4294967294,0,0,0,0,0.0,0.0,0.0,0.0,6,0.0,0.0
2026-10-05T15:29:33.871667+00:00,2,1,43973,22266,2398422,1313072,1737.7497441102248,873.8455521011944,0.7542072482080587,0.4086455714044466,6,0.0,0.0
2026-10-05T15:29:33.871667+00:00,2,6,22266,43974,1313072,2398476,873.8455521011944,1738.7438801194412,0.4086455714044466,0.7546367149640402,6,0.0,0.0
2026-10-05T15:29:33.871667+00:00,2,4,9,12,726,852,0.0,0.0,0.0,0.0,6,0.0,0.0
2026-10-05T15:29:33.871667+00:00,2,2,9,12,726,852,0.0,0.0,0.0,0.0,6,0.0,0.0
2026-10-05T15:29:33.871667+00:00,2,5,9,12,726,852,0.0,0.0,0.0,0.0,6,0.0,0.0
2026-10-05T15:29:33.871667+00:00,2,3,9,12,726,852,0.0,0.0,0.0,0.0,6,0.0,0.0
2026-10-05T15:29:33.871667+00:00,3,4294967294,0,0,0,0,0.0,0.0,0.0,0.0,6,0.0,0.0
2026-10-05T15:29:33.871667+00:00,3,1,43973,22266,2398422,1313072,1737.59773561928,873.7691130488256,0.7541412744359156,0.40860982540773383,6,0.0,0.0
2026-10-05T15:29:33.871667+00:00,3,2,22266,43973,1313072,2398422,873.7691130488256,1737.59773561928,0.40860982540773383,0.7541412744359156,6,0.0,0.0
2026-10-05T15:29:34.873107+00:00,1,4294967294,0,0,0,0,0.0,0.0,0.0,0.0,6,0.0,0.0
2026-10-05T15:29:34.873107+00:00,1,4,289,290,27914,27928,5.00832085933865,5.00832085933865,0.003926523553721501,0.003926523553721501,6,0.0,0.0
2026-10-05T15:29:34.873107+00:00,1,1,23112,45655,1362540,2489690,847.4078894000996,1684.7991370815218,0.3964025860316229,0.7313590851041919,6,0.0,0.0
2026-10-05T15:29:34.873107+00:00,1,6,9,12,726,852,0.0,0.0,0.0,0.0,6,0.0,0.0
2026-10-05T15:29:34.873107+00:00,1,5,9,12,726,852,0.0,0.0,0.0,0.0,6,0.0,0.0
2026-10-05T15:29:34.873107+00:00,1,2,45097,22556,2435454,1308388,1674.7824953628447,837.3912476814223,0.7235060379967488,0.3885495389241799,6,0.0,0.0
2026-10-05T15:29:34.873107+00:00,1,3,288,290,27844,27928,5.00832085933865,5.00832085933865,0.003926523553721501,0.003926523553721501,6,0.0,0.0
2026-10-05T15:29:34.873107+00:00,2,4294967294,0,0,0,0,0.0,0.0,0.0,0.0,6,0.0,0.0
2026-10-05T15:29:34.873107+00:00,2,1,45655,23112,2489690,1362540,1689.4690989617031,849.7567525098697,0.7333862816838845,0.3975013431031511,6,0.0,0.0
2026-10-05T15:29:34.873107+00:00,2,6,23112,45656,1362540,2489760,849.7567525098697,1689.4690989617031,0.3975013431031511,0.7335148500814274,6,0.0,0.0
2026-10-05T15:29:34.873107+00:00,2,4,9,12,726,852,0.0,0.0,0.0,0.0,6,0.0,0.0
2026-10-05T15:29:34.873107+00:00,2,2,9,12,726,852,0.0,0.0,0.0,0.0,6,0.0,0.0
2026-10-05T15:29:34.873107+00:00,2,5,9,12,726,852,0.0,0.0,0.0,0.0,6,0.0,0.0
2026-10-05T15:29:34.873107+00:00,2,3,9,12,726,852,0.0,0.0,0.0,0.0,6,0.0,0.0
2026-10-05T15:29:34.873107+00:00,3,4294967294,0,0,0,0,0.0,0.0,0.0,0.0,6,0.0,0.0
2026-10-05T15:29:34.873107+00:00,3,1,45655,23112,2489690,1362540,1689.7705535226903,849.9083759097479,0.7335171409222777,0.3975722698771008,6,0.0,0.0
2026-10-05T15:29:34.873107+00:00,3,2,23112,45655,1362540,2489690,849.9083759097479,1689.7705535226903,0.3975722698771008,0.7335171409222777,6,0.0,0.0
2026-10-05T15:29:35.874382+00:00,1,4294967294,0,0,0,0,0.0,0.0,0.0,0.0,6,0.0,0.9977619600576908
2026-10-05T15:29:35.874382+00:00,1,4,294,295,28404,28418,4.988809800288454,4.988809800288454,0.0039112268834261485,0.0039112268834261485,6,0.0,0.9977619600576908
2026-10-05T15:29:35.874382+00:00,1,1,24024,47469,1415836,2588086,909.9589075726141,1809.940195544651,0.4254137713858775,0.7854062865746924,6,0.0,0.9977619600576908
2026-10-05T15:29:35.874382+00:00,1,6,9,12,726,852,0.0,0.0,0.0,0.0,6,0.0,0.9977619600576908
2026-10-05T15:29:35.874382+00:00,1,5,9,12,726,852,0.0,0.0,0.0,0.0,6,0.0,0.9977619600576908
2026-10-05T15:29:35.874382+00:00,1,2,46901,23458,2532870,1360704,1799.9625759440742,899.9812879720371,0.77758383280784,0.41759131761902524,6,0.0,0.9977619600576908
2026-10-05T15:29:35.874382+00:00,1,3,293,295,28334,28418,4.988809800288454,4.988809800288454,0.0039112268834261485,0.0039112268834261485,6,0.0,0.9977619600576908
2026-10-05T15:29:35.874382+00:00,2,4294967294,0,0,0,0,0.0,0.0,0.0,0.0,6,0.0,0.9969412526420557
2026-10-05T15:29:35.874382+00:00,2,1,47469,24024,2588086,1415836,1808.451432292689,909.2104224095548,0.7847602519597418,0.425063848006488,6,0.0,0.9969412526420557
2026-10-05T15:29:35.874382+00:00,2,6,24024,47470,1415836,2588156,909.2104224095548,1808.451432292689,0.425063848006488,0.7847602519597418,6,0.0,0.9969412526420557
2026-10-05T15:29:35.874382+00:00,2,4,9,12,726,852,0.0,0.0,0.0,0.0,6,0.0,0.9969412526420557
2026-10-05T15:29:35.874382+00:00,2,2,9,12,726,852,0.0,0.0,0.0,0.0,6,0.0,0.9969412526420557
2026-10-05T15:29:35.874382+00:00,2,5,9,12,726,852,0.0,0.0,0.0,0.0,6,0.0,0.9969412526420557
2026-10-05T15:29:35.874382+00:00,2,3,9,12,726,852,0.0,0.0,0.0,0.0,6,0.0,0.9969412526420557
2026-10-05T15:29:35.874382+00:00,3,4294967294,0,0,0,0,0.0,0.0,0.0,0.0,6,0.0,0.0
2026-10-05T15:29:35.874382+00:00,3,1,47469,24024,2588086,1415836,1808.3357968010366,909.152285933046,0.7847100730409472,0.42503666869375106,6,0.0,0.0
2026-10-05T15:29:35.874382+00:00,3,2,24024,47469,1415836,2588086,909.152285933046,1808.3357968010366,0.42503666869375106,0.7847100730409472,6,0.0,0.0
2026-10-05T15:29:36.875864+00:00,1,4294967294,0,0,0,0,0.0,0.0,0.0,0.0,6,0.0,0.0
2026-10-05T15:29:36.875864+00:00,1,4,299,300,28894,28908,4.995762359564542,4.995762359564542,0.003916677689898601,0.003916677689898601,6,0.0,0.0
2026-10-05T15:29:36.875864+00:00,1,1,24941,49293,1469422,2687022,916.222816744137,1822.454108769145,0.4283246748794009,0.7908171916894041,6,0.0,0.0
2026-10-05T15:29:36.875864+00:00,1,6,10,12,796,852,0.9991524719129083,0.0,0.0005595253842712287,0.0,6,0.0,0.0
2026-10-05T15:29:36.875864+00:00,1,5,9,12,726,852,0.0,0.0,0.0,0.0,6,0.0,0.0
2026-10-05T15:29:36.875864+00:00,1,2,48715,24365,2630826,1413310,1812.462584050016,906.231292025008,0.7829838363096068,0.42049131949960367,6,0.0,0.0
2026-10-05T15:29:36.875864+00:00,1,3,298,300,28824,28908,4.995762359564542,4.995762359564542,0.003916677689898601,0.003916677689898601,6,0.0,0.0
2026-10-05T15:29:36.875864+00:00,2,4294967294,0,0,0,0,0.0,0.0,0.0,0.0,6,0.0,0.0
2026-10-05T15:29:36.875864+00:00,2,1,49294,24941,2687092,1469422,1822.5277884403315,915.7577983560461,0.790975062892377,0.428107283600498,6,0.0,0.0
2026-10-05T15:29:36.875864+00:00,2,6,24941,49294,1469422,2687092,915.7577983560461,1821.5291430768027,0.428107283600498,0.7904158214888007,6,0.0,0.0
2026-10-05T15:29:36.875864+00:00,2,4,9,12,726,852,0.0,0.0,0.0,0.0,6,0.0,0.0
2026-10-05T15:29:36.875864+00:00,2,2,9,12,726,852,0.0,0.0,0.0,0.0,6,0.0,0.0
2026-10-05T15:29:36.875864+00:00,2,5,9,12,726,852,0.0,0.0,0.0,0.0,6,0.0,0.0
2026-10-05T15:29:36.875864+00:00,2,3,9,12,726,852,0.0,0.0,0.0,0.0,6,0.0,0.0
2026-10-05T15:29:36.875864+00:00,3,4294967294,0,0,0,0,0.0,0.0,0.0,0.0,6,0.0,0.0
2026-10-05T15:29:36.875864+00:00,3,1,49293,24941,2687022,1469422,1821.7065079425151,915.8469669864509,0.7904927853938626,0.4281489690114369,6,0.0,0.0
2026-10-05T15:29:36.875864+00:00,3,2,24941,49294,1469422,2687092,915.8469669864509,1822.7052505455538,0.4281489690114369,0.7910520812515642,6,0.0,0.0
2026-10-05T15:29:37.877642+00:00,1,4294967294,0,0,0,0,0.0,0.0,0.0,0.0,6,0.0,0.9979068673938086
2026-10-05T15:29:37.877642+00:00,1,4,304,305,29384,29398,4.989534336969043,4.989534336969043,0.003911794920183729,0.003911794920183729,6,0.0,0.9979068673938086
2026-10-05T15:29:37.877642+00:00,1,1,25839,51079,1521906,2783906,896.1203669196401,1782.261665165342,0.4189931522263732,0.773449671524654,6,0.0,0.9979068673938086
2026-10-05T15:29:37.877642+00:00,1,6,10,12,796,852,0.0,0.0,0.0,0.0,6,0.0,0.9979068673938086
2026-10-05T15:29:37.877642+00:00,1,5,9,12,726,852,0.0,0.0,0.0,0.0,6,0.0,0.9979068673938086
2026-10-05T15:29:37.877642+00:00,1,2,50491,25253,2726730,1464814,1772.282596491404,886.141298245702,0.7656260816842866,0.41116956238600577,6,0.0,0.9979068673938086
2026-10-05T15:29:37.877642+00:00,1,3,303,305,29314,29398,4.989534336969043,4.989534336969043,0.003911794920183729,0.003911794920183729,6,0.0,0.9979068673938086
2026-10-05T15:29:37.877642+00:00,2,4294967294,0,0,0,0,0.0,0.0,0.0,0.0,6,0.0,0.9986830017702574
2026-10-05T15:29:37.877642+00:00,2,1,51080,25839,2783976,1521906,1783.6478411616797,896.8173355896911,0.7740512315480769,0.4193190293192815,6,0.0,0.9986830017702574
2026-10-05T15:29:37.877642+00:00,2,6,25839,51080,1521906,2783976,896.8173355896911,1783.6478411616797,0.4193190293192815,0.7740512315480769,6,0.0,0.9986830017702574
2026-10-05T15:29:37.877642+00:00,2,4,9,12,726,852,0.0,0.0,0.0,0.0,6,0.0,0.9986830017702574
2026-10-05T15:29:37.877642+00:00,2,2,9,12,726,852,0.0,0.0,0.0,0.0,6,0.0,0.9986830017702574
2026-10-05T15:29:37.877642+00:00,2,5,9,12,726,852,0.0,0.0,0.0,0.0,6,0.0,0.9986830017702574
2026-10-05T15:29:37.877642+00:00,2,3,9,12,726,852,0.0,0.0,0.0,0.0,6,0.0,0.9986830017702574
2026-10-05T15:29:37.877642+00:00,3,4294967294,0,0,0,0,0.0,0.0,0.0,0.0,6,0.0,0.0
2026-10-05T15:29:37.877642+00:00,3,1,51079,25839,2783906,1521906,1783.6377234388356,896.8122484031771,0.7740468407509435,0.4193166507366801,6,0.0,0.0
2026-10-05T15:29:37.877642+00:00,3,2,25839,51080,1521906,2783976,896.8122484031771,1783.6377234388356,0.4193166507366801,0.7740468407509435,6,0.0,0.0
